product_id,sku,name,brand,category,price_vnd,old_price_vnd,discount_amount_vnd,discount_percent,rating,review_count,url,source,crawl_date
343122,,"Laptop Acer Aspire Lite 15 AL15 72P 581V - NX.D4CSV.001 (i5 13500H, 16GB, 512GB, Full HD, Win11)",Acer,laptop,20090000,20990000,900000,4,5.0,1150,https://www.thegioididong.com/laptop/acer-aspire-lite-15-al15-72p-581v-i5-13500h-nx-d4csv-001,thegioididong,2026-09-21
338323,,"Laptop Asus Vivobook 15 X1504VA - BQ185WS (Core 5 120U, 16GB, 512GB, Full HD, OfficeH24+365, Win11)",Asus,laptop,20090000,20590000,500000,2,5.0,5438,https://www.thegioididong.com/laptop/asus-x1504va-core-5-bq185ws,thegioididong,2026-09-21
363507,,Laptop MacBook Air 15 inch M5 16GB/512GB 70W,MacBook,laptop,41790000,41990000,200000,0,5.0,74,https://www.thegioididong.com/laptop/macbook-air-15-inch-m5-16gb-512gb-70w,thegioididong,2026-09-21
367376,,"Laptop Acer Aspire Lite 15 AL15-49P-R6XX - NX.DRZSV.002 (R5 7430U, 8GB, 512GB, Full HD, Win11)",Acer,laptop,19790000,20990000,1200000,5,5.0,56,https://www.thegioididong.com/laptop/acer-aspire-lite-15-al15-49p-r6xx-r5-7430u-nx-drzsv-002,thegioididong,2026-09-21
366746,,"Laptop Lenovo IdeaPad Slim 3 15ARP10 - 83K700YUVN (R5 7535HS, 16GB, 512GB, WUXGA, Win11)",Lenovo,laptop,22590000,25990000,3400000,13,4.9,724,https://www.thegioididong.com/laptop/lenovo-ideapad-slim-3-15arp10-r5-7535hs-83k700yuvn,thegioididong,2026-09-21
363263,,"Laptop Acer Aspire Go 15 AG15-72P-500W - NX.JRRSV.007 (Core 5 120U, 16GB, 512GB, Full HD, Win11)",Acer,laptop,21090000,23990000,2900000,12,5.0,144,https://www.thegioididong.com/laptop/acer-aspire-go-15-ag15-72p-500w-core-5-120u-nx-jrrsv-007,thegioididong,2026-09-21
368189,,"Laptop SingPC M16-i382 (i3 1215U, 8GB, 256GB, WUXGA, Win11 Pro)",SingPC,laptop,15190000,,,,5.0,18,https://www.thegioididong.com/laptop/singpc-m16-i382-i3-1215u?utm_flashsale=1,thegioididong,2026-09-21
364859,,"Laptop Dell 15 DC15250 - 71092479 (i5 1334U, 16GB, 512GB, Full HD 120Hz, OfficeHS24+365B, Win11)",Dell,laptop,23390000,24490000,1100000,4,5.0,544,https://www.thegioididong.com/laptop/dell-15-dc15250-i5-1334u-71092479,thegioididong,2026-09-21
337420,,"Laptop HP 245 G10 - B8PF9AT (R5 7530U, 8GB, 512GB, Full HD, Win11)",HP,laptop,20390000,22190000,1800000,8,4.9,6165,https://www.thegioididong.com/laptop/hp-245-g10-r5-b8pf9at,thegioididong,2026-09-21
367375,,"Laptop Acer Aspire Lite 14 AL14-44P-R0SP - NX.DMCSV.003 (R7 7730U, 8GB, 512GB, Full HD+, Win11)",Acer,laptop,22090000,22990000,900000,4,5.0,6,https://www.thegioididong.com/laptop/acer-aspire-lite-14-al14-44p-r0sp-r7-7730u-nx-dmcsv-003,thegioididong,2026-09-21
364397,,"Laptop Asus Vivobook 16 A1607QA - MB067W (X1 26 100, 16GB, 512GB, WUXGA, Win11)",Asus,laptop,20590000,22990000,2400000,10,5.0,444,https://www.thegioididong.com/laptop/asus-vivobook-16-a1607qa-x1-26-100-mb067w,thegioididong,2026-09-21
369212,,"Laptop MSI Modern 15 F1MG-1264VN (Core 5 120U, 16GB, 512GB, Full HD, Win11)",MSI,laptop,20290000,22390000,2100000,9,,,https://www.thegioididong.com/laptop/msi-modern-15-f1mg-1264vn-core-5-120u,thegioididong,2026-09-21
363487,,Laptop MacBook Air 13 inch M5 16GB/512GB/8GPU 70W,MacBook,laptop,35790000,36590000,800000,2,5.0,557,https://www.thegioididong.com/laptop/macbook-air-13-inch-m5-16gb-512gb-70w,thegioididong,2026-09-21
362025,,"Laptop Dell 15 DC15250 - DC5I5897W1 (i5 1334U, 16GB, 512GB, Full HD+ 120Hz, OfficeH24+365, Win11)",Dell,laptop,23390000,24490000,1100000,4,5.0,1950,https://www.thegioididong.com/laptop/dell-15-dc15250-i5-1334u-dc5i5897w1,thegioididong,2026-09-21
355729,,"Laptop HP 240R G10 - C3RU7AT (Core 5 120U, 16GB, 512GB, Full HD, Win11)",HP,laptop,24090000,29090000,5000000,17,4.9,2391,https://www.thegioididong.com/laptop/hp-240r-g10-core-5-120u-c3ru7at,thegioididong,2026-09-21
367016,,"Laptop Lenovo IdeaPad Slim 3 15IPH11 - 83UR00A4VN (Ultra 5 322, 16GB, 512GB, WUXGA, Win11)",Lenovo,laptop,25090000,31990000,6900000,21,5.0,111,https://www.thegioididong.com/laptop/lenovo-ideapad-slim-3-15iph11-ultra-5-322-83ur00a4vn,thegioididong,2026-09-21
360295,,"Laptop Acer Gaming Predator Helios Neo 16 AI PHN16 73 757W - NH.QVQSV.001 (Ultra 7 255HX, 32GB, 1TB, RTX 5060 8GB, 2K+ 240Hz, Win11)",Acer,laptop,62390000,62990000,600000,1,5.0,2,https://www.thegioididong.com/laptop/acer-gaming-predator-helios-neo-16-ai-phn16-73-757w-nh-qvqsv-001,thegioididong,2026-09-21
363491,,Laptop MacBook Pro 16 inch M5 Pro 24GB/1TB,MacBook,laptop,80490000,81990000,1500000,2,5.0,56,https://www.thegioididong.com/laptop/macbook-pro-16-inch-m5-pro-24gb-1tb,thegioididong,2026-09-21
369645,,"Laptop Acer Nitro ProPanel ANV15-52-50RB - NH.QUASV.002 (Core 5 210H, 16GB, 512GB, RTX 4050 6GB, Full HD 180Hz, Win11)",Acer,laptop,34890000,37990000,3100000,8,,,https://www.thegioididong.com/laptop/acer-nitro-propanel-anv15-52-50rb-core-5-210h-nh-quasv-002,thegioididong,2026-09-21
366087,,"Laptop Acer Aspire Lite 15 AL15-21P-R91W - NX.DNRSV.002 (R5 40, 16GB, 512GB, Full HD, Win11)",Acer,laptop,22990000,,,,5.0,53,https://www.thegioididong.com/laptop/acer-aspire-lite-15-al15-21p-r91w-r5-40-nx-dnrsv-002,thegioididong,2026-09-21
368192,,"Laptop SingPC M16-i595 (i5 1235U, 16GB, 512GB, WUXGA, Win11 Pro)",SingPC,laptop,18490000,19990000,1500000,7,5.0,2,https://www.thegioididong.com/laptop/singpc-m16-i595-i5-1235u,thegioididong,2026-09-21
362398,,"Laptop HP 15 fd1486TU - D0BH3PA (Ultra 5 125H, 24GB, 512GB, Full HD, Win11)",HP,laptop,25090000,26690000,1600000,5,5.0,650,https://www.thegioididong.com/laptop/hp-15-fd1486tu-ultra-5-125h-d0bh3pa,thegioididong,2026-09-21
368210,,"Laptop Lenovo IdeaPad Slim 3 15IWC11 - 83RR00AAVN (Core 5 320, 16GB, 512GB, WUXGA, Win11)",Lenovo,laptop,23090000,29990000,6900000,23,5.0,464,https://www.thegioididong.com/laptop/lenovo-ideapad-slim-3-15iwc11-core-5-320-83rr00aavn,thegioididong,2026-09-21
360690,,"Laptop Dell 14 DC14250 - DC4C5386W (Core 5 120U, 16GB, 512GB, Full HD+, OfficeH24+365, Win11)",Dell,laptop,27390000,29990000,2600000,8,5.0,1241,https://www.thegioididong.com/laptop/dell-14-dc14250-core-5-120u-dc4c5386w,thegioididong,2026-09-21
368656,,"Laptop Acer Gaming Aspire 7 A715-59G-59RD - NH.DXUSV.001 (Core 5 210H, 16GB, 512GB, RTX 3050 4GB, Fulll HD 144Hz, Win11)",Acer,laptop,28390000,31990000,3600000,11,5.0,24,https://www.thegioididong.com/laptop/acer-gaming-aspire-7-a715-59g-59rd-core-5-210h-nh-dxusv-001,thegioididong,2026-09-21
365310,,"Laptop Dell 15 DC15250 - DC15250-i5U165W11SLU-27 (i5 1334U, 16GB, 512GB, Full HD 120Hz, OfficeHS24+365, Win11)",Dell,laptop,23390000,24490000,1100000,4,5.0,1261,https://www.thegioididong.com/laptop/dell-15-dc15250-i5-1334u-dc15250-i5u165w11slu-27,thegioididong,2026-09-21
341267,,"Laptop HP OmniBook 5 AI 16 af1048TU - BZ7Q9PA (Ultra 5 225U, 16GB, 512GB, WUXGA, OfficeH24, Win11)",HP,laptop,26690000,30990000,4300000,13,5.0,726,https://www.thegioididong.com/laptop/hp-omnibook-5-ai-16-af1048tu-ultra-5-225u-bz7q9pa,thegioididong,2026-09-21
368211,,"Laptop Lenovo Ideapad Slim 3 15IWC11 - 83RR00CVVN (Core 5 320, 8GB, 512GB, WUXGA, Win11)",Lenovo,laptop,20290000,25990000,5700000,21,5.0,22,https://www.thegioididong.com/laptop/lenovo-ideapad-slim-3-15iwc11-core-5-320-83rr00cvvn,thegioididong,2026-09-21
366090,,"Laptop Acer Aspire Go 15 AG15-52P-52WT - NX.JWKSV.001 (Ultra 5 115U, 16GB, 512GB, Full HD, Win11)",Acer,laptop,24090000,24990000,900000,4,5.0,45,https://www.thegioididong.com/laptop/acer-aspire-go-15-ag15-52p-52wt-ultra-5-115u-nx-jwksv-001,thegioididong,2026-09-21
363903,,"Laptop Lenovo Gaming LOQ 15ARP10 - 83S000CNVN (R7 170, 16GB, 512GB, RTX 3050 6GB, Full HD 144Hz, Win11)",Lenovo,laptop,30890000,39490000,8600000,21,5.0,241,https://www.thegioididong.com/laptop/lenovo-gaming-loq-15arp10-r7-170-83s000cnvn,thegioididong,2026-09-21
357990,,"Laptop Dell 15 DC15250 - CPH99 (i5 1334U, 16GB, 512GB, Full HD 120Hz, OfficeH24+365B, Win11)",Dell,laptop,22890000,24490000,1600000,6,5.0,1806,https://www.thegioididong.com/laptop/dell-15-dc15250-i5-1334u-cph99,thegioididong,2026-09-21
362620,,"Laptop Asus Vivobook Go 15 E1504FA - BQ374W (R5 40, 8GB, 512GB, Full HD, Win11)",Asus,laptop,19990000,22990000,3000000,13,5.0,1253,https://www.thegioididong.com/laptop/asus-vivobook-go-15-e1504fa-r5-40-bq374w,thegioididong,2026-09-21
368655,,"Laptop Acer Aspire Lite 16 AL16-71P-582Q - NX.DRSSV.001 (Ultra 5 125H, 16GB, 512GB, Full HD+ 120Hz, Win11)",Acer,laptop,26090000,26990000,900000,3,5.0,11,https://www.thegioididong.com/laptop/acer-aspire-lite-16-al16-71p-582q-ultra-5-125h-nx-drssv-001,thegioididong,2026-09-21
360298,,"Laptop Acer Gaming Nitro ProPanel AN16S 61 R193 - NH.QXTSV.001 (R9 AI 365, 16GB, 512GB, RTX 5070 8GB, 2K+ 180Hz, Win11)",Acer,laptop,61390000,61990000,600000,1,5.0,1,https://www.thegioididong.com/laptop/acer-gaming-nitro-16s-ai-propanel-an16s-61-r193-r9-ai-365-nh-qxtsv-001,thegioididong,2026-09-21
341607,,"Laptop Acer Gaming Nitro ProPanel ANV15 52 72BM - NH.QZ9SV.004 (i7 13620H, 16GB, 512GB, RTX5050 8GB, Full HD 180Hz, Win11)",Acer,laptop,38390000,39990000,1600000,4,5.0,105,https://www.thegioididong.com/laptop/acer-nitro-v-15-propanel-anv15-52-72bm-i7-13620h-nh-qz9sv-004,thegioididong,2026-09-21
342524,,"Laptop Lenovo Gaming LOQ 15IRX9 - 83DV01ANVN (i5 13450HX, 16GB, 1TB, RTX 3050 6GB, Full HD 144Hz, Win11)",Lenovo,laptop,30690000,42990000,12300000,28,4.9,911,https://www.thegioididong.com/laptop/lenovo-gaming-loq-15irx9-i5-83dv01anvn,thegioididong,2026-09-21
340561,,"Laptop Dell 15 DC15250 - DC5I5357W1 (i5 1334U, 16GB, 512GB, Full HD 120Hz, OfficeH24+365, Win11)",Dell,laptop,22890000,24490000,1600000,6,5.0,3774,https://www.thegioididong.com/laptop/dell-15-dc15250-i5-dc5i5357w1,thegioididong,2026-09-21
341624,,"Laptop HP Gaming VICTUS 15 fb3115AX - BX9C9PA (R7 7445HS, 16GB, 512GB, RTX4050 6GB, Full HD 144Hz, Win11)",HP,laptop,31390000,34690000,3300000,9,5.0,262,https://www.thegioididong.com/laptop/hp-victus-15-fb3115ax-r7-7445hs-bx9c9pa,thegioididong,2026-09-21
366086,,"Laptop Acer Aspire Lite 15 AL15-46P-R73C - NX.JXMSV.001 (R3 5400U, 8GB, 512GB, Full HD, Win11)",Acer,laptop,16890000,17990000,1100000,6,5.0,604,https://www.thegioididong.com/laptop/acer-aspire-lite-15-al15-46p-r73c-r3-5400u-nx-jxmsv-001,thegioididong,2026-09-21
339682,,"Laptop Dell Inspiron 14 5441 - 5MNK1 (X1P 64 100, 16GB, 512GB, Full HD+, OfficeH24+365, Win11)",Dell,laptop,26690000,33990000,7300000,21,4.9,121,https://www.thegioididong.com/laptop/dell-inspiron-14-5441-x1p-64-100-5mnk1,thegioididong,2026-09-21
337044,,"Laptop HP Pavilion 16 af0055TU - AY8C4PA (Ultra 5 125U, 16GB, 512GB, WUXGA, OfficeHS+365, Win11)",HP,laptop,22790000,,,,5.0,2325,https://www.thegioididong.com/laptop/hp-pavilion-16-af0055tu-ultra-5-ay8c4pa,thegioididong,2026-09-21
335554,,"Laptop Lenovo Gaming LOQ 15IRX9 - 83DV003CVN (i5 13450HX, 16GB, 512GB, RTX 3050 6GB, Full HD 144Hz, Win11)",Lenovo,laptop,31190000,38990000,7800000,20,5.0,2740,https://www.thegioididong.com/laptop/lenovo-loq-15irx9-i5-83dv003cvn,thegioididong,2026-09-21
366823,,"Laptop Acer Gaming Nitro ProPanel ANV16-72-71T9 - NH.QUNSV.001 (Core 7 240H, 16GB, 512GB, RTX 5060 8GB, WUXGA 180Hz, Win11)",Acer,laptop,45390000,45990000,600000,1,,,https://www.thegioididong.com/laptop/acer-gaming-nitro-propanel-anv16-72-71t9-core-7-240h-nh-qunsv-001,thegioididong,2026-09-21
327506,,"Laptop Acer Swift Go 14 41 R251 - NX.KG3SV.005 (R5 7430U, 16GB, 1TB, Full HD, Win11)",Acer,laptop,20590000,20990000,400000,2,4.9,726,https://www.thegioididong.com/laptop/acer-swift-go-14-41-r251-r5-nxkg3sv005,thegioididong,2026-09-21
366745,,"Laptop Lenovo IdeaPad Slim 3 14ARP10 - 83K600E6VN (R5 7535HS, 16GB, 512GB, WUXGA, Win11)",Lenovo,laptop,22490000,25990000,3500000,13,5.0,202,https://www.thegioididong.com/laptop/lenovo-ideapad-slim-3-14arp10-r5-7535hs-83k600e6vn,thegioididong,2026-09-21
342758,,"Laptop Asus Vivobook S16 S3607VA - RP155WS (Core 5 210H, 16GB, 512GB, WUXGA 144Hz, OfficeH24+365, Win11)",Asus,laptop,22390000,24490000,2100000,8,4.9,1762,https://www.thegioididong.com/laptop/asus-vivobook-s16-s3607va-core-5-210h-rp155ws,thegioididong,2026-09-21
340562,,"Laptop Dell 15 DC15250 - DC5I7748W1 (i7 1355U, 16GB, 512GB, Full HD 120Hz, OfficeH24+365, Win11)",Dell,laptop,25890000,26990000,1100000,4,4.9,4126,https://www.thegioididong.com/laptop/dell-15-dc15250-i7-dc5i7748w1,thegioididong,2026-09-21
341623,,"Laptop HP Gaming VICTUS 15 fb3116AX - BX8U4PA (R7 7445HS, 16GB, 512GB, RTX3050 6GB, Full HD 144Hz, Win11)",HP,laptop,28890000,32090000,3200000,9,5.0,563,https://www.thegioididong.com/laptop/hp-victus-15-fb3116ax-r7-7445hs-bx8u4pa,thegioididong,2026-09-21
341602,,"Laptop Acer Aspire Lite 16 AI AL16 71P 5674 - NX.D4XSV.001 (Ultra 5 125H, 16GB, 512GB, Full HD+, Win11)",Acer,laptop,21090000,21990000,900000,4,4.9,880,https://www.thegioididong.com/laptop/acer-aspire-lite-16-ai-al16-71p-5674-ultra-5-125h-nx-d4xsv-001,thegioididong,2026-09-21
358797,,"Laptop HP 15 fd1288TU - C2CV7PA (Ultra 7 155H, 16GB, 512GB, Full HD, Win11)",HP,laptop,27090000,27990000,900000,3,5.0,559,https://www.thegioididong.com/laptop/hp-15-fd1288tu-ultra-7-155h-c2cv7pa,thegioididong,2026-09-21
325691,,"Laptop HP 15 fd0015TU - A19C5PA (i7 1355U, 16GB, 512GB, Full HD, Win11)",HP,laptop,23090000,,,,4.9,6187,https://www.thegioididong.com/laptop/hp-15-fd0015tu-i7-a19c5pa,thegioididong,2026-09-21
363690,,"Laptop MSI Gaming Cyborg 15 A13UC - 2088VN (i5 13420H, 16GB, 512GB, RTX 3050 4GB, Full HD 144Hz, Win11)",MSI,laptop,27190000,29690000,2500000,8,5.0,106,https://www.thegioididong.com/laptop/msi-gaming-cyborg-15-a13uc-i5-13420h-2088vn,thegioididong,2026-09-21
362026,,"Laptop Dell 15 DC15250 - DC5I7952W1 (i7 1355U, 16GB, 512GB, Full HD+ 120Hz, OfficeH24+365, Win11)",Dell,laptop,25890000,26990000,1100000,4,5.0,598,https://www.thegioididong.com/laptop/dell-15-dc15250-i7-1355u-dc5i7952w1,thegioididong,2026-09-21
367684,,"Laptop Lenovo IdeaPad Slim 3 14IPH11 - 83UQ003NVN (Ultra 5 322, 16GB, 512GB, WUXGA, Win11)",Lenovo,laptop,25090000,31990000,6900000,21,5.0,38,https://www.thegioididong.com/laptop/lenovo-ideapad-slim-3-14iph11-ultra-5-322-83uq003nvn,thegioididong,2026-09-21
369911,,"Laptop Dell 15 DC15255 - X9YM42 (R7 7730U, 16GB, 1TB, Full HD 120Hz, OfficeH24+36, Win11)",Dell,laptop,30590000,,,,,,https://www.thegioididong.com/laptop/dell-15-dc15255-r7-7730u-x9ym42,thegioididong,2026-09-21
363257,,"Laptop Asus VivoBook 16 X1607CA - MB980W (Ultra 5 225H, 16GB, 512GB, WUXGA, Win11)",Asus,laptop,23390000,,,,5.0,417,https://www.thegioididong.com/laptop/asus-x1607ca-ultra-5-225h-mb980w,thegioididong,2026-09-21
327707,,"Laptop MSI Gaming Cyborg 15 A13VEK - 1423VN (i7 13620H, 16GB, 512GB, RTX 4050 6GB, Full HD 144Hz, Win11)",MSI,laptop,31390000,33990000,2600000,7,5.0,836,https://www.thegioididong.com/laptop/msi-cyborg-15-a13vek-i7-1423vn,thegioididong,2026-09-21
339954,,"Laptop MSI Modern 14 F1MG - 432VN (Core 5 120U, 16GB, 512GB, Full HD, Win11)",MSI,laptop,20090000,21990000,1900000,8,5.0,108,https://www.thegioididong.com/laptop/msi-modern-14-f1mg-core-5-432vn,thegioididong,2026-09-21
341601,,"Laptop Acer Gaming Nitro V 15 ProPanel ANV15 41 R0FE - NH.QPFSV.005 (R7 7735HS, 16GB, 512GB, RTX 3050 6GB, Full HD 180Hz, Win11)",Acer,laptop,31390000,32990000,1600000,5,5.0,59,https://www.thegioididong.com/laptop/acer-nitro-v-15-propanel-anv15-41-r0fe-r7-7735hs-nh-qpfsv-005,thegioididong,2026-09-21
333421,,"Laptop Acer Aspire Lite 16 G2 AL16 52P 76DU - NX.J2SSV.005 (i7 1355U, 16GB, 512GB, Full HD+, Win11)",Acer,laptop,21090000,21990000,900000,4,4.9,1058,https://www.thegioididong.com/laptop/acer-aspire-lite-16-g2-al16-52p-76du-i7-nxj2ssv005,thegioididong,2026-09-21
334446,,"Laptop Lenovo IdeaPad Slim 3 15IRH10 - 83K1000FVN (i7 13620H, 24GB, 512GB, WUXGA, Win11)",Lenovo,laptop,24490000,24990000,500000,2,4.9,3264,https://www.thegioididong.com/laptop/lenovo-ideapad-slim-3-15irh10-i7-83k1000fvn,thegioididong,2026-09-21
366992,,"Laptop Acer Aspire Lite 15 AL15-48P-R86Q - NX.DS1SV.002 (R7 5825U, 8GB, 512GB, Full HD, Win11)",Acer,laptop,20090000,21990000,1900000,8,5.0,43,https://www.thegioididong.com/laptop/acer-aspire-lite-15-al15-48p-r86q-r7-5825u-nx-ds1sv-002,thegioididong,2026-09-21
360692,,"Laptop Dell 15 DC15250 - 71084747 (i7 1355U, 16GB, 512GB, Full HD 120 Hz, OfficeHS24+365, Win11)",Dell,laptop,25890000,26990000,1100000,4,5.0,700,https://www.thegioididong.com/laptop/dell-15-dc15250-i7-1355u-71084747,thegioididong,2026-09-21
367346,,"Laptop Dell 14 DC14250 - DC14250-C3U085W11SLU-27 (Core 3 100U, 8GB, 512GB, Full HD+, OfficeH24+365, Win11)",Dell,laptop,19190000,19390000,200000,1,5.0,248,https://www.thegioididong.com/laptop/dell-14-dc14250-core-3-100u-dc14250-c3u085w11slu-27,thegioididong,2026-09-21
363260,,"Laptop Acer Nitro ProPanel ANV15-41-R0Y4 - NH.QPESV.004 (R7 7735HS, 16GB, 512GB, RTX 4050 6GB, Full HD 180Hz, Win11)",Acer,laptop,32390000,33990000,1600000,5,5.0,68,https://www.thegioididong.com/laptop/acer-nitro-v-15-propanel-anv15-41-r0y4-r7-7735hs-nh-qpesv-004,thegioididong,2026-09-21
341618,,"Laptop HP 15 fd0235TU - 9Q970PA_120U (Core 5 120U, 16GB, 512GB, Full HD, Win11)",HP,laptop,24090000,28590000,4500000,15,5.0,2294,https://www.thegioididong.com/laptop/hp-15-fd0235tu-core-5-120u-9q970pa-120u,thegioididong,2026-09-21
368207,,"Laptop Lenovo IdeaPad Slim 3 14IWC11 - 83RQ002NVN (Core 5 320, 16GB, 512GB, WUXGA, Win11)",Lenovo,laptop,23090000,29990000,6900000,23,5.0,127,https://www.thegioididong.com/laptop/lenovo-ideapad-slim-3-14iwc11-core-5-320-83rq002nvn,thegioididong,2026-09-21
351613,,"Laptop Dell 15 DC15250 - DC15250-i7U161W11SLU (i7 1355U, 16GB, 1TB, Full HD 120Hz, OfficeH24+365, Win11)",Dell,laptop,27890000,28490000,600000,2,5.0,1073,https://www.thegioididong.com/laptop/dell-15-dc15250-i7-1355u-dc15250-i7u161w11slu,thegioididong,2026-09-21
368557,,"Laptop Dell 14 DC14250 - DC4C5375W1-2Y (Core 5 120U, 16GB, 512GB, Full HD 120Hz, OfficeHS24+365, Win11)",Dell,laptop,29690000,32090000,2400000,7,5.0,27,https://www.thegioididong.com/laptop/dell-14-dc14250-core-5-120u-dc4c5375w1-2y,thegioididong,2026-09-21
369478,,"Laptop Lenovo IdeaPad Slim 3 15IWC11 - 83RR00A8VN (Core 3 304, 8GB, 512GB, WUXGA, Win11)",Lenovo,laptop,18590000,23990000,5400000,22,,,https://www.thegioididong.com/laptop/lenovo-ideapad-slim-3-15iwc11-core-3-304-83rr00a8vn,thegioididong,2026-09-21
367576,,"Laptop HP Gaming VICTUS 15 fa2451TX - D17WPPA (i5 13420H, 16GB, 512GB, RTX 4050 6GB, Full HD 144Hz, Win11)",HP,laptop,30390000,,,,5.0,172,https://www.thegioididong.com/laptop/hp-gaming-victus-15-fa2451tx-i5-13420h-d17wppa,thegioididong,2026-09-21
339211,,"Laptop GIGABYTE Gaming A16 GA6H - GAMING-A16-CMHI2VN893SH (i7 13620H, 16GB, 512GB, RTX 4050 6GB, WUXGA 165Hz, Win11)",GIGABYTE,laptop,33190000,33990000,800000,2,5.0,332,https://www.thegioididong.com/laptop/gigabyte-a16-ga6h-i7-gaming-a16-cmhi2vn893sh,thegioididong,2026-09-21
362667,,"Laptop Dell 15 DC15250 - DC15250-i7U161W11SLU-5 (i7 1355U, 16GB, 1TB, Full HD 120Hz, OfficeH24+365, Win11)",Dell,laptop,27890000,28490000,600000,2,5.0,691,https://www.thegioididong.com/laptop/dell-15-dc15250-i7-1355u-dc15250-i7u161w11slu-5,thegioididong,2026-09-21
358077,,"Laptop HP OmniBook 5 Flip 14 fp0055TU - BZ7Q4PA (Core 7 150U, 24GB, 512GB, WUXGA, Cảm ứng, OfficeH24, Win11)",HP,laptop,32190000,34990000,2800000,8,5.0,238,https://www.thegioididong.com/laptop/hp-omnibook-5-flip-14-fp0055tu-core-7-150u-bz7q4pa,thegioididong,2026-09-21
368558,,"Laptop Dell 15 DC15250 - 71100520 (Core 3 100U, 8GB, 512GB, Full HD 120Hz, OfficeH24+365, Win11)",Dell,laptop,21890000,22590000,700000,3,5.0,9,https://www.thegioididong.com/laptop/dell-15-dc15250-core-3-100u-71100520,thegioididong,2026-09-21
363261,,"Laptop Acer Aspire Go 14 AG14-72P-54DF - NX.JSBSV.009 (Core 5 120U, 16GB, 512GB, Full HD+, Win11)",Acer,laptop,21090000,23990000,2900000,12,5.0,186,https://www.thegioididong.com/laptop/acer-aspire-go-14-ag14-72p-54df-core-5-120u-nx-jsbsv-009,thegioididong,2026-09-21
341626,,"Laptop Acer Gaming Nitro ProPanel ANV15 52 59AA - NH.QZ9SV.002 (i5 13420H, 16GB, 512GB, RTX 5050 8GB, Full HD 180Hz, Win11)",Acer,laptop,36390000,37990000,1600000,4,5.0,77,https://www.thegioididong.com/laptop/acer-nitro-v-15-propanel-anv15-52-59aa-i5-13420h-nh-qz9sv-002,thegioididong,2026-09-21
369754,,"Laptop Acer Gaming Nitro ProPanel ANV15-52-73Z8 - NH.QUASV.001 (Core 7 240H, 16GB, 512GB, RTX 4050 6GB, Full HD  180Hz, Win11)",Acer,laptop,37390000,39990000,2600000,6,,,https://www.thegioididong.com/laptop/acer-gaming-nitro-propanel-anv15-52-73z8-core-7-240h-nh-quasv-001,thegioididong,2026-09-21
366749,,"Laptop Lenovo Gaming LOQ 15IRX9 - 83DV01H2VN (i7 13645HX, 16GB, 1TB, RTX 4050 6GB, Full HD 144Hz, Win11)",Lenovo,laptop,38390000,48990000,10600000,21,4.9,67,https://www.thegioididong.com/laptop/lenovo-gaming-loq-15irx9-i7-13645hx-83dv01h2vn,thegioididong,2026-09-21
365608,,"Laptop HP 240R G9 - C40LGAT (Core 5 120U, 16GB, 512GB, Full HD, Win11)",HP,laptop,24090000,29090000,5000000,17,5.0,20,https://www.thegioididong.com/laptop/hp-240r-g9-core-5-120u-c40lgat,thegioididong,2026-09-21
339679,,"Laptop Dell Latitude 3450 - L3450-1335U-16512WN (i5 1335U, 16GB, 512GB, Full HD, Win11)",Dell,laptop,23390000,25990000,2600000,10,4.9,2711,https://www.thegioididong.com/laptop/dell-latitude-3450-i5-l34501335u16512wn,thegioididong,2026-09-21
341270,,"Laptop HP 15 fd0234TU - 9Q969PA-120U (Core 5 120U, 16GB, 512GB, Full HD, Win11)",HP,laptop,24090000,28590000,4500000,15,4.9,3406,https://www.thegioididong.com/laptop/hp-15-fd0234tu-core-5-120u-9q969pa-120u,thegioididong,2026-09-21
337043,,"Laptop HP Pavilion 16 af0054TU - AY8C3PA (Ultra 5 125U, 16GB, 1TB, WUXGA, OfficeHS+365, Win11)",HP,laptop,23790000,,,,5.0,594,https://www.thegioididong.com/laptop/hp-pavilion-16-af0054tu-ultra-5-ay8c3pa,thegioididong,2026-09-21
364401,,"Laptop Asus ZenBook 14 UX3405CA - ST628W (Ultra 5 225H, 16GB, 512GB, 3K OLED 120Hz, Win11)",Asus,laptop,30990000,31990000,1000000,3,4.9,202,https://www.thegioididong.com/laptop/asus-zenbook-14-ux3405ca-ultra-5-225h-st628w,thegioididong,2026-09-21
341610,,"Laptop MSI Gaming Katana 15 HX B14WFK - 025VN (i7 14650HX, 16GB, 512GB, RTX5060 8GB, QHD 165Hz, Win11)",MSI,laptop,45990000,,,,5.0,31,https://www.thegioididong.com/laptop/msi-katana-15-hx-b14wfk-i7-14650hx-025vn,thegioididong,2026-09-21
336031,,"Laptop Asus Zenbook 14 UX3405CA - PZ204WS (Ultra 9 285H, 32GB, 1TB, 2.8K 120Hz, Cảm ứng, OfficeH24+365, Win11)",Asus,laptop,39590000,40290000,700000,2,5.0,619,https://www.thegioididong.com/laptop/asus-zenbook-14-ux3405ca-ultra-9-pz204ws,thegioididong,2026-09-21
337843,,"Laptop GIGABYTE Gaming A16 GA6H - GAMING-A16-CMHH2VN893SH (i5 13420H, 16GB, 512GB, RTX 4050 6GB, WUXGA 165Hz, Win11)",GIGABYTE,laptop,30490000,30990000,500000,2,5.0,189,https://www.thegioididong.com/laptop/gigabyte-a16-ga6h-i5-gaminga16cmhh2vn893sh,thegioididong,2026-09-21
358074,,"Laptop HP OmniBook 5 AI 16 af1054TU - C1MN8PA (Ultra 7 255U, 32GB, 512GB, WUXGA, OfficeH24, Win11)",HP,laptop,32390000,38990000,6600000,16,4.9,202,https://www.thegioididong.com/laptop/hp-omnibook-5-ai-16-af1054tu-ultra-7-255u-c1mn8pa,thegioididong,2026-09-21
345510,,"Laptop HP Gaming VICTUS 15 fa2732TX - B85LPPA (i5 13420H, 16GB, 512GB, RTX 4050 6GB, Full HD 144Hz, Win11)",HP,laptop,31390000,33990000,2600000,7,5.0,404,https://www.thegioididong.com/laptop/hp-gaming-victus-15-fa2732tx-i5-13420h-b85lppa,thegioididong,2026-09-21
358498,,"Laptop Dell 15 DC15250 - 71071928 (i5 1334U, 16GB, 512GB, Full HD 120Hz, OfficeH24+365B, Win11)",Dell,laptop,22890000,24490000,1600000,6,5.0,1454,https://www.thegioididong.com/laptop/dell-15-dc15250-i5-1334u-71071928,thegioididong,2026-09-21
362666,,"Laptop Dell 15 DC15250 - DC15250-i5U165W11SLU-5 (i5 1334U, 16GB, 512GB, Full HD 120Hz, OfficeH24+365, Win11)",Dell,laptop,22890000,24490000,1600000,6,5.0,785,https://www.thegioididong.com/laptop/dell-15-dc15250-i5-1334u-dc15250-i5u165w11slu-5,thegioididong,2026-09-21
365998,,"Laptop Dell 15 DC15250 - CPH992 (i5 1334U, 16GB, 512GB, Full HD 120Hz, OfficeHS24+365B, Win11)",Dell,laptop,23390000,24490000,1100000,4,5.0,356,https://www.thegioididong.com/laptop/dell-15-dc15250-i5-1334u-cph992,thegioididong,2026-09-21
318354,,"Laptop Acer Gaming Nitro V ANV15 51 57B2 - NH.QN8SV.001 (i5 13420H, 8GB, 512GB, RTX 4050 6GB, Full HD 144Hz, Win11)",Acer,laptop,27090000,27990000,900000,3,5.0,244,https://www.thegioididong.com/laptop/acer-nitro-v-anv15-51-57b2-i5-nhqn8sv001,thegioididong,2026-09-21
340006,,"Laptop MSI Venture A15 AI A2HMG - 003VN (R7 260, 16GB, 512GB, Full HD 144Hz, Win11)",MSI,laptop,22490000,,,,5.0,91,https://www.thegioididong.com/laptop/msi-venture-a15-ai-a2hmg-r7-003vn,thegioididong,2026-09-21
357992,,"Laptop Dell 15 DC15255 - X9YM41 (R7 7730U, 16GB, 1TB, Full HD 120Hz, OfficeH24+365B, Win11)",Dell,laptop,23390000,,,,5.0,809,https://www.thegioididong.com/laptop/dell-15-dc15255-r7-7730u-x9ym41,thegioididong,2026-09-21
364860,,"Laptop Dell 15 DC15250 - 71092480 (i7 1355U, 16GB, 512GB, Full HD 120Hz, OfficeHS24+365B, Win11)",Dell,laptop,25890000,26990000,1100000,4,5.0,237,https://www.thegioididong.com/laptop/dell-15-dc15250-i7-1355u-71092480,thegioididong,2026-09-21
363882,,"Laptop Lenovo Ideapad Slim 5 OLED 14AGP11 - 83S1003FVN (R7 445, 32GB, 512GB, WUXGA OLED, Win11)",Lenovo,laptop,38390000,39990000,1600000,4,5.0,17,https://www.thegioididong.com/laptop/lenovo-ideapad-slim-5-oled-14agp11-r7-445-83s1003fvn,thegioididong,2026-09-21
363262,,"Laptop Acer Aspire Go 15 AG15-72P-76A2 - NX.JRRSV.008 (Core 7 150U, 16GB, 512GB, Full HD, Win11)",Acer,laptop,24090000,25990000,1900000,7,5.0,24,https://www.thegioididong.com/laptop/acer-aspire-go-15-ag15-72p-76a2-core-7-150u-nx-jrrsv-008,thegioididong,2026-09-21
358796,,"Laptop HP 14 ep1137TU - C2CY8PA (Ultra 7 155H, 16GB, 512GB, Full HD, Win11)",HP,laptop,27090000,27990000,900000,3,5.0,437,https://www.thegioididong.com/laptop/hp-14-ep1137tu-ultra-7-155h-c2cy8pa,thegioididong,2026-09-21
366909,,"Laptop MSI Gaming Cyborg 15 Black Edition A13VE - A13VE-2410VN (i5 13420H, 16GB, 512GB, RTX 4050 6GB, Full HD 144Hz, Win11)",MSI,laptop,29490000,31990000,2500000,7,5.0,28,https://www.thegioididong.com/laptop/msi-gaming-cyborg-15-black-edition-a13ve-i5-13420h-a13ve-2410vn,thegioididong,2026-09-21
363259,,"Laptop Acer Nitro Lite NL16-71G-71FN - NH.D5ASV.003 (i7 13620H, 16GB, 512GB, RTX 4050 6GB, FHD+ 180Hz, Win11)",Acer,laptop,32390000,33990000,1600000,5,5.0,57,https://www.thegioididong.com/laptop/acer-nitro-lite-nl16-71g-71fn-i7-13620h-nh-d5asv-003,thegioididong,2026-09-21
334796,,"Laptop Asus Zenbook 14 UX3405CA - PZ187WS (Ultra 5 225H, 16GB, 512GB, 2.8K OLED 120Hz, Cảm ứng, OfficeH24+365, Win11)",Asus,laptop,31590000,33390000,1800000,5,4.9,682,https://www.thegioididong.com/laptop/asus-zenbook-14-ux3405ca-ultra-5-pz187ws,thegioididong,2026-09-21
364967,,"Laptop Dell 14 DC14250 - F0FTK7 (Core 7 150U, 16GB, 512GB, MX570A 2GB, Full HD+, OfficeHS24+365, Win11)",Dell,laptop,31690000,,,,5.0,120,https://www.thegioididong.com/laptop/dell-14-dc14250-core-7-150u-f0ftk7,thegioididong,2026-09-21
365607,,"Laptop HP 240R G9 - C40M2AT (Core 5 120U, 8GB, 512GB, Full HD, Win11)",HP,laptop,22590000,25490000,2900000,11,5.0,68,https://www.thegioididong.com/laptop/hp-240r-g9-core-5-120u-c40m2at,thegioididong,2026-09-21
369481,,"Laptop Dell 15 DC15250 - CPH993 (Core 3 100U, 8GB, 512GB, Full HD 120Hz, OfficeH24+365, Win11)",Dell,laptop,21890000,22590000,700000,3,,,https://www.thegioididong.com/laptop/dell-15-dc15250-core-3-100u-cph993,thegioididong,2026-09-21
360419,,"Laptop Asus Vivobook 15 X1504VA - BQ285W (Core 5 120U, 16GB, 512GB, Full HD, Win11)",Asus,laptop,20690000,22990000,2300000,10,5.0,508,https://www.thegioididong.com/laptop/asus-vivobook-15-x1504va-core-5-120u-bq285w,thegioididong,2026-09-21
362922,,"Laptop MSI Gaming Cyborg 15 B13WFKG - 658VN (i7 13620H, 16GB, 1TB, RTX 5060 8GB, Full HD 144Hz, Win11)",MSI,laptop,40490000,,,,5.0,11,https://www.thegioididong.com/laptop/msi-gaming-cyborg-15-b13wfkg-i7-13620h-658vn,thegioididong,2026-09-21
365535,,"Laptop Lenovo ThinkPad E14 Gen 7 - 21SX00BNVN (Ultra 5 135H, 16GB, 512GB, WUXGA, Win11)",Lenovo,laptop,35090000,,,,5.0,112,https://www.thegioididong.com/laptop/lenovo-thinkpad-e14-gen-7-ultra-5-135h-21sx00bnvn,thegioididong,2026-09-21
364405,,"Laptop Asus Zenbook 14 UX3405CA - ST648W (Ultra 9 285H, 32GB, 1TB, 3K OLED 120Hz, Win11)",Asus,laptop,39990000,41990000,2000000,5,5.0,82,https://www.thegioididong.com/laptop/asus-zenbook-14-ux3405ca-ultra-9-285h-st648w,thegioididong,2026-09-21
342754,,"Laptop Dell 15 DC15250 - DC15250-i5U165W11SLU (i5 1334U, 16GB, 512GB, Full HD 120Hz, OfficeH24+365, Win11)",Dell,laptop,22890000,24490000,1600000,6,5.0,1171,https://www.thegioididong.com/laptop/dell-15-dc15250-i5-1334u-dc15250-i5u165w11slu,thegioididong,2026-09-21
366702,,"Laptop HP Probook 4 G1ah 16 - C40JPAT (R5 220, 16GB, 512GB, WUXGA, Win11)",HP,laptop,26590000,29990000,3400000,11,5.0,47,https://www.thegioididong.com/laptop/hp-probook-4-g1ah-16-r5-220-c40jpat,thegioididong,2026-09-21
358120,,"Laptop HP OmniBook 5 16 ag1069AU - BZ7T1PA (R5 AI 340, 16GB, 512GB, WUXGA, OfficeH24+365B, Win11)",HP,laptop,26390000,27190000,800000,3,5.0,196,https://www.thegioididong.com/laptop/hp-omnibook-5-16-ag1069au-r5-ai-340-bz7t1pa,thegioididong,2026-09-21
358088,,Laptop MacBook Pro 14 inch M5 16GB/1TB,MacBook,laptop,53490000,54990000,1500000,3,5.0,476,https://www.thegioididong.com/laptop/macbook-pro-14-inch-m5-16gb-1tb,thegioididong,2026-09-21
340558,,"Laptop Dell Inspiron 15 3530 - N3530-i5U165W11SLU-HS24 (i5 1334U, 16GB, Full HD 120Hz, OfficeH24+365, Win11)",Dell,laptop,22390000,24490000,2100000,8,5.0,1811,https://www.thegioididong.com/laptop/dell-inspiron-15-3530-i5-n3530-i5u165w11slu-hs24,thegioididong,2026-09-21
360296,,"Laptop Acer Gaming Nitro ProPanel ANV16S 41 R337 - NH.QZZSV.002 (R7 260, 16GB, 1TB, RTX 5050 8GB, FHD+ 180Hz, Win11)",Acer,laptop,43990000,,,,5.0,6,https://www.thegioididong.com/laptop/acer-gaming-nitro-v-16s-ai-propanel-anv16s-41-r337-r7-260-nh-qzzsv-002,thegioididong,2026-09-21
359927,,"Laptop GIGABYTE Gaming A16 GA6H - GAMING-A16-CTHI3VN893SH (i7 13620H, 16GB, 512GB, RTX 5050 8GB, WUXGA 165Hz, Win11)",GIGABYTE,laptop,37890000,38990000,1100000,3,5.0,26,https://www.thegioididong.com/laptop/gigabyte-gaming-a16-ga6h-i7-13620h-gaming-a16-cthi3vn893sh,thegioididong,2026-09-21
358075,,"Laptop HP OmniBook X Flip 14 fk0092AU - BZ7P5PA (R5 AI 340, 16GB, 512GB, WUXGA, Cảm ứng, OfficeH24, Win11)",HP,laptop,31990000,,,,5.0,128,https://www.thegioididong.com/laptop/hp-omnibook-x-flip-14-fk0092au-r5-ai-340-bz7p5pa,thegioididong,2026-09-21
342513,,"Laptop Lenovo ThinkBook 14 - 21SG007VVN (Core 7 240H, 32GB, 1TB, WUXGA, Win11)",Lenovo,laptop,37990000,,,,5.0,201,https://www.thegioididong.com/laptop/lenovo-thinkbook-14-core-7-240h-21sg007vvn,thegioididong,2026-09-21
358499,,"Laptop Dell 15 DC15250 - 71073959 (i7 1355U, 16GB, 512GB, Full HD 120Hz, OfficeH24+365B, Win11)",Dell,laptop,25890000,26990000,1100000,4,5.0,438,https://www.thegioididong.com/laptop/dell-15-dc15250-i7-1355u-71073959,thegioididong,2026-09-21
338316,,"Laptop Dell Inspiron 15 3530 - N3530-i5U165W11SLU-BL (i5 1334U, 16GB, 512GB, Full HD 120Hz, OfficeH24+365, Win11)",Dell,laptop,22390000,24490000,2100000,8,4.9,1893,https://www.thegioididong.com/laptop/dell-inspiron-15-3530-i5-n3530-i5u165w11slu-bl,thegioididong,2026-09-21
360693,,"Laptop Dell Gaming Alienware 16 Aurora AC16250 - C7H161W11II4050 (Core 7 240H, 16GB, 1TB, RTX 4050 6GB, WQXGA 120Hz, OfficeH24+365, Win11)",Dell,laptop,38690000,40090000,1400000,3,5.0,265,https://www.thegioididong.com/laptop/dell-gaming-alienware-16-aurora-ac16250-core-7-240h-c7h161w11ii4050,thegioididong,2026-09-21
360421,,"Laptop Asus Gaming V16 V3607VJ - RP071W (Core 5 210H, 16GB, 512GB, RTX 3050 6GB, WUXGA 144Hz, Win11)",Asus,laptop,27090000,29990000,2900000,9,4.9,306,https://www.thegioididong.com/laptop/asus-gaming-v16-v3607vj-core-5-210h-rp071w,thegioididong,2026-09-21
344606,,"Laptop Lenovo Gaming LOQ 15IRX9 - 83DV01ALVN (i7 13650HX, 16GB, 512GB, RTX 4050 6GB, Full HD 144Hz, Win11)",Lenovo,laptop,40390000,,,,5.0,397,https://www.thegioididong.com/laptop/lenovo-gaming-loq-15irx9-i7-13650hx-83dv01alvn,thegioididong,2026-09-21
341613,,"Laptop MSI Gaming Katana 15 HX B14WEK - 027VN (i7 14650HX, 32GB, 512GB, RTX5050 8GB, QHD 165Hz, Win11)",MSI,laptop,48390000,49990000,1600000,3,5.0,17,https://www.thegioididong.com/laptop/msi-katana-15-hx-b14wek-i7-14650hx-027vn,thegioididong,2026-09-21
341609,,"Laptop MSI Gaming Katana 15 HX B14WFK - 267VN (i7 14650HX, 32GB, 512GB, RTX 5060 8GB, QHD 165Hz, Win11)",MSI,laptop,51390000,51990000,600000,1,5.0,65,https://www.thegioididong.com/laptop/msi-katana-15-hx-b14wfk-i7-14650hx-267vn,thegioididong,2026-09-21
363901,,"Laptop Lenovo ThinkBook 16 G9 IRL - 21US008FVN (i5 13420H, 16GB, 512GB, WUXGA, Win11)",Lenovo,laptop,28090000,29190000,1100000,4,5.0,116,https://www.thegioididong.com/laptop/lenovo-thinkbook-16-g9-irl-i5-13420h-21us008fvn,thegioididong,2026-09-21
339681,,"Laptop Dell Inspiron 15 3530 - P16WD22 (i5 1334U, 16GB, 512GB, Full HD 120Hz, OfficeH24+365, Win11)",Dell,laptop,22390000,24490000,2100000,8,4.9,2912,https://www.thegioididong.com/laptop/dell-inspiron-15-3530-i5-p16wd22,thegioididong,2026-09-21
358079,,"Laptop HP 15 fc0655AU - C81NGPA (R5 7430U, 16GB, 512GB, Full HD, Win11)",HP,laptop,22390000,24290000,1900000,7,5.0,4444,https://www.thegioididong.com/laptop/hp-15-fc0655au-r5-7430u-c81ngpa,thegioididong,2026-09-21
330579,,"Laptop Asus Zenbook S 14 UX5406SA - PV140WS (Ultra 7 258V, 32GB, 1TB, 2.8K OLED 120Hz, OfficeHS, Win11)",Asus,laptop,44690000,46190000,1500000,3,5.0,211,https://www.thegioididong.com/laptop/asus-ux5406sa-ultra-7-pv140ws,thegioididong,2026-09-21
363897,,"Laptop Lenovo ThinkBook 14 Gen 8 - 21SJ00EAVN (Ultra 5 135H, 16GB, 512GB, WUXGA, Win11)",Lenovo,laptop,33690000,,,,5.0,78,https://www.thegioididong.com/laptop/lenovo-thinkbook-14-gen-8-ultra-5-135h-21sj00eavn,thegioididong,2026-09-21
361726,,"Laptop HP OmniBook 7 14 fs0043TU - C1MN3PA (Core 5 210H, 16GB, 512GB, 2K, OfficeH24+365, Win11)",HP,laptop,27590000,28190000,600000,2,5.0,65,https://www.thegioididong.com/laptop/hp-omnibook-7-14-fs0043tu-core-5-210h-c1mn3pa,thegioididong,2026-09-21
357991,,"Laptop Dell 15 DC15250 - CPH997 (i7 1355U, 16GB, 1TB, Full HD 120Hz, OfficeH24+365, Win11)",Dell,laptop,27890000,28490000,600000,2,5.0,687,https://www.thegioididong.com/laptop/dell-15-dc15250-i7-1355u-cph997,thegioididong,2026-09-21
358076,,"Laptop HP OmniBook X Flip 14 fm0076TU - BZ7P6PA (Ultra 7 258V, 32GB, 512GB, WUXGA, Cảm ứng, OfficeH24, Win11)",HP,laptop,40590000,,,,5.0,198,https://www.thegioididong.com/laptop/hp-omnibook-x-flip-14-fm0076tu-ultra-7-258v-bz7p6pa,thegioididong,2026-09-21
360694,,"Laptop Dell 16 DC16250 - C7U161W11BLU (Core 7 150U, 16GB, 1TB, Full HD+, Cảm ứng, OfficeH24+365, Win11)",Dell,laptop,34690000,,,,5.0,140,https://www.thegioididong.com/laptop/dell-16-dc16250-core-7-150u-c7u161w11blu,thegioididong,2026-09-21
341752,,"Laptop GIGABYTE Gaming A16 GA6H - GAMING-A16-CVHI3VN893SH (i7 13620H, 16GB, 512GB, RTX5060 8GB, WUXGA 165Hz, Win11)",GIGABYTE,laptop,38990000,39990000,1000000,3,5.0,51,https://www.thegioididong.com/laptop/gigabyte-a16-ga6h-i7-13620h-gaming-a16-cvhi3vn893sh,thegioididong,2026-09-21
361536,,"Laptop Dell 14 DC14250 - 71083580 (Core 7 150U, 16GB, 512GB, Full HD+, OfficeH24+365, Win11)",Dell,laptop,30690000,,,,5.0,127,https://www.thegioididong.com/laptop/dell-14-dc1425-core-7-150u-71083580,thegioididong,2026-09-21
359482,,"Laptop Lenovo V14 G5 - 83HD005JVN (i5 13420H, 16GB, 512GB, Full HD, Win11)",Lenovo,laptop,25090000,25990000,900000,3,5.0,213,https://www.thegioididong.com/laptop/lenovo-v14-g5-i5-13420h-83hd005jvn,thegioididong,2026-09-21
339201,,"Laptop Acer Gaming Nitro Lite 16 NL16 71G 71UJ - NH.D59SV.002 (i7 13620H, 16GB, 512GB, RTX 3050 6GB, Full HD+ 165Hz, Win11)",Acer,laptop,29390000,32990000,3600000,10,5.0,153,https://www.thegioididong.com/laptop/acer-nitro-lite-16-nl16-71g-71uj-i7-nhd59sv002,thegioididong,2026-09-21
338321,,"Laptop Asus Vivobook S14 S3407CA - LY096WS (Ultra 7 255H, 16GB, 512GB, WUXGA, OfficeH24+365, Win11)",Asus,laptop,28190000,,,,5.0,669,https://www.thegioididong.com/laptop/asus-s3407ca-ultra-7-ly096ws,thegioididong,2026-09-21
366703,,"Laptop HP OmniBook 7 Aero 13 bg1087AU - BZ7S1PA (R5 AI 340, 16GB, 512GB, WUXGA, OfficeH24+365, Win11)",HP,laptop,28890000,29790000,900000,3,5.0,80,https://www.thegioididong.com/laptop/hp-omnibook-7-aero-13-bg1087au-r5-ai-340-bz7s1pa,thegioididong,2026-09-21
311177,,"Laptop HP Pavilion 15 eg3091TU - 8C5L2PA (i7 1355U, 16GB, 512GB, Full HD, Win11)",HP,laptop,25390000,,,,4.9,2966,https://www.thegioididong.com/laptop/hp-pavilion-15-eg3091tu-i7-8c5l2pa,thegioididong,2026-09-21
341563,,"Laptop Dell Gaming Alienware 16 Aurora AC16250 - 71072939 (Core 5 210H, 16GB, 512GB, RTX 3050 6GB, WQXGA 120Hz, OfficeH24+365, Win11)",Dell,laptop,34690000,36490000,1800000,5,5.0,718,https://www.thegioididong.com/laptop/dell-alienware-16-aurora-ac16250-core-5-210h-71072939,thegioididong,2026-09-21
367378,,"Laptop Acer Swift Go 14 AI SFG14-I71-70RP - NX.JZHSV.003 (Ultra 7 358H, 32GB, 1TB, 2.8K 120Hz, Win11)",Acer,laptop,51390000,51990000,600000,1,,,https://www.thegioididong.com/laptop/acer-swift-go-14-ai-sfg14-i71-70rp-ultra-7-358h-nx-jzhsv-003,thegioididong,2026-09-21
322099,,"Laptop MSI Gaming Cyborg 15 AI A1VEK - 053VN (Ultra 7 155H, 16GB, 512GB, RTX 4050 6GB, Full HD 144Hz, Win11)",MSI,laptop,30390000,,,,5.0,104,https://www.thegioididong.com/laptop/msi-gaming-cyborg-15-ai-a1vek-ultra-7-053vn,thegioididong,2026-09-21
357988,,"Laptop Dell Inspiron 14 5440 - 71059084 (Core 7 150U, 16GB, 1TB, MX570A 2GB, 2.2K, OfficeH24+365B, Win11)",Dell,laptop,32690000,33490000,800000,2,5.0,66,https://www.thegioididong.com/laptop/dell-inspiron-14-5440-core-7-150u-71059084,thegioididong,2026-09-21
335020,,"Laptop MSI Prestige 14 AI+ Evo C2VMG - 020VN (Ultra 7 258V, 32GB, 1TB, 2.8K OLED 120Hz, Win11)",MSI,laptop,35390000,35990000,600000,2,5.0,29,https://www.thegioididong.com/laptop/msi-prestige-14-ai-evo-c2vmg-ultra-7-020vn,thegioididong,2026-09-21
337472,,"Laptop Dell Inspiron 15 3530 - 71053721 (i7 1355U, 16GB, 512GB, Full HD 120Hz, OfficeH24+365, Win11)",Dell,laptop,24890000,26990000,2100000,7,5.0,858,https://www.thegioididong.com/laptop/dell-inspiron-15-3530-i7-71053721,thegioididong,2026-09-21
341621,,"Laptop HP 15 fd1037TU - 9Z2W5PA (Core 7 150U, 16GB, 1TB, Full HD, Win11)",HP,laptop,24590000,,,,4.9,141,https://www.thegioididong.com/laptop/hp-15-fd1037tu-core-7-150u-9z2w5pa,thegioididong,2026-09-21
361538,,"Laptop Dell 16 Plus DB16250 - X65NW7 (Ultra 7 256V, 16GB, 1TB, QHD+ 120Hz, OfficeH24+365, Win11)",Dell,laptop,41690000,42990000,1300000,3,5.0,64,https://www.thegioididong.com/laptop/dell-16-plus-db16250-ultra-7-256v-x65nw7,thegioididong,2026-09-21
364181,,"Laptop Asus TUF Gaming A16 FA607NUQ - RL007W (R7 170, 16GB, 512GB, RTX 4050 6GB, Full HD+ 144Hz, Win11)",Asus,laptop,37390000,44490000,7100000,15,5.0,63,https://www.thegioididong.com/laptop/asus-tuf-gaming-a16-fa607nuq-r7-170-rl007w,thegioididong,2026-09-21
364414,,"Laptop Asus Vivobook 14 M1407KA - LY849W (R5 AI 330, 16GB, 512GB, WUXGA, Win11)",Asus,laptop,22690000,24990000,2300000,9,5.0,83,https://www.thegioididong.com/laptop/asus-vivobook-14-m1407ka-r5-ai-330-ly849w,thegioididong,2026-09-21
357987,,"Laptop Dell Inspiron 14 5440 - 71053697 (Core 5 120U, 16GB, 1TB, Full HD+, OfficeH24+365B, Win11)",Dell,laptop,27390000,27490000,100000,0,5.0,57,https://www.thegioididong.com/laptop/dell-inspiron-14-5440-core-5-120u-71053697,thegioididong,2026-09-21
362625,,"Laptop Asus Zenbook 14 UM3406GA - QD075WS (R7 AI 445 ,16GB, 512GB, WUXGA OLED, OfficeH24+365, Win11)",Asus,laptop,30290000,32990000,2700000,8,5.0,169,https://www.thegioididong.com/laptop/asus-zenbook-14-um3406ga-r7-ai-445-qd075ws,thegioididong,2026-09-21
325244,,"Laptop Dell Inspiron 14 5440 - N4I7204W1 (Core 7 150U, 16GB, 512GB, Full HD+, OfficeHS, Win11)",Dell,laptop,28390000,29890000,1500000,5,4.9,1295,https://www.thegioididong.com/laptop/dell-inspiron-14-5440-core-7-n4i7204w1,thegioididong,2026-09-21
369845,,"Laptop HP OmniBook 7 14 fr0033TU - C1MN2PA (Ultra 5 225U, 16GB, 512GB, WUXGA, OfficeH24+365, Win11)",HP,laptop,27890000,28990000,1100000,4,,,https://www.thegioididong.com/laptop/hp-omnibook-7-14-fr0033tu-ultra-5-225u-c1mn2pa,thegioididong,2026-09-21
359471,,"Laptop Lenovo V15 G5 IRL - 83HF00BYVN (i5 13420H, 16GB, 512GB, Full HD, Win11)",Lenovo,laptop,25090000,25690000,600000,2,5.0,150,https://www.thegioididong.com/laptop/lenovo-v15-g5-irl-i5-13420h-83hf00byvn,thegioididong,2026-09-21
364979,,"Laptop Acer Gaming Aspire 7 A715-59G-79XF - NH.QX6SV.008 (Core 7 240H, 16GB, 512GB, RTX 3050 6GB, Full HD 144Hz, Win11)",Acer,laptop,30390000,32990000,2600000,7,5.0,25,https://www.thegioididong.com/laptop/acer-gaming-aspire-7-a715-59g-79xf-core-7-240h-nh-qx6sv-008,thegioididong,2026-09-21
365613,,"Laptop HP 240R G10 - CC9B9PT (Core 7 150U, 16GB, 512GB, Full HD, Win11)",HP,laptop,27090000,29590000,2500000,8,5.0,56,https://www.thegioididong.com/laptop/hp-240r-g10-core-7-150u-cc9b9pt,thegioididong,2026-09-21
367683,,"Laptop Lenovo IdeaPad Slim 3 16IPH11 - 83US002WVN (Ultra 7 355, 16GB, 512GB, WUXGA, Win11)",Lenovo,laptop,30390000,36990000,6600000,17,5.0,10,https://www.thegioididong.com/laptop/lenovo-ideapad-slim-3-16iph11-ultra-7-355-83us002wvn,thegioididong,2026-09-21
365625,,"Laptop HP ProBook 4 G1iR 14 - C40JKAT (Core 5 120U, 16GB, 512GB, WUXGA, Win11)",HP,laptop,28390000,34590000,6200000,17,5.0,42,https://www.thegioididong.com/laptop/hp-probook-4-g1ir-14-core-5-120u-c40jkat,thegioididong,2026-09-21
365616,,"Laptop HP EliteBook 6 G1a 14 - C0CG2PT (R7 AI 350, 16GB, 512GB, WUXGA, Win11)",HP,laptop,34390000,35890000,1500000,4,5.0,5,https://www.thegioididong.com/laptop/hp-elitebook-6-g1a-14-r7-ai-350-c0cg2pt,thegioididong,2026-09-21
341565,,"Laptop Dell Gaming Alienware 16 Aurora AC16250 - 71072937 (Core 7 240H, 16GB, 1TB, RTX 5060 8GB, WQXGA 120Hz, OfficeH24+365, Win11)",Dell,laptop,45690000,46690000,1000000,2,5.0,43,https://www.thegioididong.com/laptop/dell-alienware-16-aurora-ac16250-core-7-240h-71072937,thegioididong,2026-09-21
358381,,"Laptop Lenovo Gaming Legion 5 15IRX10 - 83LY00HRVN (i7 13650HX, 16GB, 512GB, RTX 5050 8GB, WUXGA 165Hz, OfficeH24, Win11)",Lenovo,laptop,47190000,,,,4.9,66,https://www.thegioididong.com/laptop/lenovo-gaming-legion-5-15irx10-i7-13650hx-83ly00hrvn,thegioididong,2026-09-21
366166,,"Laptop Lenovo Gaming LOQ 15ARP10E - 83S0004FVN (R7 7735HS, 16GB, 512GB, RTX 4050 6GB, Full HD 144Hz, Win11)",Lenovo,laptop,36390000,,,,5.0,39,https://www.thegioididong.com/laptop/lenovo-gaming-loq-15arp10e-r7-7735hs-83s0004fvn,thegioididong,2026-09-21
366167,,"Laptop Lenovo Gaming LOQ 15IRX9 - 83DV01H3VN (i7 13645HX, 16GB, 512GB, RTX 4050 6GB, Full HD 144Hz, Win11)",Lenovo,laptop,36390000,43990000,7600000,17,5.0,27,https://www.thegioididong.com/laptop/lenovo-gaming-loq-15irx9-i7-13645hx-83dv01h3vn,thegioididong,2026-09-21
334800,,"Laptop Asus Zenbook A14 UX3407QA - QD299WS (X1 26 100, 16GB, 512GB, WUXGA OLED, OfficeH24+365, Win11)",Asus,laptop,29290000,31990000,2700000,8,5.0,283,https://www.thegioididong.com/laptop/asus-zenbook-a14-ux3407qa-x1-26-100-qd299ws,thegioididong,2026-09-21
358119,,"Laptop HP OmniBook 7 14 fr0024TU - C1MN0PA (Ultra 7 255H, 32GB, 512GB, WUXGA, OfficeH24+365B, Win11)",HP,laptop,35690000,38190000,2500000,6,5.0,39,https://www.thegioididong.com/laptop/hp-omnibook-7-14-fr0024tu-ultra-7-255h-c1mn0pa,thegioididong,2026-09-21
364942,,"Laptop Asus Vivobook 16 X1607CA - MB990W (Ultra 7 255H, 16GB, 512GB, WUXGA, Win11)",Asus,laptop,26090000,27990000,1900000,6,5.0,69,https://www.thegioididong.com/laptop/asus-vivobook-16-x1607ca-ultra-7-255h-mb990w,thegioididong,2026-09-21
342469,,"Laptop Dell Inspiron 15 3530 - N5I7421W1 (i7 1355U, 16GB, 512GB,  Full HD 120Hz, OfficeHS24+365, Win11)",Dell,laptop,24890000,26990000,2100000,7,5.0,1343,https://www.thegioididong.com/laptop/dell-inspiron-15-3530-i7-1355u-n5i7421w1,thegioididong,2026-09-21
366165,,"Laptop Lenovo IdeaPad Slim 3 15IPH11 - 83UR0075VN (Ultra 7 355, 16GB, 512GB, WUXGA, Win11)",Lenovo,laptop,30390000,36990000,6600000,17,5.0,12,https://www.thegioididong.com/laptop/lenovo-ideapad-slim-3-15iph11-ultra-7-355-83ur0075vn,thegioididong,2026-09-21
358072,,"Laptop HP OmniBook 5 AI 16 af1052TU - C1MN6PA (Ultra 7 255U, 32GB, 512GB, WUXGA, Cảm ứng, OfficeH24, Win11)",HP,laptop,33190000,39990000,6800000,17,5.0,129,https://www.thegioididong.com/laptop/hp-omnibook-5-ai-16-af1052tu-ultra-7-255u-c1mn6pa,thegioididong,2026-09-21
362409,,"Laptop Asus Vivobook 14 Flip TP3407SA - SG349W (Ultra 5 226V, 16GB, 512GB, WUXGA OLED, Cảm ứng, Win11)",Asus,laptop,27990000,30590000,2600000,8,5.0,137,https://www.thegioididong.com/laptop/asus-vivobook-14-flip-tp3407sa-ultra-5-226v-sg349w,thegioididong,2026-09-21
365614,,"Laptop HP EliteBook 6 G1a 14 - C0CE1PT (R5 AI 340, 16GB, 512GB, WUXGA, Win11)",HP,laptop,31390000,32790000,1400000,4,5.0,8,https://www.thegioididong.com/laptop/hp-elitebook-6-g1a-14-r5-ai-340-c0ce1pt,thegioididong,2026-09-21
342521,,"Laptop Lenovo Gaming Legion 5 15IRX10 - 83LY00HQVN (i7 13650HX, 16GB, 512GB, RTX 5060 8GB, WUXGA 165Hz, OfficeH24, Win11)",Lenovo,laptop,52690000,54490000,1800000,3,5.0,52,https://www.thegioididong.com/laptop/lenovo-gaming-legion-5-15irx10-i7-13650hx-83ly00hqvn,thegioididong,2026-09-21
367017,,"Laptop Lenovo IdeaPad Slim 3 15IPH11 - 83UR00A5VN (Ultra 7 355, 16GB, 512GB, WUXGA, Win11)",Lenovo,laptop,30390000,36990000,6600000,17,5.0,13,https://www.thegioididong.com/laptop/lenovo-ideapad-slim-3-15iph11-ultra-7-355-83ur00a5vn,thegioididong,2026-09-21
332579,,"Laptop Acer Gaming Nitro ProPanel ANV16 41 R6ZY - NH.QP2SV.002 (R5 8645HS, 16GB, 512GB, RTX 3050 6GB, WUXGA 165Hz, Win11)",Acer,laptop,30390000,30990000,600000,2,5.0,91,https://www.thegioididong.com/laptop/acer-nitro-v-16-propanel-anv16-41-r6zy-r5-nhqp2sv002,thegioididong,2026-09-21
364622,,"Laptop Lenovo ThinkPad X1 Carbon Gen 13 - 21NS010CVN (Ultra 7 258V, 32GB, 1TB, 2.8K OLED 120Hz, Win11Pro)",Lenovo,laptop,69990000,,,,5.0,11,https://www.thegioididong.com/laptop/lenovo-thinkpad-x1-carbon-gen-13-ultra-7-258v-21ns010cvn,thegioididong,2026-09-21
337041,,"Laptop HP Pavilion 16 af0052TU - AY8C1PA (Ultra 7 155U, 16GB, 1TB, WUXGA, OfficeHS+365, Win11)",HP,laptop,27790000,,,,5.0,505,https://www.thegioididong.com/laptop/hp-pavilion-16-af0052tu-ultra-7-ay8c1pa,thegioididong,2026-09-21
326049,,"Laptop HP 245 G10 - A20TDPT (R5 7530U, 8GB, 512GB, Full HD, Win11)",HP,laptop,20390000,22190000,1800000,8,4.9,6859,https://www.thegioididong.com/laptop/hp-245-g10-r5-a20tdpt,thegioididong,2026-09-21
338312,,"Laptop Dell Inspiron 14 5440 - N4I5211W1 (Core 5 120U, 16GB, 512GB, Full HD+, OfficeHS, Win11)",Dell,laptop,25390000,25990000,600000,2,5.0,391,https://www.thegioididong.com/laptop/dell-inspiron-14-5440-core-5-n4i5211w1,thegioididong,2026-09-21
364415,,"Laptop Asus Vivobook S14 S3407CA - SF913W (Ultra 5 225H, 16GB, 512GB, WUXGA OLED, Win11)",Asus,laptop,28090000,,,,5.0,61,https://www.thegioididong.com/laptop/asus-vivobook-s14-s3407ca-ultra-5-225h-sf913w,thegioididong,2026-09-21
363902,,"Laptop Lenovo V15 G5 IRL - 83HF00BVVN (i5 13420H, 8GB, 512GB, Full HD, Win11)",Lenovo,laptop,21690000,,,,5.0,44,https://www.thegioididong.com/laptop/lenovo-v15-g5-irl-i5-13420h-83hf00bvvn,thegioididong,2026-09-21
361729,,"Laptop HP ProBook 4 G1q 14 - C40JQAT (X1 26 100, 16GB, 512GB, WUXGA, Win11)",HP,laptop,23690000,,,,5.0,24,https://www.thegioididong.com/laptop/hp-probook-4-g1q-14-x1-26-100-c40jqat,thegioididong,2026-09-21
362624,,"Laptop Asus Vivobook S14 M3407GA - SF030W (R7 AI 445, 16GB, 512GB, WUXGA OLED, Win11)",Asus,laptop,29390000,30990000,1600000,5,5.0,51,https://www.thegioididong.com/laptop/asus-vivobook-s14-m3407ga-r7-ai-445-sf030w,thegioididong,2026-09-21
359302,,"Laptop MSI Gaming Stealth A16 AI+ A3XWFG - 018VN (R9 AI HX 370, 32GB, 1TB, RTX 5060 8GB, QHD+ OLED, 240Hz, Win11)",MSI,laptop,65390000,65990000,600000,1,5.0,2,https://www.thegioididong.com/laptop/msi-gaming-stealth-a16-ai-a3xwfg-r9-ai-hx-370-018vn,thegioididong,2026-09-21
341269,,"Laptop HP OmniBook UF 14 fh0097TU - BZ7S3PA (Ultra 7 258V, 32GB, 1TB, 2.8K OLED 120Hz, Cảm ứng, OfficeH24, Win11)",HP,laptop,56690000,59390000,2700000,5,5.0,26,https://www.thegioididong.com/laptop/hp-omnibook-uf-14-fh0097tu-ultra-7-258v-bz7s3pa,thegioididong,2026-09-21
363900,,"Laptop Lenovo ThinkPad E14 Gen 7 - 21U2003JVN (Ultra 7 258V, 32GB, 512GB, WUXGA, Win11)",Lenovo,laptop,37990000,,,,5.0,151,https://www.thegioididong.com/laptop/lenovo-thinkpad-e14-gen-7-ultra-7-258v-21u2003jvn,thegioididong,2026-09-21
358798,,"Laptop HP OmniBook 5 16 ag1066AU - BZ7S9PA (R7 Al 350, 16GB, 512GB, WUXGA, Cảm ứng, OfficeH24+365B, Win11)",HP,laptop,31490000,32290000,800000,2,5.0,24,https://www.thegioididong.com/laptop/hp-omnibook-5-16-ag1066au-r7-al-350-bz7s9pa,thegioididong,2026-09-21
325247,,"Laptop Dell Inspiron 15 3530 - P16WD (i7 1355U, 16GB, 1TB, Full HD 120Hz, OfficeHS, Win11)",Dell,laptop,26890000,28490000,1600000,5,4.9,3336,https://www.thegioididong.com/laptop/dell-inspiron-15-3530-i7-p16wd,thegioididong,2026-09-21
342749,,"Laptop Asus Vivobook S14 S3407VA - LY053W (i7 13620H, 16GB, 512GB, WUXGA, Win11)",Asus,laptop,24590000,25990000,1400000,5,5.0,264,https://www.thegioididong.com/laptop/asus-vivobook-s14-s3407va-i7-13620h-ly053w,thegioididong,2026-09-21
367377,,"Laptop Acer Aspire Lite 15 AL15-53P-56QH - NX.DG3SV.001 (Core 5 120U, 8GB, 512GB, Full HD, Win11)",Acer,laptop,20090000,24990000,4900000,19,5.0,8,https://www.thegioididong.com/laptop/acer-aspire-lite-15-al15-53p-56qh-core-5-120u-nx-dg3sv-001,thegioididong,2026-09-21
359299,,"Laptop MSI Gaming Katana 15 HX B14WFK - 294VN (i9 14900HX, 16GB, 512GB, RTX 5060 8GB, QHD, 165Hz, Win11)",MSI,laptop,46990000,,,,5.0,19,https://www.thegioididong.com/laptop/msi-gaming-katana-15-hx-b14wfk-i9-14900hx-294vn,thegioididong,2026-09-21
342721,,"Laptop HP Gaming OMEN 16 am0127TX - BX8Y0PA (i9 14900HX, 32GB, 512GB, RTX 5070 8GB, WUXGA 165Hz, Win11)",HP,laptop,58390000,63390000,5000000,7,5.0,11,https://www.thegioididong.com/laptop/hp-gaming-omen-16-am0127tx-i9-14900hx-bx8y0pa,thegioididong,2026-09-21
361730,,"Laptop HP ProBook 4 G1q 14 - C40JRAT (X1 26 100, 32GB, 512GB, WUXGA, Win11)",HP,laptop,27690000,,,,5.0,11,https://www.thegioididong.com/laptop/hp-probook-4-g1q-14-x1-26-100-c40jrat,thegioididong,2026-09-21
358794,,"Laptop HP OmniBook 7 16 az0038TU - C2CX1PA (Core 5 210H, 24GB, 512GB, WUXGA, OfficeH24, Win11)",HP,laptop,28690000,31590000,2900000,9,5.0,19,https://www.thegioididong.com/laptop/hp-omnibook-7-16-az0038tu-core-5-210h-c2cx1pa,thegioididong,2026-09-21
368218,,"Laptop Lenovo ThinkBook 14 G9 - 21V0005PVN (R7 250, 16GB, 512GB, WUXGA, Win11)",Lenovo,laptop,34790000,35290000,500000,1,5.0,14,https://www.thegioididong.com/laptop/lenovo-thinkbook-14-g9-r7-250-21v0005pvn,thegioididong,2026-09-21
369747,,"Laptop Dell 14 DC14250 - DC14250-C7U161W11SLU-2Y (Core 7 150U, 16GB, 1TB, Full HD+ ,OfficeH24+365, Win11)",Dell,laptop,35690000,37990000,2300000,6,,,https://www.thegioididong.com/laptop/dell-14-dc14250-core-7-150u-dc14250-c7u161w11slu-2y,thegioididong,2026-09-21
345508,,"Laptop HP EliteBook 6 G1i 13 - BQ9M6PT (Ultra 7 255U, 16GB, 512GB, WUXGA, Win11)",HP,laptop,37390000,38790000,1400000,4,5.0,52,https://www.thegioididong.com/laptop/hp-elitebook-6-g1i-13-ultra-7-255u-bq9m6p,thegioididong,2026-09-21
345500,,"Laptop HP Probook 4 G1i 16 - BQ5D4PT (Ultra 5 225U, 16GB, 512GB, WUXGA, Win11)",HP,laptop,30890000,34590000,3700000,10,5.0,115,https://www.thegioididong.com/laptop/hp-probook-4-g1i-16-ultra-5-225u-bq5d4pt,thegioididong,2026-09-21
368217,,"Laptop Lenovo Yoga 7 2in1 14IPH11 - 83TC002LVN (Ultra 5 322, 16GB, 512GB, WUXGA OLED, Cảm ứng, OfficeH24+365, Win11)",Lenovo,laptop,39190000,44990000,5800000,12,5.0,1,https://www.thegioididong.com/laptop/lenovo-yoga-7-2in1-14iph11-ultra-5-322-83tc002lvn,thegioididong,2026-09-21
325953,,"Laptop Dell Inspiron 14 5440 - 7FN5J (Core 7 150U, 16GB, 1TB, Full HD+, OfficeHS, Win11)",Dell,laptop,29690000,31390000,1700000,5,5.0,1642,https://www.thegioididong.com/laptop/dell-inspiron-14-5440-core-7-7fn5j,thegioididong,2026-09-21
362023,,"Laptop Dell 16 DC16251 - DC6C7557W1 (Core 7 150U, 16GB, 1TB, Full HD+, OfficeH24+365, Win11)",Dell,laptop,34690000,35990000,1300000,4,5.0,33,https://www.thegioididong.com/laptop/dell-16-dc16251-core-7-150u-dc6c7557w1,thegioididong,2026-09-21
367012,,"Laptop Lenovo IdeaPad 5 2in1 14IPH11 - 83UG0026VN (Ultra 5 322, 16GB, 512GB, WUXGA, Cảm ứng, Win11)",Lenovo,laptop,31390000,,,,5.0,7,https://www.thegioididong.com/laptop/lenovo-ideapad-5-2in1-14iph11-ultra-5-322-83ug0026vn,thegioididong,2026-09-21
368223,,"Laptop HP OmniBook X Flip 14 fk0082AU - BZ7N8PA (R7 AI 350, 32GB, 1TB, 2K, Cảm ứng, OfficeH24+365, Win11)",HP,laptop,40590000,40890000,300000,1,5.0,24,https://www.thegioididong.com/laptop/hp-omnibook-x-flip-14-fk0082au-r7-ai-350-bz7n8pa,thegioididong,2026-09-21
340559,,"Laptop Dell Inspiron 15 3530 - N3530-i7U161W11SLU (i7 1355U, 16GB, 1TB, Full HD 120Hz, OfficeH24+365, Win11)",Dell,laptop,26890000,28490000,1600000,5,5.0,1036,https://www.thegioididong.com/laptop/dell-inspiron-15-3530-i7-n3530-i7u161w11slu,thegioididong,2026-09-21
337471,,"Laptop Dell Inspiron 15 3530 - 71053696 (i5 1334U, 16GB, 512GB, Full HD 120Hz, OfficeH24+365, KYHD, Win11)",Dell,laptop,22390000,24490000,2100000,8,5.0,701,https://www.thegioididong.com/laptop/dell-inspiron-15-3530-i5-71053696,thegioididong,2026-09-21
365312,,"Laptop Dell 16 DC16250 - DC16250-C7U161W11BLU-27 (Core 7 150U, 16GB, 1TB, Full HD+, OfficeHS24+365, Win11)",Dell,laptop,34690000,35990000,1300000,4,5.0,19,https://www.thegioididong.com/laptop/dell-16-dc16250-core-7-150u-dc16250-c7u161w11blu-27,thegioididong,2026-09-21
337042,,"Laptop HP Pavilion 16 af0053TU - AY8C2PA (Ultra 7 155U, 16GB, 512GB, WUXGA, OfficeHS+365, Win11)",HP,laptop,26790000,,,,5.0,922,https://www.thegioididong.com/laptop/hp-pavilion-16-af0053tu-ultra-7-ay8c2pa,thegioididong,2026-09-21
369450,,"Laptop Asus Vivobook 16 X1607CA - MB387W (Ultra 5 225H, 16GB, 512GB, WUXGA, Win11)",Asus,laptop,25990000,33490000,7500000,22,,,https://www.thegioididong.com/laptop/asus-vivobook-16-x1607ca-ultra-5-225h-mb387w,thegioididong,2026-09-21
367374,,"Laptop Acer Aspire Lite 14 AL14-45P-R7Z3 - NX.DPESV.002 (R3 5400U, 8GB, 512GB, Full HD+, Win11)",Acer,laptop,16890000,17990000,1100000,6,5.0,263,https://www.thegioididong.com/laptop/acer-aspire-lite-14-al14-45p-r7z3-r3-5400u-nx-dpesv-002,thegioididong,2026-09-21
341573,,"Laptop MSI Gaming Stealth A16 Mercedes AMG AI+ A3XWGG - 032VN (R9 AI HX 370, 32GB, 2TB, RTX 5070 8GB, QHD+ OLED 240Hz, Win11)",MSI,laptop,79990000,,,,5.0,1,https://www.thegioididong.com/laptop/msi-stealth-a16-mercedes-amg-ai-a3xwgg-r9-ai-hx-370-032vn,thegioididong,2026-09-21
363896,,"Laptop Lenovo ThinkPad X1 Carbon Gen 13 - 21NS010EVN (Ultra 5 226V, 16GB, 1TB, 2.8K OLED 120Hz, Win11Pro)",Lenovo,laptop,62790000,,,,5.0,2,https://www.thegioididong.com/laptop/lenovo-thinkpad-x1-carbon-gen-13-ultra-5-226v-21ns010evn,thegioididong,2026-09-21
370357,,"Laptop Lenovo Yoga Slim 7 Ultra 14IPH11 - 83QK006GVN (Ultra 7 355, 32GB, 1TB, WQXGA+ 120Hz, Cảm ứng, OfficeH24+365, Win11)",Lenovo,laptop,65690000,66990000,1300000,2,,,https://www.thegioididong.com/laptop/lenovo-yoga-slim-7-ultra-14iph11-ultra-7-355-83qk006gvn,thegioididong,2026-09-21
331522,,"Laptop HP Elitebook X360 830 G11 - A7RB9PT (Ultra 5 135U, 16GB, 512GB, WUXGA, Cảm ứng, Win11 Pro)",HP,laptop,45090000,46190000,1100000,2,5.0,6,https://www.thegioididong.com/laptop/hp-elitebook-x360-830-g11-ultra-5-a7rb9pt,thegioididong,2026-09-21
368213,,"Laptop Lenovo IdeaPad Slim 5 14IPH11 - 83S5004FVN (Ultra 7 355, 16GB, 512GB, WUXGA OLED, Win11)",Lenovo,laptop,36390000,37990000,1600000,4,5.0,7,https://www.thegioididong.com/laptop/lenovo-ideapad-slim-5-14iph11-ultra-7-355-83s5004fvn,thegioididong,2026-09-21
368225,,"Laptop HP HyperX Omen 15 ga0091TX - D72D7PA (i5 14450HX, 16GB, 512GB, RTX 5060 8GB, WUXGA 165Hz, Win11)",HP,laptop,49990000,,,,,,https://www.thegioididong.com/laptop/hp-hyperx-omen-15-ga0091tx-i5-14450h-d72d7pa,thegioididong,2026-09-21
367019,,"Laptop Lenovo Yoga Slim 7 OLED 14IPH11 - 83QM002FVN (Ultra 7 355, 32GB, 1TB, WUXGA OLED, OfficeH24+365, Win11)",Lenovo,laptop,55190000,64990000,9800000,15,5.0,3,https://www.thegioididong.com/laptop/lenovo-yoga-slim-7-oled-14iph11-ultra-7-355,thegioididong,2026-09-21
358081,,"Laptop HP OmniBook 7 16 az0040TU - C2DR3PA (Core 9 270H, 32GB, 512GB, WUXGA, OfficeH24+365, Win11)",HP,laptop,40590000,42490000,1900000,4,5.0,13,https://www.thegioididong.com/laptop/hp-omnibook-7-16-az0040tu-core-9-270h-c2dr3pa,thegioididong,2026-09-21
339558,,"Laptop HP EliteBook X G1a 14 AI - B9FE4PT (R9 AI HX PRO 375, 32GB, 1TB, 2.8K OLED 120Hz, Cảm ứng, Win11 Pro)",HP,laptop,60990000,62290000,1300000,2,5.0,3,https://www.thegioididong.com/laptop/hp-elitebook-x-g1a-14-ai-r9-ai-hx-pro-375-b9fe4pt,thegioididong,2026-09-21
327098,,"Laptop HP 15 fc0085AU - A6VV8PA (R5 7430U, 16GB, 512GB, Full HD, Win11)",HP,laptop,22390000,24290000,1900000,7,4.9,20182,https://www.thegioididong.com/laptop/hp-15-fc0085au-r5-a6vv8pa,thegioididong,2026-09-21
368224,,"Laptop HP Gaming HyperX Omen 15 ga0092TX - D72D8PA (i5 14450HX, 16GB, 512GB, RTX 5050 8GB, WUXGA 165Hz, Win11)",HP,laptop,46990000,,,,,,https://www.thegioididong.com/laptop/hp-gaming-hyperx-omen-15-ga0092tx-i5-14450hx-d72d8pa,thegioididong,2026-09-21
337040,,"Laptop HP Elitebook Ultra G1q - B4PY1PT (X1E 78 100, 32GB, 1TB, 2.2K, Cảm ứng, Win11 Pro)",HP,laptop,50190000,51390000,1200000,2,5.0,4,https://www.thegioididong.com/laptop/hp-elitebook-ultra-g1q-x1e-78-100-b4py1pt,thegioididong,2026-09-21
367685,,"Laptop Lenovo IdeaPad Slim 3 14IPH11 - 83UQ003PVN (Ultra 7 355, 16GB, 512GB, WUXGA, Win11)",Lenovo,laptop,30390000,36990000,6600000,17,5.0,1,https://www.thegioididong.com/laptop/lenovo-ideapad-slim-3-14iph11-ultra-7-355-83uq003pvn,thegioididong,2026-09-21
364621,,"Laptop Lenovo ThinkPad X1 Carbon Gen 13 - 21NS010JVN (Ultra 7 258V, 32GB, 1TB, 2.8K OLED 120Hz, Win11Pro)",Lenovo,laptop,70190000,,,,5.0,4,https://www.thegioididong.com/laptop/lenovo-thinkpad-x1-carbon-gen-13-ultra-7-258v-21ns010jvn,thegioididong,2026-09-21
364403,,"Laptop Asus Zenbook 14 UX3405CA - ST629W (Ultra 7 255H, 32GB, 512GB, 3K OLED 120Hz, Win11)",Asus,laptop,36990000,38690000,1700000,4,5.0,62,https://www.thegioididong.com/laptop/asus-zenbook-14-ux3405ca-ultra-7-255h-st629w,thegioididong,2026-09-21
363488,,Laptop MacBook Pro 14 inch M5 Pro 24GB/1TB 70W,MacBook,laptop,67490000,68990000,1500000,2,5.0,273,https://www.thegioididong.com/laptop/macbook-pro-14-inch-m5-pro-24gb-1tb,thegioididong,2026-09-21
371299,,"Laptop Asus Vivobook 16 X1607CA - MB399W (Ultra 7 255H, 16GB, 512GB, WUXGA, Win11)",Asus,laptop,28090000,36490000,8400000,23,,,https://www.thegioididong.com/laptop/asus-vivobook-16-x1607ca-ultra-7-255h-mb399w,thegioididong,2026-09-21
364416,,"Laptop Asus Vivobook S14 S3407CA - SF923W (Ultra 7 255H, 16GB, 512GB, WUXGA, Win11)",Asus,laptop,30290000,31990000,1700000,5,5.0,26,https://www.thegioididong.com/laptop/asus-vivobook-s14-s3407ca-ultra-7-255h-sf923w?utm_flashsale=1,thegioididong,2026-09-21
369469,,"Laptop Asus Vivobook S 16 S3607VA - RP155W (Core 5 210H, 16GB, 512GB, Full HD+ 144Hz, Win11)",Asus,laptop,28390000,34990000,6600000,18,,,https://www.thegioididong.com/laptop/asus-vivobook-s-16-s3607va-core-5-210h-rp155w,thegioididong,2026-09-21
364489,,"Laptop Asus TUF Gaming F16 FX608JMI - TU241W (i7 14650HX, 16GB, 512GB, RTX 5060 8GB, Full HD+ 144Hz, Win11)",Asus,laptop,43890000,44990000,1100000,2,5.0,2,https://www.thegioididong.com/laptop/asus-tuf-gaming-f16-fx608jmi-i7-14650hx-tu241w,thegioididong,2026-09-21
369984,,"Laptop MSI Cyborg 15 Black Edition A13VEO - 2608VN (i7 13620H, 16GB, 512GB, RTX 4050 6GB, Full HD 144Hz, Win11)",MSI,laptop,31990000,33990000,2000000,5,,,https://www.thegioididong.com/laptop/msi-cyborg-15-black-edition-a13veo-i7-13620h-2608vn,thegioididong,2026-09-21
364941,,"Laptop Asus Vivobook S14 M3407HA - SF480W (R5 220, 16GB, 512GB, WUXGA OLED, Win11)",Asus,laptop,24090000,25490000,1400000,5,5.0,66,https://www.thegioididong.com/laptop/asus-vivobook-s14-m3407ha-r5-220-sf480w,thegioididong,2026-09-21
367892,,"Laptop Asus Vivobook 14 X1404MA - EB219W (Core 5 320, 8GB, 512GB, Full HD, Win11)",Asus,laptop,21090000,26990000,5900000,21,5.0,6,https://www.thegioididong.com/laptop/asus-vivobook-14-x1404ma-core-5-320-eb219w,thegioididong,2026-09-21
371296,,"Laptop Asus TUF Gaming A15 FA506NCG - HN390W (R7 155, 16GB, 512GB, RTX 3050 4GB, Full HD 144Hz, Win11)",Asus,laptop,28890000,37490000,8600000,22,,,https://www.thegioididong.com/laptop/asus-tuf-gaming-a15-fa506ncg-r7-155-hn390w,thegioididong,2026-09-21
369746,,"Laptop Dell 14 DC14250 - DC14250-C3U085W11SLU-2Y (Core 3 100U, 8GB, 512GB, Full HD+, OfficeH24+365, Win11)",Dell,laptop,21890000,22590000,700000,3,,,https://www.thegioididong.com/laptop/dell-14-dc14250-core-3-100u-dc14250-c3u085w11slu-2y,thegioididong,2026-09-21
368147,,"Laptop Asus Vivobook 15 X1504MA - BQ385W (Core 5 320, 16GB, 512GB, Full HD, Win11)",Asus,laptop,25390000,31990000,6600000,20,5.0,3,https://www.thegioididong.com/laptop/asus-vivobook-15-x1504ma-core-5-320-bq385w,thegioididong,2026-09-21
367898,,"Laptop Asus Vivobook 15 X1504MA - BQ632W (Core 5 320, 8GB, 512GB, Full HD, Win11)",Asus,laptop,21090000,26990000,5900000,21,5.0,15,https://www.thegioididong.com/laptop/asus-vivobook-15-x1504ma-core-5-320-bq632w,thegioididong,2026-09-21
369755,,"Laptop Asus Gaming V16 V3607VJ Core 5 - TK189W (Core 5 210H, 16GB, 512GB, RTX 3050 6GB, WUXGA 144Hz, Win11)",Asus,laptop,27390000,36990000,9600000,25,,,https://www.thegioididong.com/laptop/asus-gaming-v16-v3607vj-core-5-core-5-210h-tk189w,thegioididong,2026-09-21
368302,,"Laptop Asus Vivobook Go 14 E1404FA - EB012W (R5 40, 8GB, 512GB, Full HD, Win11)",Asus,laptop,19890000,22990000,3100000,13,5.0,206,https://www.thegioididong.com/laptop/asus-vivobook-go-14-e1404fa-r5-40-eb012w,thegioididong,2026-09-21
370862,,"Laptop Acer Aspire Lite 15 AL15-410P-R1W8 - NX.X0RSV.001 (Ryzen 5 3500U, 8GB, 512GB, Full HD, Win11)",Acer,laptop,19090000,20990000,1900000,9,,,https://www.thegioididong.com/laptop/acer-aspire-lite-15-al15-410p-r1w8-ryzen-5-3500u-nx-x0rsv-001,thegioididong,2026-09-21
371300,,"Laptop Asus TUF Gaming A15 FA506NCG - HN396W (R7 155, 8GB, 512GB, RTX 3050 4GB, Full HD 144Hz, Win11)",Asus,laptop,25890000,32990000,7100000,21,,,https://www.thegioididong.com/laptop/asus-tuf-gaming-a15-fa506ncg-r7-155-hn396w,thegioididong,2026-09-21
365309,,"Laptop Dell 14 DC14250 - DC14250-C7U161W11SLU-27 (Core 7 150U, 16GB, 1TB, Full HD+, OfficeHS24+365, Win11)",Dell,laptop,32690000,,,,5.0,42,https://www.thegioididong.com/laptop/dell-14-dc14250-core-7-150u-dc14250-c7u161w11slu-27,thegioididong,2026-09-21
369463,,"Laptop Asus ExpertBook P5 P5405CSA - NZ1371W (Ultra 7 258V, 32GB, 512GB, WQXGA 144Hz, Win11)",Asus,laptop,38890000,39490000,600000,2,,,https://www.thegioididong.com/laptop/asus-expertbook-p5-p5405csa-ultra-7-258v-nz1371w,thegioididong,2026-09-21
368300,,"Laptop Asus Vivobook S14 S3407VA - LY256W (Core 7 240H, 16GB, 512GB, WUXGA OLED, Win11)",Asus,laptop,28090000,29990000,1900000,6,5.0,9,https://www.thegioididong.com/laptop/asus-vivobook-s14-s3407va-core-7-240h-ly256w,thegioididong,2026-09-21
367899,,"Laptop Asus Vivobook 15 X1504MA - BQ633W (Core 7 350, 8GB, 512GB, Full HD, Win11)",Asus,laptop,25390000,30490000,5100000,16,,,https://www.thegioididong.com/laptop/asus-vivobook-15-x1504ma-core-7-350-bq633w,thegioididong,2026-09-21
351616,,"Laptop Asus Vivobook S14 M3407KA - SF034WS (R5 AI 330, 16GB, 512GB, WUXGA OLED, OfficeH24+365, Win11)",Asus,laptop,24890000,24990000,100000,0,5.0,115,https://www.thegioididong.com/laptop/asus-vivobook-s14-m3407ka-r5-ai-330-sf034ws,thegioididong,2026-09-21
369748,,"Laptop Dell 15 DC15250 - DC5C3851W1-2Y (Core 3 100U, 8GB, 512GB, Full HD 120Hz, OfficeH24+365, Win11)",Dell,laptop,21890000,22590000,700000,3,,,https://www.thegioididong.com/laptop/dell-15-dc15250-core-3-100u-dc5c3851w1-2y,thegioididong,2026-09-21
371075,,"Laptop Asus Gaming V16 V3607VU - TK416W (Core 5 210H, 16GB, 512GB, RTX 4050 6GB, WUXGA 144Hz, Win11)",Asus,laptop,34390000,41990000,7600000,18,,,https://www.thegioididong.com/laptop/asus-gaming-v16-v3607vu-core-5-210h-tk416w,thegioididong,2026-09-21
369985,,"Laptop MSI Cyborg 15 Black Edition A13VEO - 2610VN (i5 13420H, 16GB, 512GB, RTX 4050 6GB, Full HD 144Hz, Win11)",MSI,laptop,29990000,31990000,2000000,6,,,https://www.thegioididong.com/laptop/msi-cyborg-15-black-edition-a13veo-i5-13420h-2610vn,thegioididong,2026-09-21
369449,,"Laptop Asus Vivobook 14 X1404MA - EB028W (Core 5 320, 16GB, 512GB, Full HD, Win11)",Asus,laptop,25390000,31990000,6600000,20,,,https://www.thegioididong.com/laptop/asus-vivobook-14-x1404ma-core-5-320-eb028w,thegioididong,2026-09-21
368148,,"Laptop Asus Vivobook 15 X1504MA - BQ395W (Core 7 350, 16GB, 512GB, Full HD, Win11)",Asus,laptop,29390000,35490000,6100000,17,5.0,2,https://www.thegioididong.com/laptop/asus-vivobook-15-x1504ma-core-7-350-bq395w,thegioididong,2026-09-21
368658,,"Laptop Acer Aspire Lite 15 AL15-44P-R4UH - NX.DJVSV.002 (R7 7730U, 16GB, 512GB, Full HD, Win11)",Acer,laptop,23090000,23990000,900000,4,5.0,4,https://www.thegioididong.com/laptop/acer-aspire-lite-15-al15-44p-r4uh-r7-7730u-nx-djvsv-002,thegioididong,2026-09-21
364409,,"Laptop Asus Gaming ROG Strix G16 G614PH - S5101W (R9 8940HX, 16GB, 512GB, RTX 5050 8GB, WQXGA 240Hz, Win11)",Asus,laptop,47990000,,,,5.0,22,https://www.thegioididong.com/laptop/asus-gaming-rog-strix-g16-g614ph-r9-8940hx-s5101w,thegioididong,2026-09-21
366826,,"Laptop ASUS Vivobook 14 X1407AA - LY360W (Ultra 5 325, 16GB, 512GB, WUXGA, Win11)",Asus,laptop,25490000,26990000,1500000,5,5.0,16,https://www.thegioididong.com/laptop/asus-vivobook-14-x1407aa-ultra-5-325-ly360w,thegioididong,2026-09-21
358371,,"Laptop Lenovo Gaming LOQ 15IRX10 - 83JE00PEVN (i7 13650HX, 16GB, 512GB, RTX 5050 8GB, Full HD 144Hz, Win11)",Lenovo,laptop,41390000,,,,5.0,9,https://www.thegioididong.com/laptop/lenovo-gaming-loq-15irx10-i7-13650hx-83je00pevn,thegioididong,2026-09-21
369464,,"Laptop Asus ExpertBook P5 P5405CSA - NZ1368W (Ultra 5 226V, 16GB, 512GB, WQXGA 144Hz, Win11)",Asus,laptop,31490000,31990000,500000,2,,,https://www.thegioididong.com/laptop/asus-expertbook-p5-p5405csa-ultra-5-226v-nz1368w,thegioididong,2026-09-21
369213,,"Laptop MSI Gaming Cyborg 15 C13WEO-417VN (i7 13620H, 16GB, 512GB, RTX 5050 8GB, Full HD 144Hz, Win11)",MSI,laptop,35990000,36990000,1000000,3,,,https://www.thegioididong.com/laptop/msi-gaming-cyborg-15-c13weo-417vn-i7-13620h,thegioididong,2026-09-21
368219,,"Laptop Lenovo V14 G5 - 83HD0035VN (Core7 240H, 16G, 512GB, Full HD, Win11)",Lenovo,laptop,32690000,,,,,,https://www.thegioididong.com/laptop/lenovo-v14-g5-core7-240h-83hd0035vn,thegioididong,2026-09-21
368149,,"Laptop Asus Gaming ROG Strix G16 G614PM - TS147W (R9 8940HX, 16GB, 512GB, RTX 5060 8GB, WQXGA 300Hz, Win11)",Asus,laptop,56390000,57990000,1600000,3,5.0,9,https://www.thegioididong.com/laptop/asus-gaming-rog-strix-g16-g614pm-r9-8940hx-ts147w,thegioididong,2026-09-21
365113,,"Laptop Asus TUF Gaming FX608JHI - TU209W (i7 14650HX, 16GB, 512GB, RTX5050 8GB, Full HD+ 144Hz, Win11)",Asus,laptop,44390000,49990000,5600000,11,5.0,22,https://www.thegioididong.com/laptop/asus-tuf-gaming-fx608jhi-i7-14650hx-tu209w,thegioididong,2026-09-21
362022,,"Laptop Dell 16 Plus DB16250 - DB6U5387W1 (Ultra 5 226V, 16GB, 1TB, WQXGA, OfficeH24+365, Win11)",Dell,laptop,36990000,37990000,1000000,3,5.0,15,https://www.thegioididong.com/laptop/dell-16-plus-db16250-ultra-5-226v-db6u5387w1,thegioididong,2026-09-21
345504,,"Laptop HP Probook 4 G1i 16 - BQ5E4PT (Ultra 7 255H, 16GB, 512GB, WUXGA, Win11)",HP,laptop,34390000,38190000,3800000,9,5.0,1,https://www.thegioididong.com/laptop/hp-probook-4-g1i-16-ultra-7-255h-bq5e4pt,thegioididong,2026-09-21
369467,,"Laptop Asus ExpertBook P5 P5406CCA - SF0045W (Ultra 5 225H, 16GB, 512GB, WUXGA, Win11)",Asus,laptop,32390000,33990000,1600000,5,,,https://www.thegioididong.com/laptop/asus-expertbook-ultra-p5-p5406cca-ultra-5-225h-sf0045w,thegioididong,2026-09-21
367863,,"Laptop GIGABYTE Gaming A16 - 3VHK3VN893SH (R7 260, 16GB, 512GB, RTX 5060 8GB, Full HD+ 165Hz, Win11)",GIGABYTE,laptop,38890000,40990000,2100000,5,,,https://www.thegioididong.com/laptop/gigabyte-gaming-a16-r7-260-a16-3vhk3vn893sh,thegioididong,2026-09-21
367862,,"Laptop GIGABYTE Gaming A16 - 3THK3VN893SH (R7 260, 16GB, 512GB, RTX 5050 8GB, Full HD+ 165Hz, Win11)",GIGABYTE,laptop,36890000,38990000,2100000,5,5.0,14,https://www.thegioididong.com/laptop/gigabyte-gaming-a16-r7-260-a16-3thk3vn893sh,thegioididong,2026-09-21
367682,,"Laptop Lenovo IdeaPad Slim 3 16IPH11 - 83US002TVN (Ultra 5 322, 24GB, 512GB, WUXGA, Win11)",Lenovo,laptop,29890000,32490000,2600000,8,5.0,1,https://www.thegioididong.com/laptop/lenovo-ideapad-slim-3-16iph11-ultra-5-322-83us002tvn,thegioididong,2026-09-21
365307,,"Laptop Dell 16 DC16250 - 71092481 (Core 5 120U, 16GB, 1TB, Full HD+, OfficeHS24+365, Win11)",Dell,laptop,28390000,28490000,100000,0,5.0,17,https://www.thegioididong.com/laptop/dell-16-dc16250-core-5-120u-71092481,thegioididong,2026-09-21
365302,,"Laptop Dell 14 DC14255 - 71092477 (R7 350, 16GB, 1TB, Full HD+, OfficeHS24+365B, Win11)",Dell,laptop,32190000,33190000,1000000,3,5.0,7,https://www.thegioididong.com/laptop/dell-14-dc14255-r7-350-71092477,thegioididong,2026-09-21
364490,,"Laptop Asus TUF Gaming A16 FA608UM - RV266W (R7 260, 16GB, 512GB, RTX5060 8GB, Full HD+ 165Hz, Win11)",Asus,laptop,44990000,,,,5.0,7,https://www.thegioididong.com/laptop/asus-tuf-gaming-a16-fa608um-r7-260-rv266w,thegioididong,2026-09-21
370280,,"Laptop Acer Gaming Nitro ProPanel ANV15-52-78MD - NH.QZ9SV.007 (Core 7 240H, 16GB, 512GB, RTX 5050 8GB, Full HD 180Hz, Win11)",Acer,laptop,42390000,43990000,1600000,4,,,https://www.thegioididong.com/laptop/acer-gaming-nitro-propanel-anv15-52-78md-core-7-240h-nh-qz9sv-007,thegioididong,2026-09-21
370863,,"Laptop Acer Aspire Lite 14 AL14-47P-R0TR - NX.X0PSV.002 (Ryzen 5 3500U, 8GB, 512GB, Full HD, Win11)",Acer,laptop,19090000,20990000,1900000,9,,,https://www.thegioididong.com/laptop/acer-aspire-lite-14-al14-47p-r0tr-ryzen-5-3500u-nx-x0psv-002,thegioididong,2026-09-21
367864,,"Laptop GIGABYTE Gaming AERO X16 - 1VH93VNC94AH (R7 AI 350, 16GB, 1TB, RTX 5060 8GB, WQXGA 165Hz, Win11)",GIGABYTE,laptop,43990000,44990000,1000000,2,,,https://www.thegioididong.com/laptop/gigabyte-gaming-aero-x16-r7-ai-350-aero-x16-1vh93vnc94ah,thegioididong,2026-09-21
369461,,"Laptop Asus ExpertBook Ultra B9 B9406CAA - X7321TW (Ultra X7 358H, 32GB, 1TB, WQXGA+ OLED 120Hz, Win11)",Asus,laptop,67390000,68000000,610000,1,,,https://www.thegioididong.com/laptop/asus-expertbook-ultra-b9-b9406caa-x7321tw-ultra-x7-358h-32gb-1tb-wqxga-oled-120hz-win11,thegioididong,2026-09-21
368651,,"Laptop Acer Gaming Nitro ProPanel ANV16S-71-58WQ - NH.QXBSV.001 (Core 5 210H, 16GB, 512GB, RTX 5050 8GB, 2K+ 180Hz, Win11)",Acer,laptop,46390000,46990000,600000,1,,,https://www.thegioididong.com/laptop/acer-gaming-nitro-propanel-anv16s-71-58wq-core-5-210h-nh-qxbsv-001,thegioididong,2026-09-21
368216,,"Laptop Lenovo Yoga 7 2in1 14IPH11 - 83TC002MVN (Ultra 7 355, 32GB, 512GB, WUXGA OLED, Cảm ứng, OfficeH24+365, Win11)",Lenovo,laptop,56690000,64990000,8300000,12,,,https://www.thegioididong.com/laptop/lenovo-yoga-7-2in1-14iph11-ultra-7-355-83tc002mvn,thegioididong,2026-09-21
368212,,"Laptop Lenovo ThinkPad X9 14 Gen 1 - 21QA006JVN (Ultra 7 258V, 32GB, 512GB, WUXGA OLED, Win11Pro)",Lenovo,laptop,55190000,,,,5.0,1,https://www.thegioididong.com/laptop/lenovo-thinkpad-x9-14-gen-1-ultra-7-258v-21qa006jvn,thegioididong,2026-09-21
368150,,"Laptop Asus Gaming ROG Strix G16 G614PR - TS103W (R9 8940HX, 16GB, 512GB, RTX 5070Ti 12GB, WQXGA 300Hz, Win11)",Asus,laptop,71990000,,,,,,https://www.thegioididong.com/laptop/asus-gaming-rog-strix-g16-g614pr-r9-8940hx-ts103w,thegioididong,2026-09-21
367348,,"Laptop Dell Pro 14 PC14250 - PC14250-255U-32512WH-2Y (Ultra 7 255U, 32GB, 512GB, Full HD+, Win11)",Dell,laptop,55690000,56690000,1000000,2,5.0,1,https://www.thegioididong.com/laptop/dell-pro-14-pc14250-ultra-7-255u-pc14250-255u-32512wh-2y,thegioididong,2026-09-21
367015,,"Laptop Lenovo Gaming Legion 5 15IPH11 - 83RW0023VN (Ultra 7 356H, 16GB, 512GB, RTX 5060 8GB, WQXGA OLED 165Hz, OfficeH24, Win11)",Lenovo,laptop,61690000,64990000,3300000,5,5.0,3,https://www.thegioididong.com/laptop/lenovo-gaming-legion-5-15iph11-ultra-7-356h-83rw0023vn,thegioididong,2026-09-21
366827,,"Laptop Asus Vivobook S14 S3407AA - SF945W (Ultra 5 325, 16GB, 512GB, WUXGA OLED, Win11)",Asus,laptop,31290000,31990000,700000,2,5.0,2,https://www.thegioididong.com/laptop/asus-vivobook-s14-s3407aa-ultra-5-325-sf945w,thegioididong,2026-09-21
363503,,Laptop Macbook Air 13 inch M5 24GB/512GB 35W,MacBook,laptop,40290000,41490000,1200000,3,5.0,48,https://www.thegioididong.com/laptop/macbook-air-13-inch-m5-24gb-512gb,thegioididong,2026-09-21
364488,,"Laptop Asus TUF Gaming A16 FA608PP - RV089W (R9 8940HX, 16GB, 512GB, RTX5070 8GB, WUXGA 165Hz, Win11)",Asus,laptop,58990000,,,,5.0,7,https://www.thegioididong.com/laptop/asus-tuf-gaming-a16-fa608pp-r9-8940hx-rv089w,thegioididong,2026-09-21
364389,,"Laptop Asus Gaming ROG Flow Z13 GZ302EAC - RU184WS (AI MAX+ 395, 128GB, 1TB, WQXGA 180Hz, Cảm ứng, OfficeH24+365, Win11)",Asus,laptop,109990000,,,,5.0,1,https://www.thegioididong.com/laptop/asus-gaming-rog-flow-z13-gz302eac-ai-max-395-ru184ws,thegioididong,2026-09-21
363899,,"Laptop Lenovo ThinkPad X1 Carbon Gen 13 - 21NS010FVN (Ultra 7 256V, 16GB, 512GB, 2.8K OLED 120Hz, Win11Pro)",Lenovo,laptop,63790000,,,,5.0,1,https://www.thegioididong.com/laptop/lenovo-thinkpad-x1-carbon-gen-13-ultra-7-256v-21ns010fvn,thegioididong,2026-09-21
361539,,"Laptop Dell 16 Plus DB16250 - X65NW9 (Ultra 9 288V, 32GB, 2TB, QHD+ 120Hz, OfficeH24+365, Win11)",Dell,laptop,57690000,58990000,1300000,2,5.0,11,https://www.thegioididong.com/laptop/dell-16-plus-db16250-ultra-9-288v-x65nw9,thegioididong,2026-09-21
371301,,"Laptop GIGABYTE GAMING EAGLE - AGLE-9LJR2VNF93SH (R5 7533HS, 16GB, 512GB, RTX 3050 6GB, Full HD+ 165Hz, Win11)",GIGABYTE,laptop,30390000,30990000,600000,2,,,https://www.thegioididong.com/laptop/gigabyte-gaming-eagle-r5-7533hs-agle-9ljr2vnf93sh,thegioididong,2026-09-21
365617,,"Laptop HP EliteBook 6 G1a 14 - C0CE2PT (R7 AI 350, 16GB, 512GB, WUXGA, Cảm ứng, Win11)",HP,laptop,36390000,36890000,500000,1,,,https://www.thegioididong.com/laptop/hp-elitebook-6-g1a-14-r7-ai-350-c0ce2pt,thegioididong,2026-09-21
364408,,"Laptop Asus TUF Gaming A14 FA401GM - RG013W (R9 AI 465, 32GB, 1TB, RTX 5060 8GB, WQXGA 165Hz, Win11)",Asus,laptop,57990000,,,,4.6,6,https://www.thegioididong.com/laptop/asus-tuf-gaming-a14-fa401gm-r9-ai-465-rg013w,thegioididong,2026-09-21
365619,,"Laptop HP EliteBook 8 G1a 14 - C0CE3PT (R5 AI PRO 340, 32GB, 512GB, WUXGA, Cảm ứng, Win11 Pro)",HP,laptop,42590000,,,,,,https://www.thegioididong.com/laptop/hp-elitebook-8-g1a-14-r5-ai-pro-340-c0ce3pt,thegioididong,2026-09-21
365615,,"Laptop HP EliteBook 6 G1a 14 - C0CF2PT (R5 AI 340, 16GB, 512GB, WUXGA, Cảm ứng, Win11)",HP,laptop,33390000,33790000,400000,1,5.0,1,https://www.thegioididong.com/laptop/hp-elitebook-6-g1a-14-r5-ai-340-c0cf2pt,thegioididong,2026-09-21
364868,,"Laptop MSI Prestige 14 Flip AI+ D3MTG - 021VN (U9 386H, 32GB, 1TB, Full HD+ OLED, Cảm ứng, Win11)",MSI,laptop,54990000,,,,,,https://www.thegioididong.com/laptop/msi-prestige-14-flip-ai-d3mtg-u9-386h-021vn,thegioididong,2026-09-21
363895,,"Laptop Lenovo ThinkPad X1 Carbon Gen 13 - 21NS0107VN (Ultra 5 226V, 16GB, 512GB, 2.8K OLED 120Hz, Win11Pro)",Lenovo,laptop,56690000,57090000,400000,1,5.0,2,https://www.thegioididong.com/laptop/lenovo-thinkpad-x1-carbon-gen-13-ultra-5-226v-21ns0107vn,thegioididong,2026-09-21
342527,,"Laptop Lenovo Gaming Legion 5 15AHP10 - 83M0002YVN (R7 260, 16GB, 512GB, RTX 5050 8GB, WQXGA OLED 165Hz, Win11)",Lenovo,laptop,42990000,,,,,,https://www.thegioididong.com/laptop/lenovo-gaming-legion-5-15ahp10-r7-260-83m0002yvn,thegioididong,2026-09-21
335964,,"Laptop Acer Gaming Predator Helios 18 AI PH18 73 93P0 - NH.QVYSV.001 (Ultra 9 275HX, 64GB, 3TB, RTX 5080 12GB, 2.5K 250Hz, Win11 Pro)",Acer,laptop,99990000,,,,5.0,2,https://www.thegioididong.com/laptop/acer-predator-helios-18-ai-ph18-73-93p0-ultra-9-nhqvysv001,thegioididong,2026-09-21
335963,,"Laptop Acer Gaming Predator Helios 18 AI PH18 73 98AQ - NH.QVWSV.001 (Ultra 9 275HX, 192GB, 6TB, RTX 5090 24GB, 4K 120Hz, Win11 Pro)",Acer,laptop,149990000,,,,5.0,1,https://www.thegioididong.com/laptop/acer-predator-helios-18-ai-ph18-73-98aq-ultra-9-nhqvwsv001,thegioididong,2026-09-21
332274,,"Laptop HP Gaming OMEN 14 fb0135TX - AY8V1PA (Ultra 7 155H, 16GB, 1TB, RTX 4060 8GB, 2.8K OLED 120Hz, Win11)",HP,laptop,64190000,64790000,600000,1,5.0,1,https://www.thegioididong.com/laptop/hp-omen-14-fb0135tx-ultra-7-ay8v1pa,thegioididong,2026-09-21
371302,,"Laptop GIGABYTE GAMING EAGLE - EAGLE-9MJR2VNF93SH (R5 7533HS, 16GB, 512GB, RTX 4050 6GB, Full HD+ 165Hz, Win11)",GIGABYTE,laptop,32890000,33490000,600000,2,,,https://www.thegioididong.com/laptop/gigabyte-gaming-eagle-r5-7533hs-eagle-9mjr2vnf93sh,thegioididong,2026-09-21
370583,,"Laptop MSI Cyborg 15 Max C13WF - 421VN (i7 13620H, 16GB, 512GB, RTX 5060 8GB, Full HD 144Hz, Win11)",MSI,laptop,44990000,,,,,,https://www.thegioididong.com/laptop/msi-cyborg-15-max-c13wf-421vn-i7-13620h,thegioididong,2026-09-21
370355,,"Laptop Lenovo Yoga Slim 7 14IPH11 - 83QM0076VN (Ultra 7 355, 16GB, 512GB, WUXGA, OfficeH24+365, Win11)",Lenovo,laptop,41690000,46990000,5300000,11,,,https://www.thegioididong.com/laptop/lenovo-yoga-slim-7-14iph11-ultra-7-355-83qm0076vn,thegioididong,2026-09-21
370352,,"Laptop Lenovo ThinkPad E14 - 21T90025VN (Gen 7 Core 7 240H, 16GB, 512GB, WUXGA, Win11)",Lenovo,laptop,35590000,,,,,,https://www.thegioididong.com/laptop/lenovo-thinkpad-e14-gen-7-core-7-240h-21t90025vn,thegioididong,2026-09-21
369980,,"Laptop Acer Nitro ProPanel ANV16-72-782F - NH.QUPSV.001 (Core 7 240H, 16GB, 512GB, RTX 5050 8GB, Full HD+ 180 Hz, Win11)",Acer,laptop,45390000,45990000,600000,1,,,https://www.thegioididong.com/laptop/acer-nitro-propanel-anv16-72-782f-core-7-240h-nhqupsv001,thegioididong,2026-09-21
370910,,"Laptop Asus ExpertBook P3 P3406CCAP - U716S8W (Ultra 7 255H, 16GB, 512GB, WUXGA, Win11)",Asus,laptop,34390000,34990000,600000,2,,,https://www.thegioididong.com/laptop/asus-expertbook-p3-p3406ccap-ultra-7-255h-u716s8w,thegioididong,2026-09-21
370866,,"Laptop Acer Aspire Go 14 AI AG14-I71M-977M - NX.W26SV.001 (Ultra 9 185H, 16GB, 512GB, Full HD+, Win11)",Acer,laptop,31390000,31990000,600000,2,,,https://www.thegioididong.com/laptop/acer-aspire-go-14-ai-ag14-i71m-977m-ultra-9-185h-nx-w26sv-001,thegioididong,2026-09-21
369462,,"Laptop Asus ExpertBook Ultra B9 B9406CAA - X7642TW (Ultra X7 358H, 64GB, 2TB, WQXGA+ OLED 120Hz, Win11)",Asus,laptop,97990000,100000000,2010000,2,,,https://www.thegioididong.com/laptop/asus-expertbook-ultra-b9-b9406caa-ultra-x7-358h-x7642tw,thegioididong,2026-09-21
369460,,"Laptop Asus Zenbook 14 UM3406GA - QD075W (R7 AI 445, 16GB, 512GB, WUXGA OLED, Win11)",Asus,laptop,35990000,39990000,4000000,10,,,https://www.thegioididong.com/laptop/asus-zenbook-14-um3406ga-r7-ai-445-qd075w,thegioididong,2026-09-21
368659,,"Laptop Acer Gaming Nitro ProPanel AN16S-61-R9CN - NH.QXGSV.001 (Ryzen AI 7 350, 16GB, 512GB, RTX 5070 8GB, 2K+ 180Hz, Win11)",Acer,laptop,59390000,64990000,5600000,8,,,https://www.thegioididong.com/laptop/acer-gaming-nitro-propanel-an16s-61-r9cn-ryzen-ai-7-350-nh-qxgsv-001,thegioididong,2026-09-21
368653,,"Laptop Acer Gaming Predator Helios Neo 16S PHN16S-I51-97T9 - NH.U3SSV.006 (Ultra 9 386H, 16GB, 512GB, RTX 5070 8GB, 2K+ 165Hz, Win11)",Acer,laptop,77390000,77990000,600000,1,,,https://www.thegioididong.com/laptop/acer-gaming-predator-helios-neo-16s-phn16s-i51-97t9-ultra-9-386h,thegioididong,2026-09-21
368650,,"Laptop Acer Gaming Nitro ProPanel ANV16S-61-R0B8 - NH.QXQSV.001 (Ryzen AI 5 340, 16GB, 512GB, RTX 5050 8GB, Full HD 180Hz, Win11)",Acer,laptop,44390000,47990000,3600000,7,,,https://www.thegioididong.com/laptop/acer-gaming-nitro-propanel-anv16s-61-r0b8-ryzen-ai-5-340-nh-qxqsv-001,thegioididong,2026-09-21
368214,,"Laptop Lenovo IdeaPad Slim 3 16IPH11 - 83US003YVN (Ultra 7 355, 16GB, 512GB, WUXGA, Win11)",Lenovo,laptop,30390000,36990000,6600000,17,,,https://www.thegioididong.com/laptop/lenovo-ideapad-slim-3-16iph11-ultra-7-355-83us003yvn,thegioididong,2026-09-21
367897,,"Laptop Asus Zenbook DUO UX8407AA - SN439WS (Ultra X7 358H, 32GB, 512GB, 3K OLED 144Hz, Cảm ứng, OfficeH24+365, Win11)",Asus,laptop,78990000,82990000,4000000,5,,,https://www.thegioididong.com/laptop/asus-zenbook-duo-ux8407aa-ultra-x7-358h-sn439ws,thegioididong,2026-09-21
367891,,"Laptop Asus Zenbook A14 UX3407NA - QD254W (X2E 88 100, 32GB, 1TB, WUXGA OLED, Win11)",Asus,laptop,56390000,63990000,7600000,11,,,https://www.thegioididong.com/laptop/asus-zenbook-a14-ux3407na-x2e-88-100-qd254w,thegioididong,2026-09-21
367890,,"Laptop Asus Zenbook A14 UX3407NA - QD132WS (X2E 88 100, 16GB, 512GB, WUXGA OLED, OfficeH24+365, Win11)",Asus,laptop,40690000,48990000,8300000,16,5.0,1,https://www.thegioididong.com/laptop/asus-zenbook-a14-ux3407na-x2e-88-100-qd132ws,thegioididong,2026-09-21
367889,,"Laptop Asus Gaming ROG Zephyrus G14 GU405AW - SY029W (Ultra 9 386H, 32GB, 1TB, RTX 5080 16GB, 3K OLED 120Hz, Win11)",Asus,laptop,119990000,,,,,,https://www.thegioididong.com/laptop/asus-gaming-rog-zephyrus-g14-gu405aw-ultra-9-386h-sy029w,thegioididong,2026-09-21
367888,,"Laptop Asus Zenbook S 16 UM5606GA - SS441W (R9 AI 465, 16GB, 512GB, 3K OLED 120Hz, Win11)",Asus,laptop,46490000,49490000,3000000,6,5.0,2,https://www.thegioididong.com/laptop/asus-zenbook-s-16-um5606ga-r9-ai-465-ss441w,thegioididong,2026-09-21
367887,,"Laptop Asus TUF Gaming F16 FX608JHI - TU210W (i5 14450HX, 16GB, 512GB,RTX 5050 8GB, WUXGA 144Hz, Win11)",Asus,laptop,43990000,47990000,4000000,8,,,https://www.thegioididong.com/laptop/asus-tuf-gaming-f16-fx608jhi-i5-14450hx-tu210w,thegioididong,2026-09-21
367865,,"Laptop MSI Gaming Raider 16 MAX HX B2WI - 095VN (Ultra 9 290HX Plus, 64GB, 2TB, RTX 5080 16GB, QHD+ OLED 240Hz, Win11)",MSI,laptop,130990000,,,,,,https://www.thegioididong.com/laptop/msi-gaming-raider-16-max-hx-b2wi-ultra-9-290hx-plus-095vn,thegioididong,2026-09-21
367686,,"Laptop Lenovo Gaming LOQ 15IPH11 - 83SL000LVN (Ultra 7 356H, 16GB, 512GB, RTX 5060 8GB, WUXGA 165Hz, Win11)",Lenovo,laptop,51390000,55990000,4600000,8,5.0,1,https://www.thegioididong.com/laptop/lenovo-gaming-loq-15iph11-ultra-7-356h-83sl000lvn,thegioididong,2026-09-21
366744,,"Laptop Lenovo Gaming Legion 5 15AHP11 - 83Q7001JVN (R7 250, 16GB, 512GB, RTX 5060 8GB, WQXGA OLED 165Hz, OfficeH24, Win11)",Lenovo,laptop,55690000,58990000,3300000,5,,,https://www.thegioididong.com/laptop/lenovo-gaming-legion-5-15ahp11-r7-250-83q7001jvn,thegioididong,2026-09-21
366093,,"Laptop Acer Gaming Predator Helios Neo 16 PHN16-I31-74MN - NH.U4SSV.002 (i7 14650HX, 32GB, 512GB, RTX 5050 8GB, Full HD+ 180Hz, Win11)",Acer,laptop,56390000,66990000,10600000,15,,,https://www.thegioididong.com/laptop/acer-gaming-predator-helios-neo-16-phn16-i31-74mn-i7-14650hx-nh-u4ssv-002,thegioididong,2026-09-21
371127,,"Laptop HP ProBook 4 G2i 16 - DK2Y5AT (Ultra 7 355, 16GB, 512GB, WUXGA, Win11)",HP,laptop,40590000,,,,,,https://www.thegioididong.com/laptop/hp-probook-4-g2i-16-ultra-7-355-dk2y5at,thegioididong,2026-09-21
371125,,"Laptop HP Probook 4 G1ah 16 - D9CP8AT (R7 250, 16GB, 512GB, WUXGA, Win11)",HP,laptop,31990000,,,,,,https://www.thegioididong.com/laptop/hp-probook-4-g1ah-16-r7-250-d9cp8at,thegioididong,2026-09-21
371124,,"Laptop HP ProBook 4 G1a 14 - D9CP7AT (R7 250, 16GB, 512GB, WUXGA, Win11)",HP,laptop,31990000,,,,,,https://www.thegioididong.com/laptop/hp-probook-4-g1a-14-r7-250-d9cp7at,thegioididong,2026-09-21
371123,,"Laptop HP 15 fd2183TU - DP2C0PA (Ultra 7 255U, 16GB, 512GB, WUXGA, Win11)",HP,laptop,32990000,,,,,,https://www.thegioididong.com/laptop/hp-15-fd2183tu-ultra-7-255u-dp2c0pa,thegioididong,2026-09-21
370865,,"Laptop Acer Swift Air 14 SFA14-I31-34NF - NX.W49SV.001 (Core 3 304, 12GB, 512GB, WUXGA 120Hz, Win11)",Acer,laptop,23090000,23990000,900000,4,,,https://www.thegioididong.com/laptop/acer-swift-air-14-sfa14-i31-34nf-core-3-304-nx-w49sv-001,thegioididong,2026-09-21
370864,,"Laptop Acer Swift Air 14 SFA14-I31-52BV - NX.W49SV.002 (Core 5 320, 12GB, 512GB, Full HD 120Hz, Win11)",Acer,laptop,26090000,26990000,900000,3,,,https://www.thegioididong.com/laptop/acer-swift-air-14-sfa14-i31-52bv-core-5-320-nx-w49sv-002,thegioididong,2026-09-21
370582,,"Laptop MSI Cyborg 15 Max C13WE - 422VN (i7 13620H, 16GB, 512GB, RTX 5050 8GB, Full HD 144Hz, Win11)",MSI,laptop,42990000,,,,,,https://www.thegioididong.com/laptop/msi-cyborg-15-max-c13we-422vn-i7-13620h,thegioididong,2026-09-21
370358,,"Laptop Lenovo Yoga Slim 7 Ultra 14IPH11 - 83QK009PVN (Ultra X9 378H, 32GB, 1TB, WQXGA+ 120Hz, OfficeH24+365, Win11)",Lenovo,laptop,69690000,79990000,10300000,12,,,https://www.thegioididong.com/laptop/lenovo-yoga-slim-7-ultra-14iph11-ultra-x9-378h-83qk009pvn,thegioididong,2026-09-21
370354,,"Laptop Lenovo Yoga Slim 7 14IPH11 - 83QM0075VN (Ultra 7 355, 16GB, 512GB, WUXGA, OfficeH24+365, Win11)",Lenovo,laptop,41690000,46990000,5300000,11,,,https://www.thegioididong.com/laptop/lenovo-yoga-slim-7-14iph11-ultra-7-355-83qm0075vn,thegioididong,2026-09-21
370353,,"Laptop Lenovo ThinkPad E14 - 21SX002YVN (Gen 7 Ultra 255H, 16GB, 512GB, WUXGA, Win11)",Lenovo,laptop,40590000,,,,,,https://www.thegioididong.com/laptop/lenovo-thinkpad-e14-gen-7-ultra-255h-21sx002yvn,thegioididong,2026-09-21
370279,,"Laptop Acer Gaming Nitro ProPanel ANV15-52-556L - NH.QZ9SV.006 (Core 5 210H, 16GB, 512GB, RTX 5050 8GB, Full HD 180Hz, Win11)",Acer,laptop,40390000,40990000,600000,1,,,https://www.thegioididong.com/laptop/acer-gaming-nitro-propanel-anv15-52-556l-core-5-210h-nh-qz9sv-006,thegioididong,2026-09-21
370278,,"Laptop Acer Swift Go AI SFG14-75-765M - NX.JNBSV.004 (Ultra 7 258V, 32GB, 512GB, Full HD+, Win11)",Acer,laptop,41390000,41990000,600000,1,,,https://www.thegioididong.com/laptop/acer-swift-go-ai-sfg14-75-765m-ultra-7-258v-nx-jnbsv-004,thegioididong,2026-09-21
369982,,"Laptop Acer Nitro ProPanel ANV16S-61-R7KQ - NH.QXPSV.001 (R5 AI 340, 16GB, 512GB, RTX 5060 8GB, Full HD 180Hz, Win11)",Acer,laptop,48390000,48990000,600000,1,,,https://www.thegioididong.com/laptop/acer-nitro-propanel-anv16s-61-r7kq-r5-ai-340-nhqxpsv001,thegioididong,2026-09-21
369981,,"Laptop Acer Nitro ProPanel AN16S-61-R7ZJ - NH.QXFSV.002 (R7 AI 350, 16GB, 512GB, RTX 5060 8GB, 2K, Win11)",Acer,laptop,51390000,51990000,600000,1,,,https://www.thegioididong.com/laptop/acer-nitro-propanel-an16s-61-r7zj-r7-ai-350-nhqxfsv002,thegioididong,2026-09-21
369756,,"Laptop Asus ProArt P1 H7606WP - SR335W (R9 AI HX 370, 64GB, 2TB, RTX 5070 8GB, 3K 120Hz, Cảm ứng, Win11)",Asus,laptop,114890000,124990000,10100000,6,,,https://www.thegioididong.com/laptop/asus-proart-p1-h7606wp-r9-ai-hx-370-sr335w,thegioididong,2026-09-21
369751,,"Laptop MSI Modern 14S G3MG-003VN (Core 5 320, 16GB, 1TB, Full HD+ 120Hz, Win11)",MSI,laptop,29390000,31490000,2100000,6,,,https://www.thegioididong.com/laptop/msi-modern-14s-g3mg-003vn-core-5-320,thegioididong,2026-09-21
371309,,"Laptop Acer Aspire Lite 14 AL14-57P-59HB - NX.X1XSV.002 (Core 5 320, 16GB, 512GB, WUXGA 120Hz, Win11)",Acer,laptop,24090000,26990000,2900000,10,,,https://www.thegioididong.com/laptop/acer-aspire-lite-14-al14-57p-59hb-core-5-320-nx-x1xsv-002,thegioididong,2026-09-21
371307,,"Laptop Acer Gaming Aspire 7 A715-59G-53RH - NH.DV0SV.001 (Core 5 210H, 16GB, 512GB, RTX 4050 6GB, Full HD 144Hz, Win11)",Acer,laptop,31390000,35990000,4600000,12,,,https://www.thegioididong.com/laptop/acer-gaming-aspire-7-a715-59g-53rh-core-5-210h-nh-dv0sv-001,thegioididong,2026-09-21
371306,,"Laptop Acer Swift Air 14 SFA14-I31-54A2 - NX.W4HSV.001 (Core 5 320, 12GB, 512GB, WUXGA 120Hz, Win11)",Acer,laptop,26090000,26990000,900000,3,,,https://www.thegioididong.com/laptop/acer-swift-air-14-sfa14-i31-54a2-core-5-320-nx-w4hsv-001,thegioididong,2026-09-21
371293,,"Laptop Asus Zenbook S 14 UX5406AA - SU348W (Ultra 9 386H, 16GB, 512GB, 3K OLED 120Hz, Win11)",Asus,laptop,48390000,50990000,2600000,5,,,https://www.thegioididong.com/laptop/asus-zenbook-s-14-ux5406aa-ultra-9-386h-su348w,thegioididong,2026-09-21
371137,,"Laptop HP ProBook 4 G2i 16 - DK2X9AT (Ultra 5 325, 16GB, 512GB, WUXGA, Win11)",HP,laptop,36590000,,,,,,https://www.thegioididong.com/laptop/hp-probook-4-g2i-16-ultra-5-325-dk2x9at,thegioididong,2026-09-21
371135,,"Laptop HP OmniBook X Flip 14 kb0048TU - D72BYPA (Ultra 7 355, 32GB, 512GB, WUXGA, Cảm ứng, OfficeH24+365, Win11)",HP,laptop,49890000,,,,,,https://www.thegioididong.com/laptop/hp-omnibook-x-flip-14-kb0048tu-ultra-7-355-d72bypa,thegioididong,2026-09-21
371134,,"Laptop HP OmniBook 5 14 hh0072TU - D72CQPA (Ultra 7 355, 16GB, 512GB, WUXGA, Cảm ứng, OfficeH24+365, Win11)",HP,laptop,40690000,,,,,,https://www.thegioididong.com/laptop/hp-omnibook-5-14-hh0072tu-ultra-7-355-d72cqpa,thegioididong,2026-09-21
371133,,"Laptop HP OmniBook 5 14 hh0073TU - D72CRPA (Ultra 7 355, 16GB, 512GB, WUXGA, OfficeH24+365, Win11)",HP,laptop,39690000,,,,,,https://www.thegioididong.com/laptop/hp-omnibook-5-14-hh0073tu-ultra-7-355-d72crpa,thegioididong,2026-09-21
371132,,"Laptop HP OmniBook 5 14 hh0074TU - D72CSPA (Ultra 5 322, 16GB, 512GB, WUXGA, Cảm ứng, OfficeH24+365, Win11)",HP,laptop,37690000,,,,,,https://www.thegioididong.com/laptop/hp-omnibook-5-14-hh0074tu-ultra-5-322-d72cspa,thegioididong,2026-09-21
371130,,"Laptop HP OmniBook 5 14 hh0075TU - D72CTPA (Ultra 5 322, 16GB, 512GB, WUXGA, OfficeH24+365, Win11)",HP,laptop,36690000,,,,,,https://www.thegioididong.com/laptop/hp-omnibook-5-14-hh0075tu-ultra-5-322-d72ctpa,thegioididong,2026-09-21
371129,,"Laptop HP OmniBook Ultra 14 kd0036TU - D72C6PA (Ultra 9 386H, 32GB, 1TB, 3K OLED 120Hz, Cảm ứng, OfficeH24+365, Win11)",HP,laptop,65890000,,,,,,https://www.thegioididong.com/laptop/hp-omnibook-ultra-14-kd0036tu-ultra-9-386h-d72c6pa,thegioididong,2026-09-21
371128,,"Laptop HP OmniBook Ultra 14 kd0039TU - D72C7PA (Ultra 7 356H, 32GB, 1TB, 3K OLED 120Hz, Cảm ứng, OfficeH24+365, Win11)",HP,laptop,59890000,,,,,,https://www.thegioididong.com/laptop/hp-omnibook-ultra-14-kd0039tu-ultra-7-356h-d72c7pa,thegioididong,2026-09-21
369476,,"Laptop Lenovo Gaming Legion 5 15AHP11 - 83Q7001HVN (R7 250, 16GB, 512GB, RTX 5050 8GB, WQXGA OLED 165Hz, OfficeH24, Win11)",Lenovo,laptop,53690000,56990000,3300000,5,,,https://www.thegioididong.com/laptop/lenovo-gaming-legion-5-15ahp11-r7-250-83q7001hvn,thegioididong,2026-09-21
369466,,"Laptop Asus ExpertBook P5 P5406CCA - SF0241W (Ultra 7 255H, 16GB, 512GB, WUXGA, Win11)",Asus,laptop,37390000,37990000,600000,2,,,https://www.thegioididong.com/laptop/asus-expertbook-ultra-p5-p5406cca-ultra-7-255-sf0241w,thegioididong,2026-09-21
369465,,"Laptop Asus ExpertBook P5 P5406CCA - SF0047W (Ultra 7 255H, 16GB, 512GB, WUXGA, Win11)",Asus,laptop,37390000,37990000,600000,2,,,https://www.thegioididong.com/laptop/asus-expertbook-ultra-p5-p5406cca-ultra-7-255h-sf0047w,thegioididong,2026-09-21
366092,,"Laptop Acer Gaming Predator Helios Neo 16 PHN16-I31-72XE - NH.U4RSV.001 (i7 14650HX, 32GB, 512GB, RTX5060 8GB, 2K+ 180Hz, Win11)",Acer,laptop,61390000,71990000,10600000,14,,,https://www.thegioididong.com/laptop/acer-gaming-predator-helios-neo-16-phn16-i31-72xe-i7-14650hx-nh-u4rsv-001,thegioididong,2026-09-21
366091,,"Laptop Acer Gaming Predator Helios Neo 16 PHN16-I31-50H7 - NH.U4SSV.001 (i5 14450HX, 32GB, 512GB, RTX 5050 8GB, Full HD+ 180Hz, Win11)",Acer,laptop,51390000,61990000,10600000,17,,,https://www.thegioididong.com/laptop/acer-gaming-predator-helios-neo-16-phn16-i31-50h7-i5-14450hx-nh-u4ssv-001,thegioididong,2026-09-21
366066,,"Laptop Asus TUF Gaming FA401EA - RG034W (RYZEN AI MAX+ 392, 64GB, 1TB, WQXGA 165Hz, Win11)",Asus,laptop,64990000,,,,,,https://www.thegioididong.com/laptop/asus-tuf-gaming-fa401ea-ryzen-ai-max-392-rg034w,thegioididong,2026-09-21
370356,,"Laptop Lenovo Yoga Slim 7 Ultra 14IPH11 - 83QK0015VN (Ultra 7 355, 32GB, 1TB, WQXGA+ 120Hz, Cảm ứng, OfficeH24+365, Win11)",Lenovo,laptop,63690000,72990000,9300000,12,,,https://www.thegioididong.com/laptop/lenovo-yoga-slim-7-ultra-14iph11-ultra-7-355-83qk0015vn,thegioididong,2026-09-21
370349,,"Laptop Lenovo IdeaPad Slim 3 16IPH11 - 83US0040VN (Ultra 5 322, 16GB, 512GB, WUXGA, Win11)",Lenovo,laptop,25090000,31990000,6900000,21,,,https://www.thegioididong.com/laptop/lenovo-ideapad-slim-3-16iph11-ultra-5-322-83us0040vn,thegioididong,2026-09-21
367347,,"Laptop Dell Pro 14 PC14250 - PC14250-235U-16512WP-2Y (Ultra 5 235U, 16GB, 512GB, Full HD+, Win11Pro)",Dell,laptop,38690000,39990000,1300000,3,5.0,6,https://www.thegioididong.com/laptop/dell-pro-14-pc14250-ultra-5-235u-pc14250-235u-16512wp-2y,thegioididong,2026-09-21
369983,,"Laptop MSI Cyborg 15 C13WEO - 418VN (i5 13420H, 16GB, 512GB, RTX 5050 8GB, Full HD 144Hz, Win11)",MSI,laptop,32990000,34990000,2000000,5,,,https://www.thegioididong.com/laptop/msi-cyborg-15-c13weo-i5-13420h-418vn,thegioididong,2026-09-21
363509,,Laptop MacBook Air 15 inch M5 24GB/512GB 35W,MacBook,laptop,45790000,47490000,1700000,4,5.0,54,https://www.thegioididong.com/laptop/macbook-air-15-inch-m5-24gb-512gb,thegioididong,2026-09-21
369749,,"Laptop Dell Pro 15 Essential PV15250 - PV15250-100U-8512W-2Y (Core 3 100U, 8GB, 512GB, Full HD, OfficeH24+365, Win11)",Dell,laptop,22890000,23990000,1100000,5,,,https://www.thegioididong.com/laptop/dell-pro-15-essential-pv15250-core-3-100u-pv15250-100u-8512w-2y,thegioididong,2026-09-21
368657,,"Laptop Acer Aspire Lite 15 AL15-53P-56EC - NX.DG3SV.002.16G (Core 5 120U, 16GB, 512GB, Full HD, Win11)",Acer,laptop,23090000,24990000,1900000,7,5.0,3,https://www.thegioididong.com/laptop/acer-aspire-lite-15-al15-53p-56ec-core-5-120u-nx-dg3sv-002-16g,thegioididong,2026-09-21
360418,,"Laptop Asus Vivobook 15 X1504VA - BQ185W (Core 5 120U, 16GB, 512GB, Full HD, Win11)",Asus,laptop,20090000,20990000,900000,4,5.0,939,https://www.thegioididong.com/laptop/asus-vivobook-15-x1504va-core-5-120u-bq185w,thegioididong,2026-09-21
368146,,"Laptop Asus Vivobook Go 14 E1404FA - EB1832W (R5 40, 8GB, 512GB, Full HD, Win11)",Asus,laptop,19890000,22990000,3100000,13,5.0,425,https://www.thegioididong.com/laptop/asus-vivobook-go-14-e1404fa-r5-40-eb1832w,thegioididong,2026-09-21
368301,,"Laptop Asus Vivobook 14 X1407CA - LY203W (Ultra 5 225H, 16GB, 512GB, WUXGA, Win11)",Asus,laptop,25490000,,,,5.0,28,https://www.thegioididong.com/laptop/asus-vivobook-14-x1407ca-ultra-5-225h-ly203w,thegioididong,2026-09-21
369758,,"Laptop Asus Vivobook 15 X1504MA - BQ893W (Core 3 304, 8GB, 512GB, Full HD, Win 11)",Asus,laptop,19090000,22990000,3900000,16,,,https://www.thegioididong.com/laptop/asus-vivobook-go-15-x1504ma-core-3-304-bq893w,thegioididong,2026-09-21
358795,,"Laptop HP OmniBook 7 16 az0043TU - C2CX3PA (Core 7 240H, 32GB, 512GB, WUXGA, OfficeH24, Win11)",HP,laptop,35690000,38590000,2900000,7,5.0,18,https://www.thegioididong.com/laptop/hp-omnibook-7-16-az0043tu-core-7-240h-c2cx3pa,thegioididong,2026-09-21
341268,,"Laptop HP OmniBook UF 14 fh0095TU - BZ7S2PA (Ultra 9 288V, 32GB, 1TB, 2.8K OLED 120Hz, Cảm ứng, OfficeH24, Win11)",HP,laptop,60690000,63590000,2900000,5,5.0,14,https://www.thegioididong.com/laptop/hp-omnibook-uf-14-fh0095tu-ultra-9-288v-bz7s2pa,thegioididong,2026-09-21
367021,,"Laptop Lenovo IdeaPad Slim 5 14AGP11 - 83S1006RVN (R7 AI 445, 16GB, 512GB, WUXGA OLED, Win11)",Lenovo,laptop,32390000,36990000,4600000,12,5.0,2,https://www.thegioididong.com/laptop/lenovo-ideapad-slim-5-14agp11-r7-ai-445-83s1006rvn,thegioididong,2026-09-21
367013,,"Laptop Lenovo IdeaPad 5 2in1 14IPH11 - 83UG0027VN (Ultra 7 355, 16GB, 512GB, WUXGA, Cảm ứng, Win11)",Lenovo,laptop,36390000,,,,5.0,5,https://www.thegioididong.com/laptop/lenovo-ideapad-5-2in1-14iph11-ultra-7-355-83ug0027vn,thegioididong,2026-09-21
368221,,"Laptop Lenovo ThinkBook 14 Gen 9 IRL - 21UY008TVN (i5 13420H, 16GB, 512GB, WUXGA, Win11)",Lenovo,laptop,32590000,,,,5.0,2,https://www.thegioididong.com/laptop/lenovo-thinkbook-14-gen-9-irl-i5-13420h-21uy008tvn,thegioididong,2026-09-21
362626,,"Laptop Asus Zenbook 14 UM3406GA - QD073WS (R7 AI 445, 32GB, 1TB, WUXGA OLED, OfficeH24+365, Win11)",Asus,laptop,36790000,39990000,3200000,8,5.0,54,https://www.thegioididong.com/laptop/asus-zenbook-14-um3406ga-r7-ai-445-qd073ws,thegioididong,2026-09-21
359928,,"Laptop GIGABYTE Gaming A16 GA6H - CWHI3VNC94SH (i7 13620H, 16GB, 1TB, RTX 5070 8GB, WQXGA 165Hz, Win11)",GIGABYTE,laptop,42890000,43990000,1100000,3,5.0,5,https://www.thegioididong.com/laptop/gigabyte-gaming-a16-ga6h-i7-13620h-cwhi3vnc94sh,thegioididong,2026-09-21
368209,,"Laptop Lenovo ThinkBook 16 G9 - 21UT005MVN (R7 250, 16GB, 512GB, WUXGA, Win11)",Lenovo,laptop,31590000,,,,5.0,18,https://www.thegioididong.com/laptop/lenovo-thinkbook-16-g9-r7-250-21ut005mvn,thegioididong,2026-09-21
363826,,"Laptop Dell Pro 13 Plus PB13250 - 71084491 (Ultra 5 235U, 16GB, 512GB, Full HD+, Win11)",Dell,laptop,31890000,32890000,1000000,3,5.0,43,https://www.thegioididong.com/laptop/dell-pro-13-plus-pb13250-ultra-5-235u-71084491,thegioididong,2026-09-21
345506,,"Laptop HP EliteBook 6 G1i 13 - BQ9L8PT (Ultra 5 225U, 16GB, 512GB, WUXGA, Win11)",HP,laptop,33390000,34790000,1400000,4,5.0,132,https://www.thegioididong.com/laptop/hp-elitebook-6-g1i-13-ultra-5-225u-bq9l8pt,thegioididong,2026-09-21
363898,,"Laptop Lenovo ThinkPad E14 Gen 7 - 21U2003SVN (Ultra 5 228V, 32GB, 512GB, WUXGA, Win11)",Lenovo,laptop,39790000,,,,5.0,90,https://www.thegioididong.com/laptop/lenovo-thinkpad-e14-gen-7-ultra-5-228v-21u2003svn,thegioididong,2026-09-21
359298,,"Laptop MSI Gaming Katana 15 HX B14WGK - 023VN (i7 14650HX, 16GB, 1TB, RTX 5070 8GB, QHD, 165Hz, Win11)",MSI,laptop,49990000,,,,5.0,2,https://www.thegioididong.com/laptop/msi-gaming-katana-15-hx-b14wgk-i7-14650hx-023vn,thegioididong,2026-09-21
365305,,"Laptop Dell 14 DC14250 - 71092478 (Core 7 150U, 16GB, 512GB, Full HD+ 120Hz, OfficeHS24+365, Win11)",Dell,laptop,30690000,,,,5.0,70,https://www.thegioididong.com/laptop/dell-14-dc14250-core-7-150u-71092478,thegioididong,2026-09-21
332397,,"Laptop Acer Swift AI SF14 51 53P9 - NX.J2KSV.002 (Ultra 5 226V, 16GB, 1TB, 2.8K OLED 90Hz, Win11)",Acer,laptop,31390000,35990000,4600000,12,5.0,10,https://www.thegioididong.com/laptop/acer-swift-ai-sf14-51-53p9-ultra-5-nxj2ksv002,thegioididong,2026-09-21
335015,,"Laptop MSI Gaming Vector 16 HX AI A2XWIG - 062VN (Ultra 9 275HX, 16GB, 1TB, RTX 5080 16GB, QHD+ 240Hz, Win11)",MSI,laptop,80990000,,,,5.0,2,https://www.thegioididong.com/laptop/msi-vector-16-hx-ai-a2xwig-ultra-9-062vn,thegioididong,2026-09-21
326280,,"Laptop MSI Gaming Katana A15 AI B8VG - 465VN (R7 8845HS, 16GB, 1TB, RTX 4070 8GB, Full HD 144Hz, Win11)",MSI,laptop,39190000,,,,5.0,21,https://www.thegioididong.com/laptop/msi-katana-a15-ai-b8vg-r7-465vn,thegioididong,2026-09-21
340479,,"Laptop HP Pavilion 15 eg3112TU - 8U6L9PA (i7 1355U, 16GB, 512GB, Full HD, Win11)",HP,laptop,25390000,,,,5.0,885,https://www.thegioididong.com/laptop/hp-pavilion-15-eg3112tu-i7-8u6l9pa,thegioididong,2026-09-21
362408,,"Laptop Asus Vivobook 14 M1407GA - LY270W (R7 AI 445, 16GB, 512GB, WUXGA, Win11)",Asus,laptop,24790000,26990000,2200000,8,5.0,58,https://www.thegioididong.com/laptop/asus-vivobook-14-m1407ga-r7-ai-445-ly270w,thegioididong,2026-09-21
368555,,"Laptop Dell 15 DC15250 - DC5C3259W1-2Y (Core 3 100U, 8GB, 512GB, Full HD 120Hz, OfficeHS24+365, Win11)",Dell,laptop,21890000,22590000,700000,3,5.0,33,https://www.thegioididong.com/laptop/dell-15-dc15250-core-3-100u-dc5c3259w1-2y,thegioididong,2026-09-21
364399,,"Laptop Asus Vivobook S16 M3607GA - SH034W (R7 AI 445, 16GB, 512GB, WUXGA OLED, Win11)",Asus,laptop,29390000,30990000,1600000,5,5.0,38,https://www.thegioididong.com/laptop/asus-vivobook-s16-m3607ga-r7-ai-445-sh034w,thegioididong,2026-09-21
341564,,"Laptop Dell Gaming Alienware 16 Aurora AC16250 - C7H161W11II5050 (Core 7 240H, 16GB, 1TB, RTX 5050 8GB, WQXGA 120Hz, OfficeH24+365, Win11)",Dell,laptop,41690000,43290000,1600000,4,5.0,197,https://www.thegioididong.com/laptop/dell-alienware-16-aurora-ac16250-core-7-240h-c7h161w11ii5050,thegioididong,2026-09-21
368220,,"Laptop Lenovo ThinkPad E14 Gen 7 - 21SX005NVN (Ultra 5 225U, 16GB, 512GB, WUXGA, Win11)",Lenovo,laptop,37890000,38390000,500000,1,5.0,17,https://www.thegioididong.com/laptop/lenovo-thinkpad-e14-gen-7-ultra-5-225u-21sx005nvn,thegioididong,2026-09-21
365609,,"Laptop HP 240R G10 - C3SG9AT (Core 5 120U, 8GB, 512GB, Full HD, Win11)",HP,laptop,22590000,25490000,2900000,11,5.0,76,https://www.thegioididong.com/laptop/hp-240r-g10-core-5-120u-c3sg9at,thegioididong,2026-09-21
340560,,"Laptop Dell Inspiron 15 3530 - 71070372 (i5 1334U, 16GB, 512GB, Full HD 120Hz, OfficeH24+365, Win11)",Dell,laptop,22390000,24490000,2100000,8,5.0,3818,https://www.thegioididong.com/laptop/dell-inspiron-15-3530-i5-71070372,thegioididong,2026-09-21
365311,,"Laptop Dell 15 DC15250 - DC15250-i7U161W11SLU-27 (i7 1355U, 16GB, 1TB, Full HD 120Hz, OfficeHS24+365, Win11)",Dell,laptop,28890000,,,,5.0,105,https://www.thegioididong.com/laptop/dell-15-dc15250-i7-1355u-dc15250-i7u161w11slu-27,thegioididong,2026-09-21
362399,,"Laptop HP 15 fd1490TU - D0BH5PA (Ultra 7 155H, 24GB, 512GB, Full HD, Win11)",HP,laptop,29090000,29590000,500000,2,5.0,111,https://www.thegioididong.com/laptop/hp-15-fd1490tu-ultra-7-155h-d0bh5pa,thegioididong,2026-09-21
341751,,"Laptop GIGABYTE Gaming A16 GA6H - GAMING-A16-CTHH3VN893SH (i5 13420H, 16GB, 512GB, RTX5050 8GB, WUXGA 165Hz, Win11)",GIGABYTE,laptop,35890000,36990000,1100000,3,5.0,98,https://www.thegioididong.com/laptop/gigabyte-a16-ga6h-i5-13420h-gaming-a16-cthh3vn893sh,thegioididong,2026-09-21
368559,,"Laptop Dell 14 DC14250 - 71100515 (Core 7 150U, 16GB, 512GB, Full HD+ 120Hz, OfficeH24+365, Win11)",Dell,laptop,32690000,35490000,2800000,7,5.0,10,https://www.thegioididong.com/laptop/dell-14-dc14250-core-7-150u-71100515,thegioididong,2026-09-21
360417,,"Laptop Asus Vivobook 14 X1404VA - EB260W (Core 5 120U, 16GB, 512GB, Full HD, Win11)",Asus,laptop,20590000,22990000,2400000,10,5.0,549,https://www.thegioididong.com/laptop/asus-vivobook-14-x1404va-core-5-120u-eb260w,thegioididong,2026-09-21
341611,,"Laptop MSI Gaming Katana 15 HX B14WEK - 286VN (i5 14450HX, 16GB, 512GB, RTX5050 8GB, QHD 165Hz, Win11)",MSI,laptop,41390000,41990000,600000,1,5.0,47,https://www.thegioididong.com/laptop/msi-katana-15-hx-b14wek-i5-14450hx-286vn,thegioididong,2026-09-21
339951,,"Laptop MSI Venture A14 AI+ A3HMG - 004VN (R5 AI 340, 16GB, 512GB, 2.8K OLED 120Hz, Win11)",MSI,laptop,26090000,26990000,900000,3,5.0,13,https://www.thegioididong.com/laptop/msi-venture-a14-ai-a3hmg-r5-ai-340-004vn,thegioididong,2026-09-21
358080,,"Laptop HP OmniBook X Flip 14 fm0088TU - BZ7Q2PA (Ultra 5 226V, 16GB, 512GB, WUXGA, Cảm ứng, OfficeH24+365B, Win11)",HP,laptop,32090000,32590000,500000,2,5.0,286,https://www.thegioididong.com/laptop/hp-omnibook-x-flip-14-fm0088tu-ultra-5-226v-bz7q2pa,thegioididong,2026-09-21
367574,,"Laptop HP 15 fd2126TU - D72CBPA (Ultra 5 225U, 16GB, 512GB, Full HD, Win11)",HP,laptop,25290000,26990000,1700000,6,5.0,50,https://www.thegioididong.com/laptop/hp-15-fd2126tu-ultra-5-225u-d72cbpa,thegioididong,2026-09-21
368654,,"Laptop Acer Aspire Lite 15 AL15-36P-30TN - NX.DDASV.001 (Core 3 N350, 8GB, 512GB, Full HD, Win11)",Acer,laptop,17890000,18990000,1100000,5,5.0,761,https://www.thegioididong.com/laptop/acer-aspire-lite-15-al15-36p-30tn-core-3-n350-nx-ddasv-001,thegioididong,2026-09-21
366741,,"Laptop Lenovo IdeaPad Slim 5 OLED 14IPH11 - 83S5000DVN (Ultra 5 322, 16GB, 512GB, WUXGA OLED, Win11)",Lenovo,laptop,31390000,32990000,1600000,5,5.0,16,https://www.thegioididong.com/laptop/lenovo-ideapad-slim-5-oled-14iph11-ultra-5-322-83s5000dvn,thegioididong,2026-09-21
362020,,"Laptop Dell 15 DC15250 - CPH991 (i7 1355U, 16GB, 1TB, Full HD 120Hz, OfficeHS24+365, Win11)",Dell,laptop,27890000,28490000,600000,2,5.0,542,https://www.thegioididong.com/laptop/dell-15-dc15250-i7-1355u-cph991,thegioididong,2026-09-21
360691,,"Laptop Dell 15 DC15250 - 71084746 (i5 1334U, 16GB, 512GB, Full HD 120Hz, OfficeHS24+365, Win11)",Dell,laptop,22890000,24490000,1600000,6,5.0,1520,https://www.thegioididong.com/laptop/dell-15-dc15250-i5-1334u-71084746,thegioididong,2026-09-21
367575,,"Laptop HP 15 fd2127TU - D72CCPA (Ultra 5 225U, 16GB, 512GB, Full HD, Win11)",HP,laptop,25290000,26990000,1700000,6,5.0,85,https://www.thegioididong.com/laptop/hp-15-fd2127tu-ultra-5-225u-d72ccpa,thegioididong,2026-09-21
338320,,"Laptop Asus Vivobook S14 S3407CA - LY095WS (Ultra 5 225H, 16GB, 512GB, WUXGA, OfficeH24+365, Win11)",Asus,laptop,24090000,,,,4.9,1534,https://www.thegioididong.com/laptop/asus-s3407ca-ultra-5-ly095ws,thegioididong,2026-09-21
365624,,"Laptop HP 15 fd1487TU - D0BH4PA (Ultra 5 125H, 24GB, 512GB, Full HD, Win11)",HP,laptop,25090000,26690000,1600000,5,5.0,200,https://www.thegioididong.com/laptop/hp-15-fd1487tu-ultra-5-125h-d0bh4pa,thegioididong,2026-09-21
341266,,"Laptop HP OmniBook 5 AI 16 af1046TU - BZ7Q8PA (Ultra 5 225U, 16GB, 512GB, WUXGA, Cảm ứng, OfficeH24, Win11)",HP,laptop,27690000,31990000,4300000,13,5.0,417,https://www.thegioididong.com/laptop/hp-omnibook-5-ai-16-af1046tu-ultra-5-225u-bz7q8pa,thegioididong,2026-09-21
364183,,"Laptop Asus VivoBook Go 14 E1404FA - EB945W (R5 40, 16GB, 512GB, Full HD, Win11)",Asus,laptop,21790000,28490000,6700000,23,5.0,490,https://www.thegioididong.com/laptop/asus-vivobook-go-14-e1404fa-r5-40-eb945w,thegioididong,2026-09-21
362406,,"Laptop Asus Vivobook Go 15 E1504FA - BQ350W (R5 40, 16GB, 512GB, Full HD, Win11)",Asus,laptop,21890000,28490000,6600000,23,4.9,499,https://www.thegioididong.com/laptop/asus-vivobook-go-15-e1504fa-r5-40-bq350w,thegioididong,2026-09-21
368208,,"Laptop Lenovo IdeaPad Slim 3 14IWC11 - 83RQ002PVN (Core 5 320, 8GB, 512GB, WUXGA, Win11)",Lenovo,laptop,19990000,,,,5.0,33,https://www.thegioididong.com/laptop/lenovo-ideapad-slim-3-14iwc11-core-5-320-83rq002pvn,thegioididong,2026-09-21
362410,,"Laptop Asus Vivobook 14 X1407CA - LY008W (Ultra 5 225H, 16GB, 512GB, WUXGA, Win11)",Asus,laptop,23790000,,,,5.0,544,https://www.thegioididong.com/laptop/asus-vivobook-14-x1407ca-ultra-5-225h-ly008w,thegioididong,2026-09-21
362024,,"Laptop Dell Pro 14 Essential PV14250 - PV14250-120U-16512W-BL (Core 5 120U, 16GB, 512GB, Full HD+, OfficeH24+365, Win11)",Dell,laptop,28390000,28990000,600000,2,5.0,838,https://www.thegioididong.com/laptop/dell-pro-14-essential-pv14250-core-5-120u-pv14250-120u-16512w-bl,thegioididong,2026-09-21
362621,,"Laptop Asus TUF Gaming FA506NCQ - HN005W (R7 170, 16GB, 512GB, RTX 3050 4GB, Full HD 144Hz, Win11)",Asus,laptop,28590000,29990000,1400000,5,5.0,900,https://www.thegioididong.com/laptop/asus-tuf-gaming-fa506ncq-r7-170-hn005w,thegioididong,2026-09-21
358078,,"Laptop HP OmniBook 5 Flip 14 fp0057TU - BZ7Q6PA (Core 5 120U, 16GB, 512GB, WUXGA, Cảm ứng, OfficeH24, Win11)",HP,laptop,26890000,29990000,3100000,10,5.0,770,https://www.thegioididong.com/laptop/hp-omnibook-5-flip-14-fp0057tu-core-5-120u-bz7q6pa,thegioididong,2026-09-21
338204,,"Laptop HP Gaming VICTUS 15 fa2731TX - B85LNPA (i5 13420H, 16GB, 512GB, RTX 3050 6GB, Full HD 144Hz, Win11)",HP,laptop,27890000,,,,4.9,1652,https://www.thegioididong.com/laptop/hp-victus-15-fa2731tx-i5-b85lnpa,thegioididong,2026-09-21
360420,,"Laptop Asus Vivobook 15 X1504VA - BQ295W (Core 7 150U, 16GB, 512GB, Full HD, Win11)",Asus,laptop,23190000,,,,5.0,839,https://www.thegioididong.com/laptop/asus-vivobook-15-x1504va-core-7-150u-bq295w,thegioididong,2026-09-21
368556,,"Laptop Dell 15 DC15255 - DC5R5973W1-2Y (R5 7530U, 16GB, 512GB, Full HD 120Hz, OfficeHS24+365, Win11)",Dell,laptop,24390000,25690000,1300000,5,5.0,4,https://www.thegioididong.com/laptop/dell-15-dc15255-r5-7530u-dc5r5973w1-2y,thegioididong,2026-09-21
358132,,"Laptop Asus Vivobook S14 S3407VA - LY146W (Core 5 210H, 16GB, 512GB, WUXGA, Win11)",Asus,laptop,22590000,22990000,400000,2,5.0,1650,https://www.thegioididong.com/laptop/asus-vivobook-s14-s3407va-core-5-210h-ly146w,thegioididong,2026-09-21
363537,,Laptop MacBook Neo 13 inch A18 Pro 8GB/256GB,MacBook,laptop,19490000,,,,4.9,2832,https://www.thegioididong.com/laptop/macbook-neo-13-inch-a18-pro-8gb-256gb,thegioididong,2026-09-21
361311,,"Laptop HP 15 fc0023AU - D0BH1PA (R5 7520U, 16GB, 512GB, Full HD, Win11)",HP,laptop,22390000,24290000,1900000,7,4.9,5055,https://www.thegioididong.com/laptop/hp-15-fc0023au-r5-7520u-d0bh1pa,thegioididong,2026-09-21
