product_id,sku,name,brand,category,price_vnd,old_price_vnd,discount_amount_vnd,discount_percent,rating,review_count,url,source,crawl_date
1729,1404339,Màn hình Acer K202HQL UM.IW3SS.009 19.5 inch (HD+/ TN/ 60Hz/ 5 ms),Acer,monitor,2070000.0,2490000.0,420000.0,17.0,,,,phongvu,2026-09-21
7442,1502539,Màn hình Dell E2016HV 19.5 inch (HD+/ TN/ 60Hz/ 5 ms),Dell,monitor,2650000.0,2990000.0,340000.0,11.0,,,,phongvu,2026-09-21
7442,1503218,Màn hình Dell E1916HV 18.5 inch (HD/ TN/ 60Hz/ 5 ms),Dell,monitor,2870000.0,3290000.0,420000.0,13.0,,,,phongvu,2026-09-21
7442,1600185,Màn hình Dell E2216HV 21.5 inch (Full HD/ TN/ 60Hz/ 5 ms),Dell,monitor,2990000.0,2990000.0,0.0,0.0,,,,phongvu,2026-09-21
7405,1601383,Màn hình Samsung LS24F350FHEXXV 23.5 inch (Full HD/ PLS/ 60Hz/ 4 ms),Samsung,monitor,5490000.0,5490000.0,0.0,0.0,,,,phongvu,2026-09-21
1881,1602072,Màn hình Samsung LC27F390FHEXXV 27 inch (Full HD/ VA/ 60Hz/ 4 ms),Samsung,monitor,2390000.0,2690000.0,300000.0,11.0,,,,phongvu,2026-09-21
34842,1810783,Màn hình LG 20MK400H-B 19.5 inch (HD/ TN/ 60Hz/ 5 ms),LG,monitor,2790000.0,3250000.0,460000.0,14.0,,,,phongvu,2026-09-21
38053,18120287,Màn hình Philips 243V7QDSB/74 23.8 inch (Full HD/ IPS/ 75Hz/ 5 ms),Philips,monitor,2290000.0,2590000.0,300000.0,12.0,,,,phongvu,2026-09-21
39568,19040030,Màn hình Samsung LC27R500FHEXXV 27 inch (Full HD/ VA/ 60Hz/ 4 ms),Samsung,monitor,2890000.0,3139000.0,249000.0,8.0,,,,phongvu,2026-09-21
644035,19060085,Màn hình HP Elite Z27n G2 1JS10A4 27 inch (2K/ IPS/ 60Hz/ 5 ms),HP,monitor,12188000.0,12188000.0,0.0,0.0,,,,phongvu,2026-09-21
55177,191007010,Màn hình Dell U3219Q 31.5 inch (4K/ IPS/ 60Hz/ 5 ms),Dell,monitor,21700000.0,21700000.0,0.0,0.0,,,,phongvu,2026-09-21
59669,200200451,Màn hình Asus TUF VG279QM 27 inch (Full HD/ IPS/ 280Hz/ 1 ms),Asus,monitor,9590000.0,12990000.0,3400000.0,26.0,,,,phongvu,2026-09-21
59779,200200554,Màn hình Aoc 24V2Q 23.8 inch (Full HD/ IPS/ 75Hz/ 5 ms),Aoc,monitor,2990000.0,3200000.0,210000.0,7.0,,,,phongvu,2026-09-21
60542,200201227,Màn hình LG 22MN430M-B 21.5 inch (Full HD/ IPS/ 75Hz/ 5 ms),LG,monitor,2350000.0,3050000.0,700000.0,23.0,,,,phongvu,2026-09-21
64915,200400872,Màn hình LG 29WN600-W 29 inch (UWHD/ IPS/ 75Hz/ 5 ms),LG,monitor,6590000.0,6590000.0,0.0,0.0,,,,phongvu,2026-09-21
591659,200500537,Màn hình Dell E2020H 19.5 inch (HD+/ TN/ 60Hz/ 5 ms),Dell,monitor,2050000.0,2190000.0,140000.0,6.0,,,,phongvu,2026-09-21
39568,200600633,Màn hình Samsung LC32R500FHEXXV 31.5 inch (Full HD/ VA/ 75Hz/ 4 ms),Samsung,monitor,4190000.0,4989000.0,799000.0,16.0,,,,phongvu,2026-09-21
644189,200600782,Màn hình Gigabyte G27QC-EK 27 inch (2K/ VA/ 165Hz/ 1 ms),Gigabyte,monitor,8690000.0,8690000.0,0.0,0.0,,,,phongvu,2026-09-21
622110,200601200,Màn hình Asus ProArt PA248QV 24 inch (WUXGA/ IPS/ 75Hz/ 5 ms),Asus,monitor,4950000.0,4990000.0,40000.0,1.0,,,,phongvu,2026-09-21
622111,200601201,Màn hình Asus ProArt PA278QV 27 inch (2K/ IPS/ 75Hz/ 5 ms),Asus,monitor,7890000.0,8890000.0,1000000.0,11.0,,,,phongvu,2026-09-21
69289,200700260,Màn hình LG 27QN600-B 27 inch (2K/ IPS/ 75Hz/ 5 ms),LG,monitor,4536000.0,6590000.0,2054000.0,31.0,,,,phongvu,2026-09-21
643807,200700263,Màn hình Dell E2220H 21.5 inch (Full HD/ TN/ 60Hz/ 5 ms),Dell,monitor,3990000.0,3990000.0,0.0,0.0,,,,phongvu,2026-09-21
77255,200900219,Màn hình Samsung LF27T450FQEXXV 27 inch (Full HD/ IPS/ 75Hz/ 5 ms),Samsung,monitor,3089000.0,3289000.0,200000.0,6.0,,,,phongvu,2026-09-21
128351,201200061,Màn hình Dell S2721H 27 inch (Full HD/ IPS/ 75Hz/ 8 ms),Dell,monitor,4590000.0,4590000.0,0.0,0.0,,,,phongvu,2026-09-21
139631,201200062,Màn hình LG 27GN600-B 27 inch (Full HD/ IPS/ 144Hz/ 1 ms),LG,monitor,6290000.0,6290000.0,0.0,0.0,,,,phongvu,2026-09-21
137427,201201627,Màn hình Gigabyte G34WQC A-EK 34 inch (UltraWide/ VA/ 144Hz/ 1 ms),Gigabyte,monitor,8990000.0,11500000.0,2510000.0,22.0,,,,phongvu,2026-09-21
644009,210200899,Màn hình HP P21v G4 9TY72AA 20.7 inch (Full HD/ TN/ 60Hz/ 5 ms),HP,monitor,3290000.0,3390000.0,100000.0,3.0,,,,phongvu,2026-09-21
178038,210301233,Màn hình Asus ProArt Display PA279CV 27 inch (4K/ IPS/ 60Hz/ 5 ms),Asus,monitor,11290000.0,12990000.0,1700000.0,13.0,,,,phongvu,2026-09-21
189747,210400403,Màn hình LG 24QP500-B 23.8 inch (2K/ IPS/ 75Hz/ 5 ms),LG,monitor,4100000.0,5390000.0,1290000.0,24.0,,,,phongvu,2026-09-21
205393,210404451,"Màn hình LCD Asus 24"" VG248QE LED - Demo",Asus,monitor,1690000.0,6590000.0,4900000.0,74.0,,,,phongvu,2026-09-21
205468,210404526,Màn hình LCD Samsung 34'' LC34F791WQEXXV - Demo,Samsung,monitor,39780000.0,39780000.0,0.0,0.0,,,,phongvu,2026-09-21
220251,210501422,Màn hình Samsung LF27T370FWEXXV 27 inch (Full HD/ IPS/ 75Hz/ 5 ms),Samsung,monitor,4989000.0,4989000.0,0.0,0.0,,,,phongvu,2026-09-21
228856,210501811,Màn hình Gigabyte G27FC A-AP 27 inch (Full HD/ VA/ 165Hz/ 1 ms),Gigabyte,monitor,5650000.0,5650000.0,0.0,0.0,,,,phongvu,2026-09-21
643985,210501844,Màn hình Gigabyte M27Q-EK 27 inch (2K/ IPS/ 170Hz/ 0.5 ms),Gigabyte,monitor,8650000.0,8650000.0,0.0,0.0,,,,phongvu,2026-09-21
228889,210501845,Màn hình Gigabyte M32Q-EK 32 inch (2K/ IPS/ 165Hz/ 0.8 ms),Gigabyte,monitor,12250000.0,12250000.0,0.0,0.0,,,,phongvu,2026-09-21
228891,210501847,Màn hình Gigabyte FI32Q-EK 31.5 inch (2K/ IPS/ 165Hz/ 1 ms),Gigabyte,monitor,21600000.0,21600000.0,0.0,0.0,,,,phongvu,2026-09-21
228894,210501849,Màn hình Gigabyte FO48U-EK 48 inch (4K/ VA/ 120Hz/ 1 ms),Gigabyte,monitor,49900000.0,49900000.0,0.0,0.0,,,,phongvu,2026-09-21
229043,210502059,Màn hình Msi Optix MAG251RX 24.5 inch (Full HD/ IPS/ 240Hz/ 1 ms),Msi,monitor,11550000.0,11550000.0,0.0,0.0,,,,phongvu,2026-09-21
229044,210502060,Màn hình Msi Optix MAG274R 27 inch (Full HD/ IPS/ 144Hz/ 1 ms),Msi,monitor,9490000.0,9490000.0,0.0,0.0,,,,phongvu,2026-09-21
237957,210502582,Màn hình HP E24t G4 9VH85AA 23.8 inch (Full HD/ IPS/ 60Hz/ 5 ms),HP,monitor,8000000.0,8000000.0,0.0,0.0,,,,phongvu,2026-09-21
258865,210601396,Màn hình Samsung LS32AM501NEXXV 32 inch (Full HD/ VA/ 60Hz/ 8 ms),Samsung,monitor,9228000.0,9228000.0,0.0,0.0,,,,phongvu,2026-09-21
263846,210601738,Màn hình HP V19 9TN41AA 18.5 inch (HD/ TN/ 60Hz/ 5 ms),HP,monitor,2790000.0,2790000.0,0.0,0.0,,,,phongvu,2026-09-21
644187,210601996,Màn hình LG 27MP400-B 27 inch (Full HD/ IPS/ 75Hz/ 5 ms),LG,monitor,2950000.0,3890000.0,940000.0,24.0,,,,phongvu,2026-09-21
644154,210602226,Màn hình Dell S2421HN 23.8 inch (Full HD/ IPS/ 75Hz/ 4 ms),Dell,monitor,3390000.0,3890000.0,500000.0,13.0,,,,phongvu,2026-09-21
272318,210602227,Màn hình Dell U2421E 24 inch (WUXGA/ IPS/ 60Hz/ 5 ms),Dell,monitor,8290000.0,8290000.0,0.0,0.0,,,,phongvu,2026-09-21
644153,210602229,Màn hình Dell S2721HN 27 inch (Full HD/ IPS/ 75Hz/ 4 ms),Dell,monitor,3990000.0,4290000.0,300000.0,7.0,,,,phongvu,2026-09-21
644155,210602230,Màn hình Dell S2721QS 27 inch (4K/ IPS/ 60Hz/ 4 ms),Dell,monitor,7690000.0,9090000.0,1400000.0,15.0,,,,phongvu,2026-09-21
276635,210602367,Màn hình Samsung LC34G55TWWEXXV 34 inch (UltraWide/ VA/ 165Hz/ 1 ms),Samsung,monitor,7490000.0,8990000.0,1500000.0,17.0,,,,phongvu,2026-09-21
296778,210700008,Màn hình Asus VG27AQGL1A 27 inch (2K/ IPS/ 170Hz/ 1 ms),Asus,monitor,12990000.0,12990000.0,0.0,0.0,,,,phongvu,2026-09-21
644159,210801069,Màn hình ViewSonic VX2480-2K-SHD 23.8 inch (2K/ IPS/ 75Hz/ 4 ms),ViewSonic,monitor,5190000.0,5190000.0,0.0,0.0,,,,phongvu,2026-09-21
365743,210801070,Màn hình ViewSonic VX2480-SHDJ 23.8 inch (Full HD/ IPS/ 75Hz/ 4 ms),ViewSonic,monitor,3450000.0,3890000.0,440000.0,11.0,,,,phongvu,2026-09-21
376883,210900501,Màn hình Dell P3421W 34 inch (UltraWide/ IPS/ 60Hz/ 5 ms),Dell,monitor,14990000.0,14990000.0,0.0,0.0,,,,phongvu,2026-09-21
376886,210900504,Màn hình Dell U3821DW 37.5 inch (WQHD+/ IPS/ 60Hz/ 5 ms),Dell,monitor,31490000.0,31490000.0,0.0,0.0,,,,phongvu,2026-09-21
377253,210900553,Màn hình Dell C2422HE 23.8 inch (Full HD/ IPS/ 60Hz/ 5 ms),Dell,monitor,9290000.0,9290000.0,0.0,0.0,,,,phongvu,2026-09-21
377254,210900554,Màn hình Dell C3422WE 34 inch (UltraWide/ IPS/ 60Hz/ 5 ms),Dell,monitor,22490000.0,22490000.0,0.0,0.0,,,,phongvu,2026-09-21
377260,210900560,Màn hình Lenovo G27c-10 66A3GACBVN 27 inch (Full HD/ VA/ 165Hz/ 1 ms),Lenovo,monitor,4790000.0,5590000.0,800000.0,14.0,,,,phongvu,2026-09-21
643809,210900611,Màn hình HP Zq G3 1C4Z7AA 27 inch (2K/ IPS/ 60Hz/ 5 ms),HP,monitor,9990000.0,9990000.0,0.0,0.0,,,,phongvu,2026-09-21
388089,211001503,Màn hình Philips 243V5QHSBA/74 23.6 inch (Full HD/ MVA/ 60Hz/ 8 ms),Philips,monitor,3090000.0,3190000.0,100000.0,3.0,,,,phongvu,2026-09-21
390025,211002912,Màn hình Asus ProArt PA247CV 23.8 inch (Full HD/ IPS/ 75Hz/ 5 ms),Asus,monitor,5690000.0,5690000.0,0.0,0.0,,,,phongvu,2026-09-21
644156,211101724,Màn hình Dell S3221QS 31.5 inch (4K/ VA/ 60Hz/ 4 ms),Dell,monitor,14390000.0,14390000.0,0.0,0.0,,,,phongvu,2026-09-21
397315,211101726,Màn hình Dell P2422HE 23.8 inch (Full HD/ IPS/ 60Hz/ 5 ms),Dell,monitor,5490000.0,5490000.0,0.0,0.0,,,,phongvu,2026-09-21
398786,211103371,Màn hình Msi Optix G27C7 27 inch (Full HD/ VA/ 165Hz/ 1 ms),Msi,monitor,7700000.0,7700000.0,0.0,0.0,,,,phongvu,2026-09-21
404408,211109625,Màn hình HP E24mv G4 169L0AA 23.8 inch (Full HD/ IPS/ 60Hz/ 5 ms),HP,monitor,7590000.0,7900000.0,310000.0,4.0,,,,phongvu,2026-09-21
407304,211202194,"Màn hình LCD SAMSUNG 32"" LS32AM500NEXXV (1920 x 1080, VA, 60Hz, 8ms) - Demo",Samsung,monitor,9292000.0,9292000.0,0.0,0.0,,,,phongvu,2026-09-21
407563,211202450,Màn hình Acer KA272 UM.HX2SV.001 27 inch (Full HD/ IPS/ 75Hz/ 1 ms),Acer,monitor,2790000.0,4699000.0,1909000.0,41.0,,,,phongvu,2026-09-21
407966,211203640,Màn hình ViewSonic VX2719-PC-MHD 27 inch (Full HD/ VA/ 240Hz/ 1 ms),ViewSonic,monitor,4490000.0,4990000.0,500000.0,10.0,,,,phongvu,2026-09-21
410159,211209689,Màn hình Philips 276B1 27 inch (2K/ IPS/ 75Hz/ 4 ms),Philips,monitor,7790000.0,7790000.0,0.0,0.0,,,,phongvu,2026-09-21
644148,211210634,Màn hình Samsung LS22A336NHEXXV 22 inch (Full HD/ VA/ 60Hz/ 5 ms),Samsung,monitor,2090000.0,2339000.0,249000.0,11.0,,,,phongvu,2026-09-21
644151,220200735,Màn hình Dell E2422H 23.8 inch (Full HD/ IPS/ 60Hz/ 8 ms),Dell,monitor,4290000.0,4790000.0,500000.0,10.0,,,,phongvu,2026-09-21
416681,220202583,Màn hình Acer CBL282K UM.PB2SV.001 28 inch (4K/ IPS/ 60Hz/ 4 ms),Acer,monitor,6840000.0,8490000.0,1650000.0,19.0,,,,phongvu,2026-09-21
128608,220300510,Màn hình ViewSonic VX3218-PC-MHD 31.5 inch (Full HD/ VA/ 165Hz/ 1 ms),ViewSonic,monitor,5290000.0,6790000.0,1500000.0,22.0,,,,phongvu,2026-09-21
420576,220400349,Màn hình ViewSonic VX3276-MHD-3 31.5 inch (Full HD/ IPS/ 75Hz/ 4 ms),ViewSonic,monitor,4890000.0,4990000.0,100000.0,2.0,,,,phongvu,2026-09-21
420959,220401044,Màn hình Dell S22DGM Curved 31.5 inch (2K/ VA/ 165Hz/ 2 ms),Dell,monitor,12900000.0,12900000.0,0.0,0.0,,,,phongvu,2026-09-21
420960,220401045,Màn hình Dell S3222HG 31.5 inch (Full HD/ VA/ 165Hz/ 5 ms),Dell,monitor,10900000.0,10900000.0,0.0,0.0,,,,phongvu,2026-09-21
420962,220401047,Màn hình Dell G2722HS 27 inch (Full HD/ IPS/ 165Hz/ 1 ms),Dell,monitor,8900000.0,8900000.0,0.0,0.0,,,,phongvu,2026-09-21
420964,220401049,Màn hình Dell AW2720HF 27 inch (Full HD/ Fast IPS/ 240Hz/ 1 ms),Dell,monitor,10990000.0,10990000.0,0.0,0.0,,,,phongvu,2026-09-21
420966,220401051,Màn hình Dell P2423DE 23.8 inch (2K/ IPS/ 60Hz/ 5 ms),Dell,monitor,7390000.0,8900000.0,1510000.0,17.0,,,,phongvu,2026-09-21
420967,220401052,Màn hình Dell P2723DE 27 inch (2K/ IPS/ 60Hz/ 5 ms),Dell,monitor,7990000.0,9900000.0,1910000.0,19.0,,,,phongvu,2026-09-21
424636,220503008,Màn hình ViewSonic VX3418-2KPC 34 inch (UltraWide/ VA/ 144Hz/ 1 ms),ViewSonic,monitor,10690000.0,12100000.0,1410000.0,12.0,,,,phongvu,2026-09-21
432208,220605606,Màn hình Asus VG30VQL1A 30 inch (UWHD/ VA/ 200Hz/ 1 ms),Asus,monitor,9490000.0,9490000.0,0.0,0.0,,,,phongvu,2026-09-21
432209,220605607,Màn hình Asus ROG XG309CM 29.5 inch (UWHD/ IPS/ 220Hz/ 1 ms),Asus,monitor,12490000.0,12490000.0,0.0,0.0,,,,phongvu,2026-09-21
437240,220609199,Màn hình ViewSonic VX3276-2K-MHD-2 32 inch (2K/ IPS/ 75Hz/ 4 ms),ViewSonic,monitor,5190000.0,6290000.0,1100000.0,17.0,,,,phongvu,2026-09-21
437242,220609201,Màn hình HP Z24f G3 3G828AA 23.8 inch (Full HD/ IPS/ 60Hz/ 5 ms),HP,monitor,6590000.0,6590000.0,0.0,0.0,,,,phongvu,2026-09-21
437651,220609614,Màn hình Dell Alienware AW2521H 24.5 inch (Full HD/ Fast IPS/ 360Hz/ 3 ms),Dell,monitor,20490000.0,20490000.0,0.0,0.0,,,,phongvu,2026-09-21
437840,220609871,Màn hình ViewSonic VA2715-2K-MHD 27 inch (2K/ VA/ 75Hz/ 4 ms),ViewSonic,monitor,6090000.0,6090000.0,0.0,0.0,,,,phongvu,2026-09-21
437892,220609924,Màn hình ViewSonic VX2718-2KPC-MHD 27 inch (2K/ VA/ 165Hz/ 1 ms),ViewSonic,monitor,5690000.0,5790000.0,100000.0,2.0,,,,phongvu,2026-09-21
441012,220700392,Màn hình Dell C1422H 14 inch (Full HD/ IPS/ 60Hz/ 6 ms),Dell,monitor,7590000.0,7590000.0,0.0,0.0,,,,phongvu,2026-09-21
441013,220700393,Màn hình Dell C2722DE 27 inch (2K/ IPS/ 60Hz/ 8 ms),Dell,monitor,13990000.0,13990000.0,0.0,0.0,,,,phongvu,2026-09-21
441014,220700394,Màn hình Dell S2722DC 27 inch (2K/ IPS/ 75Hz/ 4 ms),Dell,monitor,8090000.0,8090000.0,0.0,0.0,,,,phongvu,2026-09-21
441015,220700395,Màn hình Dell S2722DZ 27 inch (2K/ IPS/ 75Hz/ 8 ms),Dell,monitor,11990000.0,11990000.0,0.0,0.0,,,,phongvu,2026-09-21
441016,220700396,Màn hình Dell P2722HE 27 inch (Full HD/ IPS/ 60Hz/ 8 ms),Dell,monitor,6990000.0,6990000.0,0.0,0.0,,,,phongvu,2026-09-21
441053,220700424,Màn hình Msi Optix MPG 321QRF-QD 32 inch (2K/ RAPID IPS/ 175Hz/ 1 ms),Msi,monitor,21450000.0,21450000.0,0.0,0.0,,,,phongvu,2026-09-21
441054,220700425,Màn hình Msi Optix MAG274QRF QD 27 inch (2K/ RAPID IPS/ 165Hz/ 1 ms),Msi,monitor,11990000.0,11990000.0,0.0,0.0,,,,phongvu,2026-09-21
441239,220700536,Màn hình Philips 241V8L6/74 24 inch (Full HD/ VA/ 75Hz/ 4 ms),Philips,monitor,2790000.0,2790000.0,0.0,0.0,,,,phongvu,2026-09-21
442458,220706572,Màn hình Samsung LS27B800PXEXXV 27 inch (4K/ IPS/ 60Hz/ 5 ms),Samsung,monitor,7090000.0,8589000.0,1499000.0,17.0,,,,phongvu,2026-09-21
442466,220706581,Màn hình ViewSonic VA2932-MHD 29 inch (UWHD/ IPS/ 75Hz/ 4 ms),ViewSonic,monitor,6290000.0,6290000.0,0.0,0.0,,,,phongvu,2026-09-21
442596,220706668,Màn hình Msi MD241PW 23.8 inch (Full HD/ IPS/ 75Hz/ 5 ms),Msi,monitor,4490000.0,6590000.0,2100000.0,32.0,,,,phongvu,2026-09-21
443171,220800093,Màn hình ViewSonic VA2409-H 23.6 inch (Full HD/ IPS/ 75Hz/ 3 ms),ViewSonic,monitor,2590000.0,3190000.0,600000.0,19.0,,,,phongvu,2026-09-21
644050,220802043,Màn hình LC-Power LC-M22-FHD-75-IPS 21.5 inch (Full HD/ IPS/ 75Hz/ 5 ms),LC-Power,monitor,2890000.0,2890000.0,0.0,0.0,,,,phongvu,2026-09-21
445794,220802044,Màn hình LC-Power LC-M24-FHD-75-IPS 23.8 inch (Full HD/ IPS/ 75Hz/ 5 ms),LC-Power,monitor,3090000.0,3290000.0,200000.0,6.0,,,,phongvu,2026-09-21
445987,220802197,Màn hình Dell S2422HZ 23.8 inch (Full HD/ IPS/ 75Hz/ 4 ms),Dell,monitor,7190000.0,7190000.0,0.0,0.0,,,,phongvu,2026-09-21
445990,220802200,Màn hình Dell U3023E 30 inch (WQXGA/ IPS/ 60Hz/ 5 ms),Dell,monitor,18090000.0,18090000.0,0.0,0.0,,,,phongvu,2026-09-21
447780,220805992,Màn hình Samsung LS32BM801UEXXV 32 inch (4K/ VA/ 60Hz/ 4 ms),Samsung,monitor,16389000.0,16389000.0,0.0,0.0,,,,phongvu,2026-09-21
458576,220908261,Màn hình Dell E2722H 27 inch (Full HD/ IPS/ 60Hz/ 8 ms),Dell,monitor,4490000.0,4490000.0,0.0,0.0,,,,phongvu,2026-09-21
464182,220920751,Màn hình Dell S2723HC 27 inch (Full HD/ IPS/ 75Hz/ 4 ms),Dell,monitor,7490000.0,7490000.0,0.0,0.0,,,,phongvu,2026-09-21
597141,221002845,Màn hình Dell E2223HN 21.45 inch (Full HD/ VA/ 60Hz/ 5 ms),Dell,monitor,2390000.0,2590000.0,200000.0,8.0,,,,phongvu,2026-09-21
466928,221003426,Màn hình LCD Samsung 19.5'' LS20D300NHMXV - Demo,Samsung,monitor,2199000.0,2199000.0,0.0,0.0,,,,phongvu,2026-09-21
467958,221100446,Màn hình Samsung LS55BG970NEXXV 55 inch (4K/ VA/ 165Hz/ 1 ms),Samsung,monitor,75990000.0,75990000.0,0.0,0.0,,,,phongvu,2026-09-21
644116,221101488,Màn hình Samsung LS25BG400EEXXV 25 inch (Full HD/ IPS/ 240Hz/ 1 ms),Samsung,monitor,3190000.0,3690000.0,500000.0,14.0,,,,phongvu,2026-09-21
644117,221101489,Màn hình Samsung LS27BG400EEXXV 27 inch (Full HD/ IPS/ 240Hz/ 1 ms),Samsung,monitor,3900000.0,4090000.0,190000.0,5.0,,,,phongvu,2026-09-21
468857,221101490,Màn hình Samsung LS32B800PXEXXV 32 inch (4K/ IPS/ 60Hz/ 5 ms),Samsung,monitor,8990000.0,9490000.0,500000.0,5.0,,,,phongvu,2026-09-21
470392,221201148,Màn hình Asus VZ279HE-J 27 inch (Full HD/ IPS/ 75Hz/ 5 ms),Asus,monitor,3790000.0,3990000.0,200000.0,5.0,,,,phongvu,2026-09-21
471206,221201945,Màn hình Msi Optix G27C5 E2 27 inch (Full HD/ VA/ 170Hz/ 1 ms),Msi,monitor,5490000.0,5690000.0,200000.0,4.0,,,,phongvu,2026-09-21
471321,221202061,Màn hình Msi Pro MP273QP - 3PB6 27 inch (2K/ IPS/ 75Hz/ 1 ms),Msi,monitor,5290000.0,5690000.0,400000.0,7.0,,,,phongvu,2026-09-21
495101,230104455,Màn hình ViewSonic VA3209-2K-MHD 32 inch (2K/ IPS/ 75Hz/ 4 ms),ViewSonic,monitor,4690000.0,5790000.0,1100000.0,19.0,,,,phongvu,2026-09-21
500297,230201390,Màn hình Samsung OLED G8 G85SB LS34BG850SEXXV 34 inch (UltraWide/ OLED/ 175Hz/ 0.1 ms),Samsung,monitor,30990000.0,30990000.0,0.0,0.0,,,,phongvu,2026-09-21
644107,230201392,Màn hình Msi G2412 23.8 inch (Full HD/ IPS/ 170Hz/ 1 ms),Msi,monitor,3650000.0,3990000.0,340000.0,9.0,,,,phongvu,2026-09-21
500829,230201967,Màn hình HP E24u G4 189T0AA 23.8 inch (Full HD/ IPS/ 60Hz/ 5 ms),HP,monitor,7500000.0,7500000.0,0.0,0.0,,,,phongvu,2026-09-21
643915,230300162,Màn hình HP P22 G5 64X86AA 21.5 inch (Full HD/ IPS/ 75Hz/ 5 ms),HP,monitor,2890000.0,2890000.0,0.0,0.0,,,,phongvu,2026-09-21
504833,230300169,Màn hình ViewSonic TD1655 15.6 inch (Full HD/ IPS/ 60Hz/ 5 ms),ViewSonic,monitor,6890000.0,6890000.0,0.0,0.0,,,,phongvu,2026-09-21
504834,230300170,Màn hình ViewSonic VG1655 15.6 inch (Full HD/ IPS/ 60Hz/ 6.5 ms),ViewSonic,monitor,5390000.0,5490000.0,100000.0,2.0,,,,phongvu,2026-09-21
644113,230300172,Màn hình Samsung LS22C310EAEXXV 22 inch (Full HD/ IPS/ 75Hz/ 5 ms),Samsung,monitor,2390000.0,2559000.0,169000.0,7.0,,,,phongvu,2026-09-21
507331,230302873,Màn hình Msi MAG342CQPV 34 inch (UltraWide/ VA/ 100Hz/ 1 ms),Msi,monitor,10990000.0,10990000.0,0.0,0.0,,,,phongvu,2026-09-21
507336,230302878,Màn hình Msi G281UV 27.9 inch (Full HD/ IPS/ 60Hz/ 4 ms),Msi,monitor,9650000.0,9650000.0,0.0,0.0,,,,phongvu,2026-09-21
508191,230304172,Màn hình HP P24 G5 64X66AA 23.8 inch (Full HD/ IPS/ 75Hz/ 5 ms),HP,monitor,3490000.0,3490000.0,0.0,0.0,,,,phongvu,2026-09-21
508998,230400174,Màn hình Dell S2722QC 27 inch (4K/ IPS/ 60Hz/ 5 ms),Dell,monitor,11990000.0,11990000.0,0.0,0.0,,,,phongvu,2026-09-21
509000,230400176,Màn hình Dell C2423H 23.8 inch (Full HD/ IPS/ 60Hz/ 5 ms),Dell,monitor,8090000.0,8090000.0,0.0,0.0,,,,phongvu,2026-09-21
509001,230400177,Màn hình Dell C2723H 27 inch (Full HD/ IPS/ 60Hz/ 5 ms),Dell,monitor,9150000.0,9150000.0,0.0,0.0,,,,phongvu,2026-09-21
509691,230400871,Màn hình Philips 27M1C3200VL/74 27 inch (Full HD/ VA/ 165Hz/ 1 ms),Philips,monitor,5600000.0,5600000.0,0.0,0.0,,,,phongvu,2026-09-21
644100,230400874,Màn hình Aoc 24B3HM/74 23.8 inch (Full HD/ VA/ 75Hz/ 4 ms),Aoc,monitor,2290000.0,2490000.0,200000.0,8.0,,,,phongvu,2026-09-21
644105,230400875,Màn hình Aoc 27B3HM/74 27 inch (Full HD/ VA/ 75Hz/ 4 ms),Aoc,monitor,3190000.0,3190000.0,0.0,0.0,,,,phongvu,2026-09-21
644119,230400878,Màn hình Philips 241S9/74 23.8 inch (Full HD/ IPS/ 75Hz/ 4 ms),Philips,monitor,2490000.0,2590000.0,100000.0,4.0,,,,phongvu,2026-09-21
597143,230400879,Màn hình Dell E2423HN 23.8 inch (Full HD/ VA/ 60Hz/ 5 ms),Dell,monitor,2790000.0,3590000.0,800000.0,22.0,,,,phongvu,2026-09-21
510887,230401797,Màn hình LG 55CT5WJ-B 55 inch (4K/ U-IPS/ 144Hz/ 9 ms),LG,monitor,21190000.0,93000000.0,71810000.0,77.0,,,,phongvu,2026-09-21
510984,230401897,Màn hình Philips 24E1N3300A 23.8 inch (Full HD/ IPS/ 75Hz/ 4 ms),Philips,monitor,3950000.0,3950000.0,0.0,0.0,,,,phongvu,2026-09-21
511671,230402298,Màn hình HP P27h G5 64W41AA 27 inch (Full HD/ IPS/ 75Hz/ 5 ms),HP,monitor,4990000.0,4990000.0,0.0,0.0,,,,phongvu,2026-09-21
512611,230402444,Màn hình Acer X34GS UM.CX0SV.S01 34 inch (UltraWide/ IPS/ 144Hz/ 1 ms),Acer,monitor,28990000.0,28990000.0,0.0,0.0,,,,phongvu,2026-09-21
512856,230402696,Màn hình HP E27u G5 6N4D3AA 27 inch (2K/ IPS/ 75Hz/ 5 ms),HP,monitor,8590000.0,8590000.0,0.0,0.0,,,,phongvu,2026-09-21
513484,230500316,Màn hình LG 27GP95R-B 27 inch (4K/ IPS/ 144Hz/ 1 ms),LG,monitor,22990000.0,22990000.0,0.0,0.0,,,,phongvu,2026-09-21
513527,230500359,Màn hình Philips 27M1N3200Z/74 27 inch (Full HD/ IPS/ 165Hz/ 1 ms),Philips,monitor,5190000.0,5190000.0,0.0,0.0,,,,phongvu,2026-09-21
513531,230500363,Màn hình ViewSonic VX2785-2K 27 inch (2K/ IPS/ 60Hz/ 5 ms),ViewSonic,monitor,13190000.0,13190000.0,0.0,0.0,,,,phongvu,2026-09-21
514750,230502050,Màn hình Acer ED270R S3 UM.HE0SV.301 27 inch (Full HD/ VA/ 180Hz/ 1 ms),Acer,monitor,3690000.0,4590000.0,900000.0,20.0,,,,phongvu,2026-09-21
514751,230502051,Màn hình Acer ED320Q X UM.JE0SV.X01 31.5 inch (Full HD/ VA/ 240Hz/ 1 ms),Acer,monitor,6590000.0,6790000.0,200000.0,3.0,,,,phongvu,2026-09-21
514754,230502054,Màn hình HP E24t G5 - 6N6E6AA 23.8 inch (Full HD/ IPS/ 75Hz/ 5 ms),HP,monitor,7190000.0,7190000.0,0.0,0.0,,,,phongvu,2026-09-21
515105,230502471,Màn hình Samsung LS32CM801UEXXV 32 inch (4K/ VA/ 60Hz/ 4 ms),Samsung,monitor,13390000.0,13390000.0,0.0,0.0,,,,phongvu,2026-09-21
515913,230600778,Màn hình Philips 24M1N3200ZA/74 23.8 inch (Full HD/ IPS/ 165Hz/ 1 ms),Philips,monitor,3690000.0,3690000.0,0.0,0.0,,,,phongvu,2026-09-21
515914,230600779,Màn hình Msi G274QPF QD 27 inch (2K/ IPS/ 170Hz/ 1 ms),Msi,monitor,8790000.0,8790000.0,0.0,0.0,,,,phongvu,2026-09-21
516309,230602349,Màn hình Asus XG27WQ 27 inch (2K/ VA/ 165Hz/ 1 ms),Asus,monitor,12490000.0,12490000.0,0.0,0.0,,,,phongvu,2026-09-21
517895,230604092,Màn hình Lenovo L22e-40 67AFKACBVN 21.45 inch (Full HD/ VA/ 75Hz/ 4 ms),Lenovo,monitor,1990000.0,2150000.0,160000.0,7.0,,,,phongvu,2026-09-21
519626,230701231,Màn hình ViewSonic VX3219-PC-MHD 32 inch (Full HD/ VA/ 240Hz/ 1 ms),ViewSonic,monitor,5750000.0,5990000.0,240000.0,4.0,,,,phongvu,2026-09-21
521849,230703324,Màn hình Samsung WM55B LH55WMBWBGCXXV 55 inch (4K/ VA/ / 8 ms),Samsung,monitor,61890000.0,61890000.0,0.0,0.0,,,,phongvu,2026-09-21
523426,230800427,Màn hình Asus VG249Q3A 23.8 inch (Full HD/ IPS/ 180Hz/ 1 ms),Asus,monitor,3190000.0,4190000.0,1000000.0,24.0,,,,phongvu,2026-09-21
523429,230800430,Màn hình HP P22v G5 7N909AT 21.45 inch (Full HD/ VA/ 75Hz/ 5 ms),HP,monitor,2390000.0,2790000.0,400000.0,14.0,,,,phongvu,2026-09-21
525681,230803165,Màn hình Asus XG249CM 23.8 inch (Full HD/ IPS/ 270Hz/ 1 ms),Asus,monitor,7990000.0,7990000.0,0.0,0.0,,,,phongvu,2026-09-21
525861,230803481,Màn hình ViewSonic VA2736-H 27 inch (Full HD/ IPS/ 100Hz/ 1 ms),ViewSonic,monitor,2790000.0,2990000.0,200000.0,7.0,,,,phongvu,2026-09-21
527505,230901010,"Màn hình LCD Acer 23.8"" Nitro VG240Y - Demo",Acer,monitor,1090000.0,3990000.0,2900000.0,73.0,,,,phongvu,2026-09-21
528504,230903174,Màn hình Asus XG259QN 24.5 inch (Full HD/ IPS/ 380Hz/ 1 ms),Asus,monitor,11490000.0,12490000.0,1000000.0,8.0,,,,phongvu,2026-09-21
528601,230903274,Màn hình Asus VA27EHF 27 inch (Full HD/ IPS/ 100Hz/ 1 ms),Asus,monitor,2950000.0,3990000.0,1040000.0,26.0,,,,phongvu,2026-09-21
529324,230904148,Màn hình ViewSonic VA1903H-2 18.5 inch (HD/ TN/ 60Hz/ 5 ms),ViewSonic,monitor,1590000.0,1590000.0,0.0,0.0,,,,phongvu,2026-09-21
531056,231002099,Màn hình Acer EK221Q E3 UM.WE1SV.301 21.5 inch (Full HD/ IPS/ 100Hz/ 1 ms),Acer,monitor,1850000.0,1890000.0,40000.0,2.0,,,,phongvu,2026-09-21
531058,231002101,Màn hình Acer Nitro KG270 M5 UM.HX0SV.501 27 inch (Full HD/ IPS/ 180Hz/ 1 ms),Acer,monitor,3190000.0,3890000.0,700000.0,18.0,,,,phongvu,2026-09-21
531074,231002117,Màn hình Asus ProArt PA279CRV 27 inch (4K/ IPS/ 60Hz/ 5 ms),Asus,monitor,12790000.0,16990000.0,4200000.0,25.0,,,,phongvu,2026-09-21
532945,231004174,Màn hình Msi Pro MP251 24.5 inch (Full HD/ IPS/ 100Hz/ 1 ms),Msi,monitor,2090000.0,2479000.0,389000.0,16.0,,,,phongvu,2026-09-21
532946,231004175,Màn hình Asus TUF Gaming VG259QM 24.5 inch (Full HD/ Fast IPS/ 280Hz/ 1 ms),Asus,monitor,6790000.0,6990000.0,200000.0,3.0,,,,phongvu,2026-09-21
532947,231004176,Màn hình Asus ROG Strix XG259CM 24.5 inch (Full HD/ Fast IPS/ 240Hz/ 1 ms),Asus,monitor,12490000.0,12490000.0,0.0,0.0,,,,phongvu,2026-09-21
532948,231004177,Màn hình Asus TUF Gaming VG28UQL1A 28 inch (4K/ Fast IPS/ 144Hz/ 1 ms),Asus,monitor,20000000.0,20000000.0,0.0,0.0,,,,phongvu,2026-09-21
532949,231004178,Màn hình Asus ROG Strix XG32VC 31.5 inch (2K/ VA/ 170Hz/ 1 ms),Asus,monitor,14990000.0,14990000.0,0.0,0.0,,,,phongvu,2026-09-21
532951,231004180,Màn hình Asus ROG Strix XG49VQ 49 inch (DFHD/ VA/ 144Hz/ 4 ms),Asus,monitor,26990000.0,26990000.0,0.0,0.0,,,,phongvu,2026-09-21
644072,231100708,Màn hình Samsung LS24C330GAEXXV 24 inch (Full HD/ IPS/ 100Hz/ 4 ms),Samsung,monitor,2290000.0,2719000.0,429000.0,16.0,,,,phongvu,2026-09-21
535426,231102959,Màn hình Asus VY249HF 23.8 inch (Full HD/ IPS/ 100Hz/ 1 ms),Asus,monitor,2390000.0,2790000.0,400000.0,14.0,,,,phongvu,2026-09-21
537380,231200931,Màn hình ViewSonic VA2436-H-PN 23.8 inch (Full HD/ IPS/ 100Hz/ 1 ms),ViewSonic,monitor,2690000.0,2690000.0,0.0,0.0,,,,phongvu,2026-09-21
538414,231202224,Màn hình Msi MP243P 23.8 inch (Full HD/ IPS/ 75Hz/ 5 ms),Msi,monitor,3190000.0,3390000.0,200000.0,6.0,,,,phongvu,2026-09-21
539248,231203207,Màn hình ViewSonic VA2432-H 23.8 inch (Full HD/ IPS/ 100Hz/ 1 ms),ViewSonic,monitor,2490000.0,2590000.0,100000.0,4.0,,,,phongvu,2026-09-21
539249,231203208,Màn hình ViewSonic VA2732-H 27 inch (Full HD/ IPS/ 100Hz/ 1 ms),ViewSonic,monitor,2490000.0,2850000.0,360000.0,13.0,,,,phongvu,2026-09-21
539819,231204286,Màn hình Dell G3223Q 32 inch (4K/ IPS/ 144Hz/ 1 ms),Dell,monitor,17190000.0,17990000.0,800000.0,4.0,,,,phongvu,2026-09-21
541490,240100228,Màn hình Msi G255F 24.5 inch (Full HD/ RAPID IPS/ 180Hz/ 1 ms),Msi,monitor,2990000.0,3550000.0,560000.0,16.0,,,,phongvu,2026-09-21
541492,240100230,Màn hình Msi G274QPF E2 27 inch (2K/ RAPID IPS/ 180Hz/ 1 ms),Msi,monitor,6490000.0,6800000.0,310000.0,5.0,,,,phongvu,2026-09-21
541493,240100231,Màn hình Lenovo D24-40 67A2KAC6VN 23.8 inch (Full HD/ VA/ 75Hz/ 4 ms),Lenovo,monitor,1990000.0,2490000.0,500000.0,20.0,,,,phongvu,2026-09-21
542336,240101307,Màn hình Samsung LS24C366EAEXXV 24 inch (Full HD/ VA/ 75Hz/ 4 ms),Samsung,monitor,2319000.0,2519000.0,200000.0,8.0,,,,phongvu,2026-09-21
543512,240103018,Màn hình Asus PG248QP 24.1 inch (Full HD/ TN/ 540Hz/ 0.2 ms),Asus,monitor,26900000.0,26900000.0,0.0,0.0,,,,phongvu,2026-09-21
543642,240103543,Màn hình Dell U2424H 23.8 inch (Full HD/ IPS/ 120Hz/ 5 ms),Dell,monitor,5250000.0,6490000.0,1240000.0,19.0,,,,phongvu,2026-09-21
544867,240201117,Màn hình Asus ROG Swift OLED PG27AQDM 26.5 inch (2K/ OLED/ 240Hz/ 0.03 ms),Asus,monitor,29990000.0,29990000.0,0.0,0.0,,,,phongvu,2026-09-21
545358,240300020,Màn hình Dell U2724DE 27 inch (2K/ IPS/ 120Hz/ 5 ms),Dell,monitor,11890000.0,12490000.0,600000.0,5.0,,,,phongvu,2026-09-21
545633,240300398,Màn hình Xiaomi A27i 27 inch (Full HD/ IPS/ 100Hz/ 6 ms),Xiaomi,monitor,2440000.0,2990000.0,550000.0,18.0,,,,phongvu,2026-09-21
545635,240300400,Màn hình Msi PRO MP273AP 27 inch (Full HD/ IPS/ 100Hz/ 1 ms),Msi,monitor,3790000.0,3790000.0,0.0,0.0,,,,phongvu,2026-09-21
546114,240300981,"Màn hình LCD Samsung 24"" LF24T450FQEXXV (1920x1080, IPS, 75Hz, 5ms) - Demo",Samsung,monitor,1690000.0,5289000.0,3599000.0,68.0,,,,phongvu,2026-09-21
547971,240302587,Màn hình Dell U2424HE 23.8 inch (Full HD/ IPS/ 120Hz/ 5 ms),Dell,monitor,6590000.0,6990000.0,400000.0,6.0,,,,phongvu,2026-09-21
547972,240302588,Màn hình Msi PRO MP225 21.5 inch (Full HD/ IPS/ 100Hz/ 1 ms),Msi,monitor,1990000.0,2090000.0,100000.0,5.0,,,,phongvu,2026-09-21
549010,240400757,Màn hình Aoc 24B3CA2/74 23.8 inch (Full HD/ IPS/ 100Hz/ 1 ms),Aoc,monitor,2690000.0,2990000.0,300000.0,10.0,,,,phongvu,2026-09-21
549011,240400758,Màn hình Aoc 27B3CA2/74 27 inch (Full HD/ IPS/ 100Hz/ 1 ms),Aoc,monitor,3190000.0,3490000.0,300000.0,9.0,,,,phongvu,2026-09-21
551974,240403812,Màn hình Asus VG27AQ3A 27 inch (2K/ Fast IPS/ 180Hz/ 1 ms),Asus,monitor,4950000.0,7290000.0,2340000.0,32.0,,,,phongvu,2026-09-21
551975,240403813,Màn hình Msi Pro MP242A 23.8 inch (Full HD/ IPS/ 100Hz/ 1 ms),Msi,monitor,2090000.0,2390000.0,300000.0,13.0,,,,phongvu,2026-09-21
554186,240502387,Màn hình Dell S2725H 27 inch (Full HD/ IPS/ 100Hz/ 4 ms),Dell,monitor,4490000.0,4690000.0,200000.0,4.0,,,,phongvu,2026-09-21
554188,240502389,Màn hình Acer Predator XB273U V3 27HL UM.HX2AA.304 27 inch (2K/ IPS/ 180Hz/ 0.5 ms),Acer,monitor,6190000.0,6490000.0,300000.0,5.0,,,,phongvu,2026-09-21
554189,240502390,Màn hình Acer Nitro VG271U M3 UM.HV1SV.301 27 inch (2K/ IPS/ 180Hz/ 0.5 ms),Acer,monitor,5290000.0,5490000.0,200000.0,4.0,,,,phongvu,2026-09-21
554190,240502391,Màn hình Acer Aopen Fire Legend 25XV2Q F UM.KX2SV.F01 24.5 inch (Full HD/ IPS/ 390Hz/ 0.5 ms),Acer,monitor,8990000.0,8990000.0,0.0,0.0,,,,phongvu,2026-09-21
554192,240502393,Màn hình Samsung LS27C900PAEXXV 27 inch (5K/ IPS/ 60Hz/ 5 ms),Samsung,monitor,19990000.0,29990000.0,10000000.0,33.0,,,,phongvu,2026-09-21
554194,240502395,Màn hình Samsung LS34C500GAEXXV 34 inch (UltraWide/ VA/ 100Hz/ 5 ms),Samsung,monitor,7490000.0,9890000.0,2400000.0,24.0,,,,phongvu,2026-09-21
554195,240502396,Màn hình Samsung LS27CG552EEXXV 27 inch (2K/ VA/ 165Hz/ 1 ms),Samsung,monitor,4590000.0,7790000.0,3200000.0,41.0,,,,phongvu,2026-09-21
554197,240502398,Màn hình Samsung LS49CG934SEXXV 49 inch (DQHD/ OLED/ 240Hz/ 0.03 ms),Samsung,monitor,28090000.0,28490000.0,400000.0,1.0,,,,phongvu,2026-09-21
554198,240502399,Màn hình Samsung LS57CG952NEXXV 57 inch (DUHD/ VA/ 240Hz/ 1 ms),Samsung,monitor,52990000.0,59990000.0,7000000.0,12.0,,,,phongvu,2026-09-21
556702,240504657,Màn hình Xiaomi G34WQi 34 inch (3K/ VA/ 180Hz/ 1 ms),Xiaomi,monitor,6960000.0,7490000.0,530000.0,7.0,,,,phongvu,2026-09-21
557172,240504988,Màn hình Msi PRO MP275Q 27 inch (2K/ IPS/ 100Hz/ 1 ms),Msi,monitor,3850000.0,4390000.0,540000.0,12.0,,,,phongvu,2026-09-21
557173,240504989,Màn hình Philips 24E1N1100A/74 24 inch (Full HD/ IPS/ 100Hz/ 1 ms),Philips,monitor,2090000.0,2190000.0,100000.0,5.0,,,,phongvu,2026-09-21
560801,240602155,Màn hình HP S5 524sw 94C22AA 23.8 inch (Full HD/ IPS/ 100Hz/ 5 ms),HP,monitor,3890000.0,4090000.0,200000.0,5.0,,,,phongvu,2026-09-21
561060,240602418,Màn hình Msi Modern MD272QP 27 inch (2K/ IPS/ 75Hz/ 4 ms),Msi,monitor,5690000.0,5690000.0,0.0,0.0,,,,phongvu,2026-09-21
561105,240602460,Màn hình ViewSonic VA2708-4K-MHD 27 inch (4K/ IPS/ 60Hz/ 4 ms),ViewSonic,monitor,5190000.0,5890000.0,700000.0,12.0,,,,phongvu,2026-09-21
561106,240602461,Màn hình ViewSonic VA2708-2K-MHD 27 inch (2K/ IPS/ 100Hz/ 1 ms),ViewSonic,monitor,3790000.0,4490000.0,700000.0,16.0,,,,phongvu,2026-09-21
561859,240603305,Màn hình Msi MODERN-MD271UL 27 inch (4K/ IPS/ 60Hz/ 4 ms),Msi,monitor,6490000.0,6990000.0,500000.0,7.0,,,,phongvu,2026-09-21
562750,240700514,Màn hình Asus ROG Strix XG27UCS 27 inch (4K/ Fast IPS/ 160Hz/ 1 ms),Asus,monitor,13690000.0,13990000.0,300000.0,2.0,,,,phongvu,2026-09-21
565119,240702971,Màn hình LG 38WR85QC-W 38 inch (WQHD+/ Nano IPS/ 144Hz/ 1 ms),LG,monitor,30990000.0,31090000.0,100000.0,0.0,,,,phongvu,2026-09-21
568721,240706620,Màn hình ViewSonic VA270-H 27 inch (Full HD/ IPS/ 100Hz/ 1 ms),ViewSonic,monitor,2690000.0,2690000.0,0.0,0.0,,,,phongvu,2026-09-21
569241,240800749,Màn hình LG 24GS50F-B 24 inch (Full HD/ VA/ 180Hz/ 5 ms),LG,monitor,2890000.0,3349000.0,459000.0,14.0,,,,phongvu,2026-09-21
569239,240800750,Màn hình Lenovo L24i-4A - 67BCKAC6VN 23.8 inch (Full HD/ IPS/ 100Hz/ 1 ms),Lenovo,monitor,2490000.0,2690000.0,200000.0,7.0,,,,phongvu,2026-09-21
569240,240800751,Màn hình Dell P2425H 23.8 inch (Full HD/ IPS/ 100Hz/ 5 ms),Dell,monitor,4690000.0,5890000.0,1200000.0,20.0,,,,phongvu,2026-09-21
569245,240800752,Màn hình LG UltraWide 26WQ500-B 26 inch (Full HD/ IPS/ 75Hz/ 5 ms),LG,monitor,2650000.0,4990000.0,2340000.0,47.0,,,,phongvu,2026-09-21
569243,240800755,Màn hình LG UltraWide 34WR55QC-B 34 inch (UltraWide/ VA/ 100Hz/ 5 ms),LG,monitor,11990000.0,11990000.0,0.0,0.0,,,,phongvu,2026-09-21
569248,240800758,Màn hình Dell P2725H 27 inch (Full HD/ IPS/ 100Hz/ 5 ms),Dell,monitor,5690000.0,6690000.0,1000000.0,15.0,,,,phongvu,2026-09-21
569250,240800759,Màn hình LG 25SR50F-W 25 inch (Full HD/ IPS/ 60Hz/ 5 ms),LG,monitor,5150000.0,5590000.0,440000.0,8.0,,,,phongvu,2026-09-21
569446,240800923,Màn hình Lenovo L27q-4A - 67BFGAC6VN 27 inch (2K/ IPS/ 100Hz/ 1 ms),Lenovo,monitor,4890000.0,4990000.0,100000.0,2.0,,,,phongvu,2026-09-21
569816,240802260,Màn hình Msi G274QPX 27 inch (2K/ RAPID IPS/ 240Hz/ 1 ms),Msi,monitor,9590000.0,9790000.0,200000.0,2.0,,,,phongvu,2026-09-21
570274,240802757,Màn hình Msi MP251 E2 25 inch (Full HD/ IPS/ 120Hz/ 1 ms),Msi,monitor,2490000.0,2690000.0,200000.0,7.0,,,,phongvu,2026-09-21
570815,240803396,Màn hình Msi MPG 491CQP QD-OLED 49 inch (DQHD/ QD-OLED/ 144Hz/ 0.03 ms),Msi,monitor,25290000.0,39990000.0,14700000.0,37.0,,,,phongvu,2026-09-21
573867,240900419,Màn hình Xiaomi G27i EU ELA5375EU 27 inch (Full HD/ IPS/ 165Hz/ 1 ms),Xiaomi,monitor,3120000.0,3990000.0,870000.0,22.0,,,,phongvu,2026-09-21
574936,240901541,"Màn hình LCD AOC 23.8"" 24V2Q/74 (1920x1080/ IPS/ 75Hz/ 5ms/ FreeSync Technology) - Demo",Aoc,monitor,3200000.0,3200000.0,0.0,0.0,,,,phongvu,2026-09-21
575058,240901664,Màn hình Asus ProArt PA278CGV 27 inch (2K/ IPS/ 144Hz/ 5 ms),Asus,monitor,9790000.0,9900000.0,110000.0,1.0,,,,phongvu,2026-09-21
575592,240902432,Màn hình Lenovo L27i-4A 67BEKAC1VN 27 inch (Full HD/ IPS/ 100Hz/ 1 ms),Lenovo,monitor,2790000.0,3290000.0,500000.0,15.0,,,,phongvu,2026-09-21
576713,240903516,Màn hình ViewSonic VX2779-HD-PRO 27 inch (Full HD/ IPS/ 180Hz/ 1 ms),ViewSonic,monitor,3490000.0,3790000.0,300000.0,8.0,,,,phongvu,2026-09-21
576715,240903518,Màn hình ViewSonic VX2479-HD-PRO 24 inch (Full HD/ IPS/ 180Hz/ 1 ms),ViewSonic,monitor,2650000.0,2990000.0,340000.0,11.0,,,,phongvu,2026-09-21
576716,240903519,Màn hình ViewSonic VX2758A-2K-PRO-3 27 inch (2K/ IPS/ 240Hz/ 1 ms),ViewSonic,monitor,5890000.0,7990000.0,2100000.0,26.0,,,,phongvu,2026-09-21
576926,240903729,Màn hình ViewSonic VX2528J 24.5 inch (Full HD/ IPS/ 180Hz/ 0.5 ms),ViewSonic,monitor,3990000.0,3990000.0,0.0,0.0,,,,phongvu,2026-09-21
576927,240903730,Màn hình ViewSonic VX2528 24.5 inch (Full HD/ IPS/ 180Hz/ 0.5 ms),ViewSonic,monitor,3290000.0,3790000.0,500000.0,13.0,,,,phongvu,2026-09-21
577645,240904490,Màn hình LCD ASUS 27'' VA27EHE - Demo,Asus,monitor,3890000.0,3890000.0,0.0,0.0,,,,phongvu,2026-09-21
577676,240904521,Màn hình LCD MSI PRO MP241X (1920 x 1080/ VA/ 75Hz/ 8 ms) - Demo,Msi,monitor,916000.0,2290000.0,1374000.0,60.0,,,,phongvu,2026-09-21
581656,240908497,Màn hình Samsung LH86WADWLGCXXS 86 inch (4K/ IPS/ 60Hz/ 8 ms),Samsung,monitor,129000000.0,129000000.0,0.0,0.0,,,,phongvu,2026-09-21
582685,241000213,Màn hình ViewSonic VA1655 15.6 inch (Full HD/ IPS/ 60Hz/ 7 ms),ViewSonic,monitor,3590000.0,3590000.0,0.0,0.0,,,,phongvu,2026-09-21
584466,241001895,Màn hình Msi MAG 276CXF 27 inch (Full HD/ Rapid VA/ 280Hz/ 0.5 ms),Msi,monitor,3750000.0,4550000.0,800000.0,18.0,,,,phongvu,2026-09-21
585680,241002919,Màn hình Asus TUF Gaming VG27VQ3B 27 inch (Full HD/ Fast VA/ 180Hz/ 1 ms),Asus,monitor,4390000.0,4390000.0,0.0,0.0,,,,phongvu,2026-09-21
586242,241003579,Màn hình Msi MP275 E2 27 inch (Full HD/ IPS/ 120Hz/ 1 ms),Msi,monitor,2390000.0,2490000.0,100000.0,4.0,,,,phongvu,2026-09-21
586551,241003817,Màn hình Samsung LS32DG502EEXXV 32 inch (2K/ IPS/ 180Hz/ 1 ms),Samsung,monitor,8190000.0,8890000.0,700000.0,8.0,,,,phongvu,2026-09-21
586550,241003818,Màn hình Samsung LS27D700EAEXXV 27 inch (4K/ IPS/ 60Hz/ 5 ms),Samsung,monitor,5890000.0,7989000.0,2099000.0,26.0,,,,phongvu,2026-09-21
586553,241003819,Màn hình Samsung LS27DG602SEXXV 27 inch (2K/ OLED/ 360Hz/ 0.03 ms),Samsung,monitor,21990000.0,21990000.0,0.0,0.0,,,,phongvu,2026-09-21
586554,241003820,Màn hình Samsung LS27DG502EEXXV 27 inch (2K/ IPS/ 180Hz/ 1 ms),Samsung,monitor,5590000.0,6289000.0,699000.0,11.0,,,,phongvu,2026-09-21
587306,241004520,Màn hình Asus ROG Strix XG27UCG 27 inch (4K/ Fast IPS/ 160Hz/ 1 ms),Asus,monitor,11450000.0,13290000.0,1840000.0,14.0,,,,phongvu,2026-09-21
587470,241004685,Màn hình Aoc 25B36H 24.5 inch (Full HD/ IPS/ 100Hz/ 1 ms),Aoc,monitor,2100000.0,2100000.0,0.0,0.0,,,,phongvu,2026-09-21
589981,241101874,Màn hình Dell E2225HS 21.4 inch (Full HD/ VA/ 75Hz/ 8 ms),Dell,monitor,2490000.0,3190000.0,700000.0,22.0,,,,phongvu,2026-09-21
590505,241103022,Màn hình LG 27US500-W 27 inch (4K/ IPS/ 60Hz/ 5 ms),LG,monitor,5950000.0,6190000.0,240000.0,4.0,,,,phongvu,2026-09-21
590574,241103252,Màn hình Samsung LS43DM702UEXXV 43 inch (4K/ VA/ 60Hz/ 4 ms),Samsung,monitor,9990000.0,9990000.0,0.0,0.0,,,,phongvu,2026-09-21
590575,241103253,Màn hình Samsung LS32DG802SEXXV 32 inch (4K/ OLED/ 240Hz/ 0.03 ms),Samsung,monitor,25990000.0,30090000.0,4100000.0,14.0,,,,phongvu,2026-09-21
590576,241103254,Màn hình Samsung LS27D804UAEXXV 27 inch (4K/ IPS/ 60Hz/ 5 ms),Samsung,monitor,7590000.0,7590000.0,0.0,0.0,,,,phongvu,2026-09-21
591665,241104670,Màn hình HP S3 Pro 324pf 9U5J5UT 23.8 inch (Full HD/ IPS/ 100Hz/ 5 ms),HP,monitor,3190000.0,3190000.0,0.0,0.0,,,,phongvu,2026-09-21
591784,241104790,Màn hình LG 27GS75Q-B 27 inch (2K/ IPS/ 180Hz/ 1 ms),LG,monitor,6699000.0,7990000.0,1291000.0,16.0,,,,phongvu,2026-09-21
591883,241104881,"Màn hình LCD Asus 23.8"" VA24EHF (1920 x 1080/ IPS/ 100Hz/ 1ms MPRT ) - Demo",Asus,monitor,1290000.0,2990000.0,1700000.0,57.0,,,,phongvu,2026-09-21
591890,241104888,Màn hình LCD DELL SE2422H 23.8inch/1920x1080@75Hz/VGA/HDMI/LED/Đen - Demo,Dell,monitor,1690000.0,3090000.0,1400000.0,45.0,,,,phongvu,2026-09-21
591893,241104891,"Màn hình LCD Samsung 24"" LF24T450FQEXXV (1920x1080, IPS, 75Hz, 5ms) - Demo",Samsung,monitor,1690000.0,5289000.0,3599000.0,68.0,,,,phongvu,2026-09-21
591895,241104893,Màn hình LCD DELL SE2422H 23.8inch/1920x1080@75Hz/VGA/HDMI/LED/Đen - Demo,Dell,monitor,1690000.0,3090000.0,1400000.0,45.0,,,,phongvu,2026-09-21
591902,241104900,Màn hình LCD DELL SE2422H 23.8inch/1920x1080@75Hz/VGA/HDMI/LED/Đen - Demo,Dell,monitor,1352000.0,3090000.0,1738000.0,56.0,,,,phongvu,2026-09-21
592072,241105092,Màn hình Msi 32C6X 31.5 inch (Full HD/ VA/ 250Hz/ 1 ms),Msi,monitor,5690000.0,6190000.0,500000.0,8.0,,,,phongvu,2026-09-21
592082,241105100,Màn hình Dell P2225H 21.5 inch (Full HD/ IPS/ 100Hz/ 8 ms),Dell,monitor,3990000.0,4090000.0,100000.0,2.0,,,,phongvu,2026-09-21
592091,241105107,Màn hình Dell P2725HE 27 inch (Full HD/ IPS/ 100Hz/ 8 ms),Dell,monitor,6990000.0,6990000.0,0.0,0.0,,,,phongvu,2026-09-21
592098,241105114,Màn hình Lenovo Legion Y27qf-30 67A7GAC3VN 27 inch (2K/ IPS/ 240Hz/ 5 ms),Lenovo,monitor,8490000.0,9890000.0,1400000.0,14.0,,,,phongvu,2026-09-21
592124,241105140,Màn hình Asus VY249HGR 23.8 inch (Full HD/ IPS/ 120Hz/ 1 ms),Asus,monitor,1990000.0,2490000.0,500000.0,20.0,,,,phongvu,2026-09-21
592131,241105147,Màn hình Asus VY279HGR 27 inch (Full HD/ IPS/ 120Hz/ 1 ms),Asus,monitor,2890000.0,2990000.0,100000.0,3.0,,,,phongvu,2026-09-21
592132,241105148,Màn hình Msi PRO MP242L 23.8 inch (Full HD/ IPS/ 100Hz/ 1 ms),Msi,monitor,1990000.0,2190000.0,200000.0,9.0,,,,phongvu,2026-09-21
592136,241105152,Màn hình Asus ProArt Display PA278QEV 27 inch (2K/ IPS/ 75Hz/ 5 ms),Asus,monitor,6990000.0,8390000.0,1400000.0,17.0,,,,phongvu,2026-09-21
594608,241201663,Màn hình Gigabyte GS27FC 27 inch (Full HD/ VA/ 180Hz/ 1 ms),Gigabyte,monitor,2990000.0,3990000.0,1000000.0,25.0,,,,phongvu,2026-09-21
594643,241201696,Màn hình Acer EK271 G UM.HE1SV.G01 27 inch (Full HD/ IPS/ 120Hz/ 1 ms),Acer,monitor,2790000.0,3090000.0,300000.0,10.0,,,,phongvu,2026-09-21
594649,241201700,Màn hình Acer SA272U E WHITE 27 inch (2K/ IPS/ 100Hz/ 1 ms),Acer,monitor,4150000.0,4190000.0,40000.0,1.0,,,,phongvu,2026-09-21
594651,241201702,Màn hình Acer EK251Q G UM.KE1SV.G01 24.5 inch (Full HD/ IPS/ 120Hz/ 1 ms),Acer,monitor,2290000.0,2390000.0,100000.0,4.0,,,,phongvu,2026-09-21
594654,241201706,Màn hình Acer SA272U E 27 inch (2K/ IPS/ 100Hz/ 1 ms),Acer,monitor,3690000.0,4090000.0,400000.0,10.0,,,,phongvu,2026-09-21
594659,241201711,Màn hình Acer EK241Y G UM.QE1SV.G01 23.8 inch (Full HD/ IPS/ 120Hz/ 1 ms),Acer,monitor,2190000.0,2290000.0,100000.0,4.0,,,,phongvu,2026-09-21
598625,241206528,Màn hình LG 27GS50F-B 27 inch (Full HD/ VA/ 180Hz/ 5 ms),LG,monitor,3750000.0,4790000.0,1040000.0,22.0,,,,phongvu,2026-09-21
610961,250111505,Màn hình Philips 24E1N1100D/74 23.8 inch (Full HD/ IPS/ 100Hz/ 1 ms),Philips,monitor,2290000.0,2290000.0,0.0,0.0,,,,phongvu,2026-09-21
615012,250115556,Màn hình Msi MD342CQPW 34 inch (UltraWide/ VA/ 120Hz/ 1 ms),Msi,monitor,8490000.0,8690000.0,200000.0,2.0,,,,phongvu,2026-09-21
615126,250115754,Màn hình ViewSonic VA2732A-H 27 inch (Full HD/ IPS/ 120Hz/ 1 ms),ViewSonic,monitor,2550000.0,2990000.0,440000.0,15.0,,,,phongvu,2026-09-21
615666,250116333,Màn hình Acer Nitro KG240Y X1 UM.QX0SV.101 23.8 inch (Full HD/ IPS/ 200Hz/ 1 ms),Acer,monitor,2750000.0,2990000.0,240000.0,8.0,,,,phongvu,2026-09-21
615667,250116334,Màn hình Acer Nitro KG270 X1 UM.HX0SV.101 27 inch (Full HD/ IPS/ 200Hz/ 1 ms),Acer,monitor,3650000.0,3690000.0,40000.0,1.0,,,,phongvu,2026-09-21
615916,250116585,Màn hình LG 27GS60QC-B 27 inch (2K/ VA/ 180Hz/ 1 ms),LG,monitor,5890000.0,6000000.0,110000.0,2.0,,,,phongvu,2026-09-21
616045,250116713,Màn hình ViewSonic VA220-H 21.5 inch (Full HD/ VA/ 100Hz/ 1 ms),ViewSonic,monitor,1590000.0,1990000.0,400000.0,20.0,,,,phongvu,2026-09-21
617851,250203232,Màn hình Dell S2425HS 23.8 inch (Full HD/ IPS/ 100Hz/ 8 ms),Dell,monitor,3990000.0,4247000.0,257000.0,6.0,,,,phongvu,2026-09-21
618867,250204610,Màn hình cong Samsung 27'' LC27R500FHEXXV - Demo,Samsung,monitor,1290000.0,3139000.0,1849000.0,59.0,,,,phongvu,2026-09-21
618980,250204731,Màn hình Samsung LS24D300GAEXXV 24 inch (Full HD/ IPS/ 100Hz/ 5 ms),Samsung,monitor,2190000.0,2490000.0,300000.0,12.0,,,,phongvu,2026-09-21
618983,250204733,Màn hình LG 27UP850K-W 27 inch (4K/ IPS/ 60Hz/ 5 ms),LG,monitor,8590000.0,8990000.0,400000.0,4.0,,,,phongvu,2026-09-21
618984,250204734,Màn hình Samsung LS24F320GAEXXV 24 inch (Full HD/ IPS/ 120Hz/ 5 ms),Samsung,monitor,2290000.0,2619000.0,329000.0,13.0,,,,phongvu,2026-09-21
643831,250204737,Màn hình Samsung LS27D300GAEXXV 27 inch (Full HD/ IPS/ 100Hz/ 5 ms),Samsung,monitor,2690000.0,2990000.0,300000.0,10.0,,,,phongvu,2026-09-21
618991,250204741,Màn hình ViewSonic VX2457A-HD-PRO 23.8 inch (Full HD/ IPS/ 170Hz/ 1 ms),ViewSonic,monitor,2290000.0,3099000.0,809000.0,26.0,,,,phongvu,2026-09-21
618997,250204747,Màn hình LG 27UP600K-W 27 inch (4K/ IPS/ 60Hz/ 5 ms),LG,monitor,5490000.0,6290000.0,800000.0,13.0,,,,phongvu,2026-09-21
619942,250206344,Màn hình Msi MAG 275F 27 inch (Full HD/ RAPID IPS/ 180Hz/ 0.5 ms),Msi,monitor,3790000.0,4950000.0,1160000.0,23.0,,,,phongvu,2026-09-21
621559,250301446,Màn hình LG UltraGear 27GS65F-B 27 inch (Full HD/ IPS/ 180Hz/ 1 ms),LG,monitor,3690000.0,4455000.0,765000.0,17.0,,,,phongvu,2026-09-21
621562,250301447,Màn hình LG 27MS500-B 27 inch (Full HD/ IPS/ 100Hz/ 5 ms),LG,monitor,2990000.0,3490000.0,500000.0,14.0,,,,phongvu,2026-09-21
621560,250301448,Màn hình LG UltraGear 24GS65F-B 24 inch (Full HD/ IPS/ 180Hz/ 1 ms),LG,monitor,3090000.0,3550000.0,460000.0,13.0,,,,phongvu,2026-09-21
621733,250301621,Màn hình Dell S2725DS 27 inch (2K/ IPS/ 100Hz/ 4 ms),Dell,monitor,7190000.0,7190000.0,0.0,0.0,,,,phongvu,2026-09-21
622186,250302098,Màn hình Dell UltraSharp U2724D 27 inch (2K/ IPS/ 120Hz/ 8 ms),Dell,monitor,9690000.0,10296000.0,606000.0,6.0,,,,phongvu,2026-09-21
622298,250302216,Màn hình Xiaomi A27Qi EU ELA5812EU 27 inch (2K/ IPS/ 100Hz/ 6 ms),Xiaomi,monitor,3720000.0,4290000.0,570000.0,13.0,,,,phongvu,2026-09-21
622355,250302275,Màn hình Gigabyte G34WQCP 34 inch (UltraWide/ VA/ 180Hz/ 1 ms),Gigabyte,monitor,7790000.0,7990000.0,200000.0,3.0,,,,phongvu,2026-09-21
622364,250302281,Màn hình Gigabyte G25F2 24.5 inch (Full HD/ IPS/ 200Hz/ 1 ms),Gigabyte,monitor,2790000.0,3390000.0,600000.0,18.0,,,,phongvu,2026-09-21
622370,250302288,Màn hình Gigabyte GS27FA 27 inch (Full HD/ IPS/ 180Hz/ 1 ms),Gigabyte,monitor,2890000.0,3390000.0,500000.0,15.0,,,,phongvu,2026-09-21
622377,250302295,Màn hình Gigabyte M27QA 27 inch (2K/ IPS/ 180Hz/ 1 ms),Gigabyte,monitor,5290000.0,6290000.0,1000000.0,16.0,,,,phongvu,2026-09-21
622384,250302301,Màn hình Gigabyte M27QA ICE 27 inch (2K/ IPS/ 180Hz/ 1 ms),Gigabyte,monitor,6590000.0,6590000.0,0.0,0.0,,,,phongvu,2026-09-21
622398,250302317,Màn hình Gigabyte M32QC 32 inch (2K/ VA/ 170Hz/ 1 ms),Gigabyte,monitor,6650000.0,6650000.0,0.0,0.0,,,,phongvu,2026-09-21
625344,250305244,Màn hình Philips 24E2N1100/74 23.8 inch (Full HD/ IPS/ 120Hz/ 4 ms),Philips,monitor,2090000.0,2190000.0,100000.0,5.0,,,,phongvu,2026-09-21
627209,250307087,Màn hình HP S3 Pro 322pv 9U5A2AA 21.45 inch (Full HD/ VA/ 100Hz/ 5 ms),HP,monitor,2500000.0,2500000.0,0.0,0.0,,,,phongvu,2026-09-21
627210,250307088,Màn hình HKC MB21V13-U 21.45 inch (Full HD/ VA/ 100Hz/ 7 ms),HKC,monitor,1290000.0,1899000.0,609000.0,32.0,,,,phongvu,2026-09-21
627502,250307384,Màn hình Samsung LS27F320GAEXXV 27 inch (Full HD/ IPS/ 120Hz/ 5 ms),Samsung,monitor,2790000.0,3189000.0,399000.0,13.0,,,,phongvu,2026-09-21
628343,250308217,"Màn hình LCD Samsung 22"" LS22C310EAEXXV (1920 x 1080/ IPS/ 75Hz/ 5 (GTG)) - Demo",Samsung,monitor,1790000.0,2559000.0,769000.0,30.0,,,,phongvu,2026-09-21
628352,250308226,"Màn hình LCD Samsung 24"" LS24C310EAEXXV (1920 x 1080/ IPS/ 75Hz/ 5 (GTG)) - Demo",Samsung,monitor,2619000.0,2619000.0,0.0,0.0,,,,phongvu,2026-09-21
629370,250309233,Màn hình LG 24MS500-B 23.8 inch (Full HD/ IPS/ 100Hz/ 5 ms),LG,monitor,3190000.0,3290000.0,100000.0,3.0,,,,phongvu,2026-09-21
629366,250309235,Màn hình LG 27GS60F-B 27 inch (Full HD/ IPS/ 180Hz/ 1 ms),LG,monitor,4350000.0,4350000.0,0.0,0.0,,,,phongvu,2026-09-21
629367,250309236,Màn hình LG 45GS95QE-B 44.5 inch (UltraWide/ OLED/ 240Hz/ 0.03 ms),LG,monitor,30990000.0,30990000.0,0.0,0.0,,,,phongvu,2026-09-21
632381,250400434,Màn hình ViewSonic VA22E1-H 21.5 inch (Full HD/ TN/ 75Hz/ 1 ms),ViewSonic,monitor,1590000.0,1990000.0,400000.0,20.0,,,,phongvu,2026-09-21
633945,250401987,Màn hình Asus VG249QE5A 23.8 inch (Full HD/ IPS/ 146Hz/ 1 ms),Asus,monitor,2590000.0,3190000.0,600000.0,19.0,,,,phongvu,2026-09-21
633946,250401988,Màn hình Asus TUF VG279QE5A 27 inch (Full HD/ IPS/ 146Hz/ 1 ms),Asus,monitor,2890000.0,3290000.0,400000.0,12.0,,,,phongvu,2026-09-21
634035,250402077,Màn hình Lenovo L24m-4A 67BDUAC6VN 23.8 inch (Full HD/ IPS/ 100Hz/ 1 ms),Lenovo,monitor,3990000.0,3990000.0,0.0,0.0,,,,phongvu,2026-09-21
634723,250402764,Màn hình Lenovo L24-4e - 68C2KAC1VN 23.8 inch (Full HD/ IPS/ 100Hz/ 4 ms),Lenovo,monitor,2190000.0,2590000.0,400000.0,15.0,,,,phongvu,2026-09-21
638405,250406416,Màn hình Msi MAG 255PXF 24.5 inch (Full HD/ RAPID IPS/ 300Hz/ 0.5 ms),Msi,monitor,4190000.0,5690000.0,1500000.0,26.0,,,,phongvu,2026-09-21
644749,250412660,Màn hình Samsung LS27FG812SEXXV 27 inch (4K/ OLED/ 240Hz/ 0.03 ms),Samsung,monitor,26590000.0,32990000.0,6400000.0,19.0,,,,phongvu,2026-09-21
646035,250413909,Màn hình LG UltraGear 27GX790A-B 27 inch (2K/ OLED/ 480Hz/ 0.03 ms),LG,monitor,19990000.0,25990000.0,6000000.0,23.0,,,,phongvu,2026-09-21
647939,250415799,Màn hình LCD LG 24'' 24GN65R-B.ATV (1920 x 1080/ IPS/ 144Hz/ 1ms) - Demo,LG,monitor,1790000.0,3990000.0,2200000.0,55.0,,,,phongvu,2026-09-21
655948,250504133,Màn hình LG 27U631A-B 27 inch (2K/ IPS/ 100Hz/ 5 ms),LG,monitor,4290000.0,4790000.0,500000.0,10.0,,,,phongvu,2026-09-21
658263,250506441,Màn hình Msi MAG 273QP QD-OLED X24 26.5 inch (2K/ OLED/ 240Hz/ 0.03 ms),Msi,monitor,14390000.0,18390000.0,4000000.0,22.0,,,,phongvu,2026-09-21
662122,250510206,Màn hình ViewSonic VX2758a-2K-PRO-4 27 inch (2K/ IPS/ 180Hz/ 1 ms),ViewSonic,monitor,4890000.0,5490000.0,600000.0,11.0,,,,phongvu,2026-09-21
666209,250512188,Màn hình Samsung LS24D310EAEXXV 24 inch (Full HD/ VA/ 75Hz/ 5 ms),Samsung,monitor,2340000.0,2340000.0,0.0,0.0,,,,phongvu,2026-09-21
676231,250520204,Màn hình LCD LG 31.5'' 32UR500-B.ATV (3840 x 2160/ VA/ 60Hz/ 4ms (GtG)) - Demo,LG,monitor,3790000.0,8990000.0,5200000.0,58.0,,,,phongvu,2026-09-21
676241,250520214,"Màn hình LCD Acer 32"" XB323QK NV (UM.JX3SV.V01) (3840 x 2160/ IPS/ 144Hz/ 1ms) - Demo",Acer,monitor,9990000.0,29990000.0,20000000.0,67.0,,,,phongvu,2026-09-21
676254,250520227,"Màn hình LCD Acer 23.8"" Nitro KG240Y M5 (UM.QX0SV.501) (1920 x 1080/ IPS/ 180Hz/ 1ms VRB/ FreeSync Premium) - Demo",Acer,monitor,1990000.0,3390000.0,1400000.0,41.0,,,,phongvu,2026-09-21
676255,250520228,"Màn hình LCD Acer 23.8"" Nitro KG240Y M5 (UM.QX0SV.501) (1920 x 1080/ IPS/ 180Hz/ 1ms VRB/ FreeSync Premium) - Demo",Acer,monitor,3390000.0,3390000.0,0.0,0.0,,,,phongvu,2026-09-21
676259,250520232,"Màn hình LCD Acer 23.8"" Nitro KG240Y M5 (UM.QX0SV.501) (1920 x 1080/ IPS/ 180Hz/ 1ms VRB/ FreeSync Premium) - Demo",Acer,monitor,1990000.0,3390000.0,1400000.0,41.0,,,,phongvu,2026-09-21
676260,250520233,"Màn hình LCD Acer 23.8"" Nitro KG240Y M5 (UM.QX0SV.501) (1920 x 1080/ IPS/ 180Hz/ 1ms VRB/ FreeSync Premium) - Demo",Acer,monitor,1990000.0,3390000.0,1400000.0,41.0,,,,phongvu,2026-09-21
676261,250520234,"Màn hình LCD Acer 23.8"" Nitro KG240Y M5 (UM.QX0SV.501) (1920 x 1080/ IPS/ 180Hz/ 1ms VRB/ FreeSync Premium) - Demo",Acer,monitor,1990000.0,3390000.0,1400000.0,41.0,,,,phongvu,2026-09-21
676265,250520238,"Màn hình LCD Acer 23.8"" K243Y E (UM.QX3SV.E01) ( 1920 x 1080/ IPS/ 100Hz/ 1ms) - Demo",Acer,monitor,1290000.0,2590000.0,1300000.0,50.0,,,,phongvu,2026-09-21
676614,250520582,Màn hình Msi PRO MP225V 21.45 inch (Full HD/ VA/ 100Hz/ 4 ms),Msi,monitor,1589000.0,1650000.0,61000.0,4.0,,,,phongvu,2026-09-21
676617,250520590,Màn hình Xiaomi A27Ui EU 27 inch (4K/ IPS/ 60Hz/ 6 ms),Xiaomi,monitor,6860000.0,7490000.0,630000.0,8.0,,,,phongvu,2026-09-21
676624,250520596,Màn hình Msi MAG 274F 27 inch (Full HD/ RAPID IPS/ 200Hz/ 0.5 ms),Msi,monitor,3590000.0,4100000.0,510000.0,12.0,,,,phongvu,2026-09-21
676902,250520870,Màn hình Dell SE2725HM 27 inch (Full HD/ IPS/ 100Hz/ 5 ms),Dell,monitor,3990000.0,4090000.0,100000.0,2.0,,,,phongvu,2026-09-21
678932,250601146,Màn hình máy tính/ LCD Dell 27 inch SE2725H (1920 x 1080/ VA/ 75Hz/ 8ms) Đen (42MSE2725H) - Đã sử dụng,Dell,monitor,2490000.0,3861000.0,1371000.0,36.0,,,,phongvu,2026-09-21
680497,250602706,Màn hình Aoc 22B20JH2/74 21.5 inch (Full HD/ IPS/ 100Hz/ 1 ms),Aoc,monitor,1750000.0,1890000.0,140000.0,7.0,,,,phongvu,2026-09-21
711426,250633615,Màn hình Aoc 27B36X/71 27 inch (Full HD/ IPS/ 144Hz/ 0.5 ms),Aoc,monitor,2450000.0,2990000.0,540000.0,18.0,,,,phongvu,2026-09-21
711427,250633616,Màn hình Msi PRO MP251L E2 24.5 inch (Full HD/ IPS/ 120Hz/ 1 ms),Msi,monitor,2090000.0,2290000.0,200000.0,9.0,,,,phongvu,2026-09-21
711430,250633617,Màn hình Msi PRO MP273AW 27 inch (Full HD/ IPS/ 100Hz/ 1 ms),Msi,monitor,2949000.0,3490000.0,541000.0,16.0,,,,phongvu,2026-09-21
711429,250633618,Màn hình Msi MAG 274CXF 27 inch (Full HD/ Rapid VA/ 280Hz/ 0.5 ms),Msi,monitor,3990000.0,4550000.0,560000.0,12.0,,,,phongvu,2026-09-21
711425,250633619,Màn hình ViewSonic VA240A-H 23.8 inch (Full HD/ IPS/ 120Hz/ 1 ms),ViewSonic,monitor,2090000.0,2190000.0,100000.0,5.0,,,,phongvu,2026-09-21
711431,250633620,Màn hình Dell SE2425HM 23.8 inch (Full HD/ IPS/ 100Hz/ 5 ms),Dell,monitor,2750000.0,3200000.0,450000.0,14.0,,,,phongvu,2026-09-21
711433,250633623,Màn hình Aoc Q27B30S3/71 27 inch (2K/ IPS/ 120Hz/ 1 ms),Aoc,monitor,3690000.0,3990000.0,300000.0,8.0,,,,phongvu,2026-09-21
711437,250633625,Màn hình ViewSonic VX2757A-HD-PRO 27 inch (Full HD/ IPS/ 180Hz/ 1 ms),ViewSonic,monitor,2990000.0,3290000.0,300000.0,9.0,,,,phongvu,2026-09-21
711435,250633626,Màn hình Msi MAG 255XF 24.5 inch (Full HD/ RAPID IPS/ 300Hz/ 0.5 ms),Msi,monitor,3990000.0,5490000.0,1500000.0,27.0,,,,phongvu,2026-09-21
711436,250633627,Màn hình Msi MAG 275QF 27 inch (WQHD (2K)/ RAPID IPS/ 180Hz/ 0.5 ms),Msi,monitor,4790000.0,5690000.0,900000.0,16.0,,,,phongvu,2026-09-21
711439,250633629,Màn hình Msi PRO MP251W E2 24.5 inch (Full HD/ IPS/ 120Hz/ 1 ms),Msi,monitor,2390000.0,2890000.0,500000.0,17.0,,,,phongvu,2026-09-21
711445,250633631,Màn hình ViewSonic XG2409A 23.8 inch (Full HD/ IPS/ 240Hz/ 1 ms),ViewSonic,monitor,3590000.0,3990000.0,400000.0,10.0,,,,phongvu,2026-09-21
711443,250633632,Màn hình Msi MAG 276CF E20 27 inch (Full HD/ Rapid VA/ 200Hz/ 0.5 ms),Msi,monitor,3690000.0,3990000.0,300000.0,8.0,,,,phongvu,2026-09-21
711444,250633633,Màn hình Msi PRO MP272LKL 27 inch (Full HD/ IPS/ 100Hz/ 1 ms),Msi,monitor,2390000.0,3090000.0,700000.0,23.0,,,,phongvu,2026-09-21
711442,250633634,Màn hình Msi MAG 32CQ6F 31.5 inch (WQHD (2K)/ Rapid VA/ 180Hz/ 0.5 ms),Msi,monitor,5490000.0,6490000.0,1000000.0,15.0,,,,phongvu,2026-09-21
711447,250633636,Màn hình ViewSonic XG2709A 27 inch (Full HD/ IPS/ 240Hz/ 1 ms),ViewSonic,monitor,4590000.0,4790000.0,200000.0,4.0,,,,phongvu,2026-09-21
713345,250635297,Màn hình Msi MAG 342CQR E2 34 inch (UWQHD/ VA/ 180Hz/ 1 ms),Msi,monitor,8990000.0,8990000.0,0.0,0.0,,,,phongvu,2026-09-21
714762,250636706,Màn hình Asus ProArt Display PA329CRV 31.5 inch (4K/ IPS/ 60Hz/ 5 ms),Asus,monitor,17990000.0,23490000.0,5500000.0,23.0,,,,phongvu,2026-09-21
715421,250637363,Màn hình Xiaomi G27Qi ELA5593EU 27 inch (2K/ Fast IPS/ 180Hz/ 1 ms),Xiaomi,monitor,4500000.0,4990000.0,490000.0,10.0,,,,phongvu,2026-09-21
715427,250637370,Màn hình Xiaomi G Pro 27i EU ELA5585EU 27 inch (2K/ Fast IPS/ 180Hz/ 1 ms),Xiaomi,monitor,8330000.0,8990000.0,660000.0,7.0,,,,phongvu,2026-09-21
715434,250637375,Màn hình LG 34GX90SA-W 34 inch (UWQHD/ OLED/ 240Hz/ 0.03 ms),LG,monitor,27490000.0,29990000.0,2500000.0,8.0,,,,phongvu,2026-09-21
716699,250638612,Màn hình LG UltraGear 27GP750 27 inch (Full HD/ IPS/ 240Hz/ 1 ms),LG,monitor,3890000.0,4990000.0,1100000.0,22.0,,,,phongvu,2026-09-21
716810,250638723,Màn hình Asus ROG Strix OLED XG27AQDMG 26.5 inch (2K/ WOLED/ 240Hz/ 0.03 ms),Asus,monitor,18990000.0,23990000.0,5000000.0,21.0,,,,phongvu,2026-09-21
716812,250638724,Màn hình Asus TUF Gaming VG27AQ5A 27 inch (2K/ Fast IPS/ 210Hz/ 1 ms),Asus,monitor,4890000.0,5290000.0,400000.0,8.0,,,,phongvu,2026-09-21
716811,250638725,Màn hình Asus TUF Gaming VG259Q5A 24.5 inch (Full HD/ Fast IPS/ 200Hz/ 1 ms),Asus,monitor,3090000.0,3300000.0,210000.0,6.0,,,,phongvu,2026-09-21
719854,250640758,Màn hình Msi MAG 275UPD E14 27 inch (4K/ IPS/ 144Hz/ 1 ms),Msi,monitor,6790000.0,6990000.0,200000.0,3.0,,,,phongvu,2026-09-21
719860,250640764,Màn hình Msi MAG 274QPF X30MV 27 inch (WQHD (2K)/ Rapid VA/ 300Hz/ 0.5 ms),Msi,monitor,10690000.0,10990000.0,300000.0,3.0,,,,phongvu,2026-09-21
724692,250645504,"Màn hình LCD Samsung 27"" LF27T450FQEXXV (1920x1080, IPS, 75Hz, 5ms) - Đã sử dụng",Samsung,monitor,3289000.0,3289000.0,0.0,0.0,,,,phongvu,2026-09-21
724757,250645569,Màn hình LCD MSI 24'' PRO MP242C (1920 x 1080/ VA/ 75Hz/ 1ms) - Demo,Msi,monitor,1590000.0,3090000.0,1500000.0,49.0,,,,phongvu,2026-09-21
724772,250645584,Màn hình LCD Asus 23.8'' PA247CV-P (1920 x 1080/ IPS/ 75Hz/ 5ms GtG/ Adaptive-Sync) - Demo,Asus,monitor,2990000.0,7290000.0,4300000.0,59.0,,,,phongvu,2026-09-21
724775,250645587,Màn hình LCD Asus 23.8'' PA247CV-P (1920 x 1080/ IPS/ 75Hz/ 5ms GtG/ Adaptive-Sync) - Demo,Asus,monitor,2990000.0,7290000.0,4300000.0,59.0,,,,phongvu,2026-09-21
724794,250645606,Màn hình LCD MSI 24'' PRO MP242C (1920 x 1080/ VA/ 75Hz/ 1ms) - Demo,Msi,monitor,1590000.0,3090000.0,1500000.0,49.0,,,,phongvu,2026-09-21
724800,250645612,Màn hình/ LCD DELL SE2425H 23.8INCH/ 1920x1080/ 75Hz/ VGA/ HDMI/ LED/ ĐEN (K0FG9) - Demo,Dell,monitor,3100000.0,3100000.0,0.0,0.0,,,,phongvu,2026-09-21
725160,250645993,Màn hình Lenovo L27qe 27 inch (2K/ IPS/ 100Hz/ 6 ms),Lenovo,monitor,3090000.0,3590000.0,500000.0,14.0,,,,phongvu,2026-09-21
725161,250645994,Màn hình Dell E2225HSM 21.5 inch (Full HD/ VA/ 100Hz/ 5 ms),Dell,monitor,2490000.0,3190000.0,700000.0,22.0,,,,phongvu,2026-09-21
725162,250645995,Màn hình Dell P3225QE 31.5 inch (4K/ IPS/ 100Hz/ 5 ms),Dell,monitor,14990000.0,15090000.0,100000.0,1.0,,,,phongvu,2026-09-21
725163,250645996,Màn hình Dell P3425WE 34 inch (UWQHD/ IPS/ 100Hz/ 5 ms),Dell,monitor,16690000.0,16690000.0,0.0,0.0,,,,phongvu,2026-09-21
725189,250646022,Màn hình Dell U2725QE 27 inch (4K/ IPS/ 120Hz/ 5 ms),Dell,monitor,16590000.0,17490000.0,900000.0,5.0,,,,phongvu,2026-09-21
725230,250646063,Màn hình Asus VA24DQF 23.8 inch (Full HD/ IPS/ 100Hz/ 1 ms),Asus,monitor,2290000.0,2290000.0,0.0,0.0,,,,phongvu,2026-09-21
750260,250711057,Màn hình Dell Alienware P2424HT 24 inch (Full HD/ IPS/ 60Hz/ 5 ms),Dell,monitor,8990000.0,8990000.0,0.0,0.0,,,,phongvu,2026-09-21
752852,250713730,Màn hình LG 24U631A-B 23.8 inch (2K/ IPS/ 100Hz/ 5 ms),LG,monitor,3990000.0,4290000.0,300000.0,7.0,,,,phongvu,2026-09-21
754924,250715719,Màn hình Philips 27E1N2100D/71 27 inch (Full HD/ IPS/ 120Hz/ 4 ms),Philips,monitor,2790000.0,2890000.0,100000.0,3.0,,,,phongvu,2026-09-21
756627,250717334,Màn hình ViewSonic VA2432A-H 23.8 inch (Full HD/ IPS/ 120Hz/ 1 ms),ViewSonic,monitor,2050000.0,2290000.0,240000.0,10.0,,,,phongvu,2026-09-21
756629,250717335,Màn hình LG UltraGear 27G850A-B 27 inch (4K/ IPS/ 240Hz/ 1 ms),LG,monitor,15590000.0,18990000.0,3400000.0,18.0,,,,phongvu,2026-09-21
759322,250719843,Màn hình ViewSonic VX2779A-HD-PRO 27 inch (Full HD/ IPS/ 240Hz/ 1 ms),ViewSonic,monitor,4290000.0,4590000.0,300000.0,7.0,,,,phongvu,2026-09-21
762647,250800176,Màn hình Msi MAG 274QF X24 27 inch (2K/ RAPID IPS/ 240Hz/ 0.5 ms),Msi,monitor,5190000.0,5690000.0,500000.0,9.0,,,,phongvu,2026-09-21
762654,250800183,Màn hình Asus TUF Gaming VG279QM5A 27 inch (Full HD/ Fast IPS/ 240Hz/ 0.3 ms),Asus,monitor,3950000.0,4690000.0,740000.0,16.0,,,,phongvu,2026-09-21
764255,250801760,Màn hình Asus ROG Strix XG27ACS 27 inch (2K/ Fast IPS/ 180Hz/ 1 ms),Asus,monitor,6890000.0,6990000.0,100000.0,1.0,,,,phongvu,2026-09-21
765777,250803174,Màn hình Lenovo L27-4e 68CDKAC1VN 27 inch (Full HD/ IPS/ 100Hz/ 4 ms),Lenovo,monitor,2740000.0,2990000.0,250000.0,8.0,,,,phongvu,2026-09-21
765787,250803181,Màn hình Lenovo Legion 27-10 68C5GAC4VN 27 inch (Full HD/ IPS/ 240Hz/ 0.5 ms),Lenovo,monitor,3990000.0,4290000.0,300000.0,7.0,,,,phongvu,2026-09-21
765793,250803188,Màn hình Lenovo Legion 27Q-10 68C6GAC4VN 27 inch (2K/ IPS/ 240Hz/ 0.5 ms),Lenovo,monitor,5490000.0,5590000.0,100000.0,2.0,,,,phongvu,2026-09-21
765808,250803202,Màn hình Samsung Odyssey 3D G90XF LS27FG900XEXXV 27 inch (4K/ IPS/ 165Hz/ 1 ms),Samsung,monitor,23990000.0,48990000.0,25000000.0,51.0,,,,phongvu,2026-09-21
767180,250804567,"Màn hình LCD LG 27"" 27GS95QE-B.ATV (QHD (2560x1440)/OLED/240Hz/0.03ms (GtG)) - Demo",LG,monitor,8990000.0,24990000.0,16000000.0,64.0,,,,phongvu,2026-09-21
767196,250804583,"Màn hình LCD Asus 23.8"" VY249HF-R (1920 x 1080/ IPS/ 100Hz/ 1ms (MPRT)) - Demo",Asus,monitor,1590000.0,2790000.0,1200000.0,43.0,,,,phongvu,2026-09-21
767206,250804593,"Màn hình LCD Philips 27"" 27E1N1100A/74 (1920 x 1080/ IPS/ 100Hz/ 1ms (MPRT)) - Demo",Philips,monitor,1813000.0,2690000.0,877000.0,33.0,,,,phongvu,2026-09-21
767259,250804646,Màn hình LCD Viewsonic 24'' VA2406-H (1920 x 1080/VA/ 75 Hz/ 4ms) - Demo,ViewSonic,monitor,1490000.0,2890000.0,1400000.0,48.0,,,,phongvu,2026-09-21
768850,250806027,Màn hình Asus VA27AQ 27 inch (2K/ IPS/ 75Hz/ 1 ms),Asus,monitor,3090000.0,3890000.0,800000.0,21.0,,,,phongvu,2026-09-21
768849,250806028,Màn hình Asus TUF Gaming VG249Q5R 23.8 inch (Full HD/ Fast IPS/ 200Hz/ 0.3 ms),Asus,monitor,2690000.0,2990000.0,300000.0,10.0,,,,phongvu,2026-09-21
770794,250807884,Màn hình Msi MP275W E2 27 inch (Full HD/ IPS/ 120Hz/ 1 ms),Msi,monitor,2990000.0,2990000.0,0.0,0.0,,,,phongvu,2026-09-21
771445,250808264,Màn hình Aoc Q27G40E/71 27 inch (2K/ Fast IPS/ 180Hz/ 0.5 ms),Aoc,monitor,3990000.0,4690000.0,700000.0,15.0,,,,phongvu,2026-09-21
771447,250808265,Màn hình Aoc 22B15H2/71 21.5 inch (Full HD/ IPS/ 100Hz/ 4 ms),Aoc,monitor,1590000.0,1790000.0,200000.0,11.0,,,,phongvu,2026-09-21
771446,250808266,Màn hình Aoc 24B36X/71 23.8 inch (Full HD/ IPS/ 144Hz/ 0.5 ms),Aoc,monitor,2090000.0,2390000.0,300000.0,13.0,,,,phongvu,2026-09-21
771448,250808267,Màn hình Aoc 24G11ZE/71 23.8 inch (Full HD/ Fast IPS/ 240Hz/ 0.3 ms),Aoc,monitor,2690000.0,2890000.0,200000.0,7.0,,,,phongvu,2026-09-21
771956,250808749,Màn hình Samsung Smart M50F LS32FM501EEXXV 32 inch (Full HD/ VA/ 60Hz/ 4 ms),Samsung,monitor,5990000.0,6890000.0,900000.0,13.0,,,,phongvu,2026-09-21
771962,250808750,Màn hình LG 22U401A-B 21.5 inch (Full HD/ VA/ 100Hz/ 5 ms),LG,monitor,1990000.0,2290000.0,300000.0,13.0,,,,phongvu,2026-09-21
771964,250808756,Màn hình ViewSonic VA24G1-H 23.8 inch (Full HD/ IPS/ 144Hz/ 1 ms),ViewSonic,monitor,2290000.0,2589000.0,299000.0,12.0,,,,phongvu,2026-09-21
771968,250808757,Màn hình LG 24U411A-B 23.8 inch (Full HD/ IPS/ 120Hz/ 5 ms),LG,monitor,2290000.0,2590000.0,300000.0,12.0,,,,phongvu,2026-09-21
771974,250808763,Màn hình ViewSonic VX2428AJ-PK 23.8 inch (Full HD/ IPS/ 240Hz/ 0.5 ms),ViewSonic,monitor,3790000.0,4290000.0,500000.0,12.0,,,,phongvu,2026-09-21
771975,250808764,Màn hình LG 27U411A-B 27 inch (Full HD/ IPS/ 120Hz/ 5 ms),LG,monitor,2790000.0,2990000.0,200000.0,7.0,,,,phongvu,2026-09-21
771981,250808771,Màn hình ViewSonic VX2428AJ-BL 23.8 inch (Full HD/ IPS/ 240Hz/ 0.5 ms),ViewSonic,monitor,4190000.0,4290000.0,100000.0,2.0,,,,phongvu,2026-09-21
771988,250808777,Màn hình ViewSonic VA2532-H 25 inch (Full HD/ IPS/ 100Hz/ 1 ms),ViewSonic,monitor,1990000.0,2090000.0,100000.0,5.0,,,,phongvu,2026-09-21
771994,250808782,Màn hình Asus TUF VG279QE5A-R 27 inch (Full HD/ IPS/ 146Hz/ 1 ms),Asus,monitor,3190000.0,3290000.0,100000.0,3.0,,,,phongvu,2026-09-21
771996,250808785,Màn hình Lenovo L22-4e 67D5KAC6VN 21.5 inch (Full HD/ IPS/ 100Hz/ 4 ms),Lenovo,monitor,2090000.0,2590000.0,500000.0,19.0,,,,phongvu,2026-09-21
772076,250808867,Màn hình HKC MB24V39 23.8 inch (Full HD/ IPS/ 120Hz/ 4 ms),HKC,monitor,1790000.0,2599000.0,809000.0,31.0,,,,phongvu,2026-09-21
772375,250809111,Màn hình Asus ROG Swift OLED PG27UCDM 26.5 inch (4K/ QD-OLED/ 240Hz/ 0.03 ms),Asus,monitor,31990000.0,34990000.0,3000000.0,9.0,,,,phongvu,2026-09-21
772426,250809162,Màn hình Msi MPG 341CQPX 34 inch (UWQHD/ QD-OLED/ 240Hz/ 0.03 ms),Msi,monitor,22990000.0,25890000.0,2900000.0,11.0,,,,phongvu,2026-09-21
772434,250809169,Màn hình Dell S2725QS 27 inch (4K/ IPS/ 120Hz/ 4 ms),Dell,monitor,8190000.0,8490000.0,300000.0,4.0,,,,phongvu,2026-09-21
772448,250809183,Màn hình Gigabyte MO27Q2 27 inch (2K/ OLED/ 240Hz/ 0.03 ms),Gigabyte,monitor,15490000.0,16900000.0,1410000.0,8.0,,,,phongvu,2026-09-21
772455,250809190,Màn hình Gigabyte AORUS FO27Q3 27 inch (2K/ QD-OLED/ 360Hz/ 0.03 ms),Gigabyte,monitor,26990000.0,30090000.0,3100000.0,10.0,,,,phongvu,2026-09-21
772462,250809197,Màn hình Gigabyte AORUS FO27Q5P 27 inch (2K/ OLED/ 500Hz/ 0.03 ms),Gigabyte,monitor,33990000.0,34900000.0,910000.0,3.0,,,,phongvu,2026-09-21
772971,250900400,Màn hình HKC MG25H29 24.5 inch (Full HD/ RAPID IPS/ 200Hz/ 1 ms),HKC,monitor,2490000.0,2999000.0,509000.0,17.0,,,,phongvu,2026-09-21
772969,250900401,Màn hình HKC MG27H17 27 inch (Full HD/ Fast IPS/ 200Hz/ 1 ms),HKC,monitor,2890000.0,4199000.0,1309000.0,31.0,,,,phongvu,2026-09-21
772970,250900402,Màn hình HKC MG25H320 24.5 inch (Full HD/ Fast IPS/ 320Hz/ 1 ms),HKC,monitor,3190000.0,4299000.0,1109000.0,26.0,,,,phongvu,2026-09-21
776661,250903966,Màn hình LCD Viewsonic 24'' VA2406-H (1920 x 1080/VA/ 75 Hz/ 4ms) - Demo,ViewSonic,monitor,1490000.0,2890000.0,1400000.0,48.0,,,,phongvu,2026-09-21
776900,250904205,"Màn hình LCD Lenovo 23.8"" L24i-4A - 67BCKAC6VN (1920 x 1080/IPS/100Hz/1ms) - Đã kích hoạt",Lenovo,monitor,1890000.0,2690000.0,800000.0,30.0,,,,phongvu,2026-09-21
778950,250906238,Màn hình Msi MPG 491CQPX QD-OLED 49 inch (DQHD/ QD-OLED/ 240Hz/ 0.03 ms),Msi,monitor,28490000.0,33590000.0,5100000.0,15.0,,,,phongvu,2026-09-21
778953,250906240,Màn hình Msi MPG 322URX 32 inch (4K/ QD-OLED/ 240Hz/ 0.03 ms),Msi,monitor,30990000.0,33590000.0,2600000.0,8.0,,,,phongvu,2026-09-21
778970,250906258,Màn hình Msi MPG 321URXW 32 inch (4K/ QD-OLED/ 240Hz/ 0.03 ms),Msi,monitor,30590000.0,33590000.0,3000000.0,9.0,,,,phongvu,2026-09-21
778978,250906265,Màn hình Msi MPG 272URX 27 inch (4K/ QD-OLED/ 240Hz/ 0.03 ms),Msi,monitor,34990000.0,34990000.0,0.0,0.0,,,,phongvu,2026-09-21
778985,250906272,Màn hình Msi MAG 272QP QD-OLED X50 27 inch (2K/ QD-OLED/ 500Hz/ 0.03 ms),Msi,monitor,23990000.0,26990000.0,3000000.0,11.0,,,,phongvu,2026-09-21
778992,250906279,Màn hình Msi Pro MP242A E2 24 inch (Full HD/ IPS/ 120Hz/ 1 ms),Msi,monitor,2390000.0,2390000.0,0.0,0.0,,,,phongvu,2026-09-21
778999,250906286,Màn hình HKC MG27Q320 27 inch (2K/ Fast IPS/ 320Hz/ 1 ms),HKC,monitor,5490000.0,6290000.0,800000.0,13.0,,,,phongvu,2026-09-21
780089,250907331,Màn hình Msi MAG 245F X24 23.8 inch (Full HD/ RAPID IPS/ 240Hz/ 0.5 ms),Msi,monitor,3090000.0,3590000.0,500000.0,14.0,,,,phongvu,2026-09-21
781052,250908287,Màn hình Asus TUF Gaming VG259QM5A 24.5 inch (Full HD/ Fast IPS/ 240Hz/ 0.3 ms),Asus,monitor,3090000.0,4190000.0,1100000.0,26.0,,,,phongvu,2026-09-21
781060,250908294,Màn hình Hatek HT3225S 32 inch (Full HD/ ELED/ / 8 ms),Hatek,monitor,26990000.0,27490000.0,500000.0,2.0,,,,phongvu,2026-09-21
781066,250908301,Màn hình HP S5 524da B11W5AT 23.8 inch (Full HD/ IPS/ 100Hz/ 5 ms),HP,monitor,3790000.0,3990000.0,200000.0,5.0,,,,phongvu,2026-09-21
781074,250908310,Màn hình HP S5 527da B11W6AT 27 inch (Full HD/ IPS/ 100Hz/ 5 ms),HP,monitor,4590000.0,4790000.0,200000.0,4.0,,,,phongvu,2026-09-21
784543,250911683,Màn hình Acer EK251Q P6 UM.KE1SV.601 24.5 inch (Full HD/ IPS/ 144Hz/ 1 ms),Acer,monitor,2290000.0,2590000.0,300000.0,12.0,,,,phongvu,2026-09-21
784549,250911690,Màn hình Acer EK271 P6 UM.HE1SV.601 27 inch (Full HD/ IPS/ 144Hz/ 1 ms),Acer,monitor,2590000.0,2990000.0,400000.0,13.0,,,,phongvu,2026-09-21
784556,250911697,Màn hình Acer KA272K L1 UM.HX2SV.101 27 inch (4K/ IPS/ 60Hz/ 1 ms),Acer,monitor,5490000.0,6190000.0,700000.0,11.0,,,,phongvu,2026-09-21
784557,250911698,Màn hình Msi PRO MP165 E6 15.6 inch (Full HD/ IPS/ 60Hz/ 4 ms),Msi,monitor,2590000.0,2790000.0,200000.0,7.0,,,,phongvu,2026-09-21
788532,251001963,Màn hình Msi PRO MP243L E14 23.8 inch (Full HD/ IPS/ 144Hz/ 1 ms),Msi,monitor,2290000.0,2490000.0,200000.0,8.0,,,,phongvu,2026-09-21
788544,251001977,Màn hình Msi MAG 272F X24 27 inch (Full HD/ RAPID IPS/ 240Hz/ 0.5 ms),Msi,monitor,3390000.0,4990000.0,1600000.0,32.0,,,,phongvu,2026-09-21
788763,251002212,Màn hình LCD LG 27 inch 27MS500-B.ATV (Full HD 1920 x 1080 | IPS | 100Hz | 5ms) - Đã sử dụng,LG,monitor,1990000.0,2990000.0,1000000.0,33.0,,,,phongvu,2026-09-21
807368,251017479,Màn hình Asus ZenScreen MB169CK 15.6 inch (Full HD/ IPS/ 60Hz/ 5 ms),Asus,monitor,2690000.0,3190000.0,500000.0,16.0,,,,phongvu,2026-09-21
809129,251019106,Màn hình Aoc Q27G4SL/WS 27 inch (2K/ Fast IPS/ 320Hz/ 0.3 ms),Aoc,monitor,6490000.0,7390000.0,900000.0,12.0,,,,phongvu,2026-09-21
811336,251100572,"Màn hình LCD MSI 23.8"" MD241PW (1920x1080/ IPS/ 75Hz/ 5ms) (Trắng) - Demo",Msi,monitor,2490000.0,6590000.0,4100000.0,62.0,,,,phongvu,2026-09-21
811377,251100613,"Màn hình LCD Samsung 27"" LF27T450FQEXXV (1920x1080, IPS, 75Hz, 5ms) - Demo",Samsung,monitor,2470000.0,3289000.0,819000.0,25.0,,,,phongvu,2026-09-21
811380,251100616,"Màn hình LCD Samsung 27"" LF27T450FQEXXV (1920x1080, IPS, 75Hz, 5ms) - Demo",Samsung,monitor,2470000.0,3289000.0,819000.0,25.0,,,,phongvu,2026-09-21
811381,251100617,Màn hình LCD LG 27” 27GS75Q-B (2560 x 1440/IPS /200Hz (OC)/ 1ms/ Gsync Compatible) - Demo,LG,monitor,5360000.0,7990000.0,2630000.0,33.0,,,,phongvu,2026-09-21
811383,251100619,"Màn hình LCD MSI 24.5"" MAG 255F E20 (1920x1080/ IPS/ 200Hz/ 0.5ms) Đen - Demo",Msi,monitor,2710000.0,3190000.0,480000.0,15.0,,,,phongvu,2026-09-21
811384,251100620,Màn hình LCD LG 27” 27GS75Q-B (2560 x 1440/IPS /200Hz (OC)/ 1ms/ Gsync Compatible) - Demo,LG,monitor,5360000.0,7990000.0,2630000.0,33.0,,,,phongvu,2026-09-21
811389,251100625,"Màn hình LCD MSI PRO 21.5"" MP225 (1920 x 1080/ IPS/ 100Hz/ 1ms (MPRT)) - Demo",Msi,monitor,1590000.0,2090000.0,500000.0,24.0,,,,phongvu,2026-09-21
811392,251100628,Màn hình LCD LG 27” 27GS75Q-B (2560 x 1440/IPS /200Hz (OC)/ 1ms/ Gsync Compatible) - Demo,LG,monitor,5360000.0,7990000.0,2630000.0,33.0,,,,phongvu,2026-09-21
811513,251100749,"Màn hình LCD MSI 24"" MP242 (1920 x 1080, IPS, 75hz, 8ms) - Demo",Msi,monitor,1990000.0,4490000.0,2500000.0,56.0,,,,phongvu,2026-09-21
811514,251100750,"Màn hình LCD MSI 24"" MP242 (1920 x 1080, IPS, 75hz, 8ms) - Demo",Msi,monitor,1990000.0,4490000.0,2500000.0,56.0,,,,phongvu,2026-09-21
811515,251100751,"Màn hình LCD MSI 24"" MP242 (1920 x 1080, IPS, 75hz, 8ms) - Demo",Msi,monitor,4490000.0,4490000.0,0.0,0.0,,,,phongvu,2026-09-21
811521,251100757,Màn Hình/ LCD ACER SA272U E 27 INCH/2560x1440@100Hz/IPS/DP/HDMI/SPK/LED/ĐEN - Demo,Acer,monitor,4090000.0,4090000.0,0.0,0.0,,,,phongvu,2026-09-21
811524,251100760,"Màn hình LCD Xiaomi 27"" G27i EU ELA5375EU (1920 x 1080/ IPS/ 165Hz/ 1ms) - Demo",Xiaomi,monitor,2420000.0,3990000.0,1570000.0,39.0,,,,phongvu,2026-09-21
811533,251100769,Màn hình LCD MSI PRO MP242L 23.8 inch (1920 x 1080/ IPS/ 100Hz/ 1ms (MPRT)) - Demo,Msi,monitor,1610000.0,2190000.0,580000.0,26.0,,,,phongvu,2026-09-21
811539,251100775,Màn hình LCD MSI PRO MP242L 23.8 inch (1920 x 1080/ IPS/ 100Hz/ 1ms (MPRT)) - Demo,Msi,monitor,1700000.0,2190000.0,490000.0,22.0,,,,phongvu,2026-09-21
812845,251102026,Màn hình HKC MB27V39 27 inch (Full HD/ IPS/ 144Hz/ 1 ms),HKC,monitor,2390000.0,3199000.0,809000.0,25.0,,,,phongvu,2026-09-21
812865,251102046,Màn hình Dell SE2425HG 23.8 inch (Full HD/ IPS/ 200Hz/ 5 ms),Dell,monitor,3090000.0,3490000.0,400000.0,11.0,,,,phongvu,2026-09-21
813974,251103268,Màn hình Asus ROG Strix OLED XG27ACDMS 26.5 inch (2K/ / 280Hz/ 0.03 ms),Asus,monitor,16490000.0,18990000.0,2500000.0,13.0,,,,phongvu,2026-09-21
816215,251105482,Màn hình Asus VG249QE5A-R 23.8 inch (Full HD/ IPS/ 146Hz/ 1 ms),Asus,monitor,2690000.0,2990000.0,300000.0,10.0,,,,phongvu,2026-09-21
818350,251107193,"Màn hình Lenovo L24D-4C 23.8"" (FHD 1920 x 1080/ IPS/ 144Hz/ 1 ms)",Lenovo,monitor,3790000.0,4290000.0,500000.0,12.0,,,,phongvu,2026-09-21
818374,251107217,Màn hình Msi PRO MP273L E14 27 inch (Full HD/ IPS/ 144Hz/ 1 ms),Msi,monitor,2590000.0,2990000.0,400000.0,13.0,,,,phongvu,2026-09-21
818384,251107224,Màn hình Asus PA278QGV Gen 2 27 inch (2K/ IPS/ 120Hz/ 5 ms),Asus,monitor,8490000.0,8990000.0,500000.0,6.0,,,,phongvu,2026-09-21
820282,251109191,Màn hình Msi MAG 275CF X24 27 inch (Full HD/ Rapid VA/ 240Hz/ 0.5 ms),Msi,monitor,3690000.0,3690000.0,0.0,0.0,,,,phongvu,2026-09-21
822739,251111645,Màn hình Asus ROG Strix XG27ACMES 27 inch (2K/ Fast IPS/ 255Hz/ 0.3 ms),Asus,monitor,6890000.0,7990000.0,1100000.0,14.0,,,,phongvu,2026-09-21
822746,251111651,Màn hình Asus ROG Strix XG27WCS 27 inch (2K/ Fast VA/ 180Hz/ 1 ms),Asus,monitor,6790000.0,6990000.0,200000.0,3.0,,,,phongvu,2026-09-21
822752,251111657,Màn hình Asus ROG Swift OLED PG32UCDP 32 inch (4K/ WOLED/ 240Hz/ 0.03 ms),Asus,monitor,36990000.0,40990000.0,4000000.0,10.0,,,,phongvu,2026-09-21
822758,251111666,Màn hình Asus ROG Strix OLED XG32UCWMG 32 inch (4K/ WOLED/ 240Hz/ 0.03 ms),Asus,monitor,30190000.0,31990000.0,1800000.0,6.0,,,,phongvu,2026-09-21
824640,251113481,Màn hình Msi MPG 274URDFW E16M 27 inch (4K/ RAPID IPS/ 160Hz/ 0.5 ms),Msi,monitor,13590000.0,13990000.0,400000.0,3.0,,,,phongvu,2026-09-21
824645,251113488,Màn hình Msi G275L E14 27 inch (Full HD/ IPS/ 144Hz/ 1 ms),Msi,monitor,2690000.0,3090000.0,400000.0,13.0,,,,phongvu,2026-09-21
824652,251113495,Màn hình Msi MP273Q E7 27 inch (WQHD/ IPS/ 75Hz/ 1 ms),Msi,monitor,2990000.0,3590000.0,600000.0,17.0,,,,phongvu,2026-09-21
828537,251202908,Màn hình Gigabyte G25F2A 24.5 inch (Full HD/ IPS/ 240Hz/ 1 ms),Gigabyte,monitor,3090000.0,3690000.0,600000.0,16.0,,,,phongvu,2026-09-21
828538,251202909,Màn hình Gigabyte OLED MO27Q28G 27 inch (2K/ WOLED/ 280Hz/ 0.03 ms),Gigabyte,monitor,16490000.0,16890000.0,400000.0,2.0,,,,phongvu,2026-09-21
828543,251202917,Màn hình Gigabyte GS25F2A 24.5 inch (Full HD/ IPS/ 240Hz/ 1 ms),Gigabyte,monitor,2790000.0,3490000.0,700000.0,20.0,,,,phongvu,2026-09-21
828552,251202924,Màn hình Gigabyte GS27FC2 27 inch (Full HD/ VA/ 240Hz/ 1 ms),Gigabyte,monitor,3490000.0,3990000.0,500000.0,13.0,,,,phongvu,2026-09-21
828558,251202930,Màn hình Gigabyte G34WQC2 34 inch (WQHD (2K)/ VA/ 200Hz/ 1 ms),Gigabyte,monitor,7390000.0,8390000.0,1000000.0,12.0,,,,phongvu,2026-09-21
828564,251202936,Màn hình Gigabyte M27UP 27 inch (4K/ IPS/ 160Hz/ 1 ms),Gigabyte,monitor,9990000.0,10190000.0,200000.0,2.0,,,,phongvu,2026-09-21
829639,251203801,Màn Hình/ LCD ACER SA272U E 27 INCH/2560x1440@100Hz/IPS/DP/HDMI/SPK/LED/ĐEN - Demo,Acer,monitor,2950000.0,4090000.0,1140000.0,28.0,,,,phongvu,2026-09-21
829640,251203802,Màn hình/ LCD Gaming Acer 27 inch Nitro KG270 X1 (FHD/IPS/200Hz/1ms) Đen - Demo,Acer,monitor,2920000.0,3690000.0,770000.0,21.0,,,,phongvu,2026-09-21
829856,251204018,"Màn hình LCD Dell 23.8"" E2423HN (1920x1080/ VA/ 60Hz/ 5ms) - Demo",Dell,monitor,2230000.0,3590000.0,1360000.0,38.0,,,,phongvu,2026-09-21
829858,251204020,"Màn hình LCD MSI PRO 21.5"" MP225 (1920 x 1080/ IPS/ 100Hz/ 1ms (MPRT)) - Demo",Msi,monitor,1590000.0,2090000.0,500000.0,24.0,,,,phongvu,2026-09-21
829860,251204022,"Màn hình LCD Dell 23.8"" S2425H (1920 x 1080/ IPS/ 100hz/ 4ms) - Demo",Dell,monitor,2850000.0,3890000.0,1040000.0,27.0,,,,phongvu,2026-09-21
834498,251208390,Màn hình Xiaomi A27Qi 2026 ELA6568EU 27 inch (2K/ IPS/ 120Hz/ 6 ms),Xiaomi,monitor,3890000.0,4490000.0,600000.0,13.0,,,,phongvu,2026-09-21
836944,251210729,Màn hình Dell S2425HSM 24 inch (Full HD/ IPS/ 144Hz/ 5 ms),Dell,monitor,3490000.0,3800000.0,310000.0,8.0,,,,phongvu,2026-09-21
837866,251211477,Màn hình LG UltraWide 29U531A 29 inch (UWHD/ IPS/ 100Hz/ 5 ms),LG,monitor,4790000.0,5390000.0,600000.0,11.0,,,,phongvu,2026-09-21
837876,251211484,Màn hình LG UltraGear 27G440A 27 inch (Full HD/ IPS/ 240Hz/ 1 ms),LG,monitor,4490000.0,4790000.0,300000.0,6.0,,,,phongvu,2026-09-21
837885,251211492,Màn hình Dell SE2725HG 27 inch (Full HD/ IPS/ 200Hz/ 1 ms),Dell,monitor,3790000.0,3990000.0,200000.0,5.0,,,,phongvu,2026-09-21
837892,251211499,Màn hình Aoc 24G50Z 24 inch (Full HD/ Fast IPS/ 260Hz/ 0.3 ms),Aoc,monitor,2790000.0,2890000.0,100000.0,3.0,,,,phongvu,2026-09-21
837899,251211506,Màn hình Aoc 27G50Z 27 inch (Full HD/ Fast IPS/ 260Hz/ 0.3 ms),Aoc,monitor,3390000.0,3890000.0,500000.0,13.0,,,,phongvu,2026-09-21
837901,251211507,Màn hình Aoc C32G42ZE 27 inch (Full HD/ VA/ 260Hz/ 0.3 ms),Aoc,monitor,4590000.0,4990000.0,400000.0,8.0,,,,phongvu,2026-09-21
838778,251212297,Màn hình Aoc 24B15H3/71 23.8 inch (Full HD/ IPS/ 120Hz/ 1 ms),Aoc,monitor,1890000.0,2090000.0,200000.0,10.0,,,,phongvu,2026-09-21
838780,251212298,Màn hình Aoc Q27B36X/71 27 inch (2K/ IPS/ 144Hz/ 0.5 ms),Aoc,monitor,3590000.0,3690000.0,100000.0,3.0,,,,phongvu,2026-09-21
838779,251212299,Màn hình LG UltraGear 32GX870A-B 32 inch (4K/ OLED/ 240Hz/ 0.03 ms),LG,monitor,26990000.0,29990000.0,3000000.0,10.0,,,,phongvu,2026-09-21
838782,251212300,Màn hình Aoc Q27G42ZE/71 27 inch (2K/ Fast IPS/ 260Hz/ 0.3 ms),Aoc,monitor,4790000.0,4900000.0,110000.0,2.0,,,,phongvu,2026-09-21
838781,251212301,Màn hình Aoc 27B30H/74 27 inch (Full HD/ IPS/ 120Hz/ 0.5 ms),Aoc,monitor,2390000.0,2590000.0,200000.0,8.0,,,,phongvu,2026-09-21
838783,251212302,Màn hình LG UltraGear 32GS95UV-B 31.5 inch (4K/ OLED/ 240Hz/ 0.03 ms),LG,monitor,27090000.0,29400000.0,2310000.0,8.0,,,,phongvu,2026-09-21
838784,251212303,Màn hình LG 39GX90SA-W 39 inch (WQHD/ OLED/ 240Hz/ 0.03 ms),LG,monitor,30990000.0,32990000.0,2000000.0,6.0,,,,phongvu,2026-09-21
840926,260102086,Màn hình HKC MG24H17 23.8 inch (Full HD/ Fast IPS/ 260Hz/ 1 ms),HKC,monitor,2390000.0,3090000.0,700000.0,23.0,,,,phongvu,2026-09-21
840932,260102093,Màn hình Dell AW2725DM 27 inch (WQHD (2K)/ Fast IPS/ 180Hz/ 1 ms),Dell,monitor,6990000.0,7490000.0,500000.0,7.0,,,,phongvu,2026-09-21
840937,260102099,Màn hình Lenovo L24-4C 67DDKAC6VN 23.8 inch (Full HD/ IPS/ 144Hz/ 1 ms),Lenovo,monitor,2690000.0,2990000.0,300000.0,10.0,,,,phongvu,2026-09-21
842943,260104165,Màn hình ViewSonic VX3418C-2K VS20582 34 inch (UWQHD/ VA/ 180Hz/ 1 ms),ViewSonic,monitor,7590000.0,7690000.0,100000.0,1.0,,,,phongvu,2026-09-21
844003,260105193,"Màn hình LCD Samsung 24 inch LS24F320GAEXXV (Full HD 1,920 x 1,080/ IPS/ 120Hz/ 5ms) - Đã kích hoạt",Samsung,monitor,1990000.0,2619000.0,629000.0,24.0,,,,phongvu,2026-09-21
844017,260105207,Màn Hình/ LCD ACER EK271 G 27 INCH/1920X1080@120Hz/IPS/VGA/HDMI/LED/ĐEN(UM.HE1SV.G01) - Đã sử dụng,Acer,monitor,1550000.0,2790000.0,1240000.0,44.0,,,,phongvu,2026-09-21
844070,260105257,"Màn hình LCD Samsung 24 inch LS24F320GAEXXV (Full HD 1,920 x 1,080/ IPS/ 120Hz/ 5ms) - Đã kích hoạt",Samsung,monitor,1990000.0,2619000.0,629000.0,24.0,,,,phongvu,2026-09-21
844072,260105262,"Màn hình LCD Samsung 24 inch LS24F320GAEXXV (Full HD 1,920 x 1,080/ IPS/ 120Hz/ 5ms) - Đã kích hoạt",Samsung,monitor,1990000.0,2619000.0,629000.0,24.0,,,,phongvu,2026-09-21
844083,260105273,"Màn hình LCD Xiaomi 34"" G34WQi (3440 x 1440/ VA/ 180Hz/ 1ms (MPRT)/ 4ms (GTG)) - Đã kích hoạt",Xiaomi,monitor,5690000.0,7490000.0,1800000.0,24.0,,,,phongvu,2026-09-21
844181,260105371,"Màn hình LCD Lenovo 21.5"" L22i-40 - 67AEKACBVN (1920 x 1080/ IPS/ 75Hz/ 4ms) - Demo",Lenovo,monitor,1750000.0,2390000.0,640000.0,27.0,,,,phongvu,2026-09-21
844193,260105383,Màn Hình/ LCD ACER SA272U E 27 INCH/2560x1440@100Hz/IPS/DP/HDMI/SPK/LED/ĐEN - Demo,Acer,monitor,2950000.0,4090000.0,1140000.0,28.0,,,,phongvu,2026-09-21
844195,260105385,"Màn hình LCD Dell 23.8"" S2425H (1920 x 1080/ IPS/ 100hz/ 4ms) - Demo",Dell,monitor,3890000.0,3890000.0,0.0,0.0,,,,phongvu,2026-09-21
844387,260105577,Màn hình LCD LG 27'' 27US500-W (3840 x 2160/ IPS/ 60Hz/ 5ms/ AMD Freesync) - Demo,LG,monitor,6190000.0,6190000.0,0.0,0.0,,,,phongvu,2026-09-21
844388,260105578,Màn hình/ LCD Gaming Acer 27 inch Nitro KG270 X1 (FHD/IPS/200Hz/1ms) Đen - Demo,Acer,monitor,2920000.0,3690000.0,770000.0,21.0,,,,phongvu,2026-09-21
844481,260105672,Màn hình Xiaomi G27Qi 2026 27 inch (2K/ Fast IPS/ 200Hz/ 1 ms),Xiaomi,monitor,4890000.0,5190000.0,300000.0,6.0,,,,phongvu,2026-09-21
844489,260105679,Màn hình Samsung Odyssey G5 G50F LS27FG502EEXXV 27 inch (2K/ IPS/ 180Hz/ 1 ms),Samsung,monitor,4890000.0,6090000.0,1200000.0,20.0,,,,phongvu,2026-09-21
844496,260105685,Màn hình Gigabyte GO27Q24 27 inch (2K/ QD-OLED/ 240Hz/ 0.03 ms),Gigabyte,monitor,12490000.0,18390000.0,5900000.0,32.0,,,,phongvu,2026-09-21
844527,260105715,Màn hình ViewSonic VA1655-3 15.6 inch (Full HD/ IPS/ 60Hz/ 7 ms),ViewSonic,monitor,2950000.0,3150000.0,200000.0,6.0,,,,phongvu,2026-09-21
844532,260105722,Màn hình Xiaomi A24i 2026 ELA6416EU 23.8 inch (Full HD/ IPS/ 144Hz/ 6 ms),Xiaomi,monitor,2390000.0,2490000.0,100000.0,4.0,,,,phongvu,2026-09-21
845545,260106719,Màn hình Gigabyte GS25F14 25 inch (Full HD/ IPS/ 144Hz/ 1 ms),Gigabyte,monitor,2390000.0,2800000.0,410000.0,15.0,,,,phongvu,2026-09-21
845551,260106726,Màn hình Asus ProArt PA278CGRV 27 inch (WUXGA/ IPS/ 144Hz/ 5 ms),Asus,monitor,8890000.0,8990000.0,100000.0,1.0,,,,phongvu,2026-09-21
846245,260107401,Màn hình Lenovo S24-4e 64B5KAR1VN 23.8 inch (Full HD/ IPS/ 100Hz/ 4 ms),Lenovo,monitor,2350000.0,2990000.0,640000.0,21.0,,,,phongvu,2026-09-21
846538,260107687,Màn hình Asus ProArt PA248QFV 24 inch (WUXGA/ IPS/ 100Hz/ 5 ms),Asus,monitor,4990000.0,5290000.0,300000.0,6.0,,,,phongvu,2026-09-21
847903,260109028,"Màn hình LCD Acer CBL282K 28"" (UHD, 3840x2160/60Hz/ IPS / 4ms/ 2xHDMI + Displayport, 2xSPK) - Demo",Acer,monitor,4390000.0,8490000.0,4100000.0,48.0,,,,phongvu,2026-09-21
847907,260109032,"Màn hình LCD Asus 24"" ProArt PA248QV (1920x1200, IPS, 75Hz, 5ms, Adaptive Sync) - Demo",Asus,monitor,4990000.0,4990000.0,0.0,0.0,,,,phongvu,2026-09-21
848786,260200462,Màn hình ViewSonic VX2425-HD-PRO 23.8 inch (Full HD/ VA/ 200Hz/ 1 ms),ViewSonic,monitor,2390000.0,2690000.0,300000.0,11.0,,,,phongvu,2026-09-21
850864,260202509,Màn hình Msi PRO MP273W E14A 27 inch (Full HD/ IPS/ 144Hz/ 1 ms),Msi,monitor,3090000.0,3290000.0,200000.0,6.0,,,,phongvu,2026-09-21
850872,260202514,Màn hình Msi MAG 275QF E20 27 inch (WQHD/ RAPID IPS/ 200Hz/ 0.5 ms),Msi,monitor,4390000.0,4990000.0,600000.0,12.0,,,,phongvu,2026-09-21
850873,260202515,Màn hình Samsung Odyssey G7 G70F LS27FG702EEXXV 27 inch (4K/ IPS/ 180Hz/ 1 ms),Samsung,monitor,13690000.0,14190000.0,500000.0,4.0,,,,phongvu,2026-09-21
850876,260202518,Màn hình Msi MP251 E14L 24.5 inch (Full HD/ IPS/ 144Hz/ 1 ms),Msi,monitor,2290000.0,2690000.0,400000.0,15.0,,,,phongvu,2026-09-21
850877,260202519,Màn hình Samsung ViewFinity S7 S70D LS37D702EAEXXV 37 inch (4K/ VA/ 60Hz/ 5 ms),Samsung,monitor,11990000.0,12490000.0,500000.0,4.0,,,,phongvu,2026-09-21
850880,260202522,Màn hình Lenovo L27-4C 67DEKAC1VN 27 inch (Full HD/ IPS/ 144Hz/ 1 ms),Lenovo,monitor,3390000.0,3490000.0,100000.0,3.0,,,,phongvu,2026-09-21
850881,260202523,Màn hình Samsung ViewFinity S8 S80UD LS37D800UAEXXV 37 inch (4K/ VA/ 60Hz/ 5 ms),Samsung,monitor,13990000.0,14490000.0,500000.0,3.0,,,,phongvu,2026-09-21
850884,260202526,Màn hình Aoc 25B36X/71 24.5 inch (Full HD/ IPS/ 144Hz/ 0.5 ms),Aoc,monitor,2190000.0,2590000.0,400000.0,15.0,,,,phongvu,2026-09-21
850885,260202527,Màn hình Samsung Odyssey G5 G50SF LS27FG502SEXXV 27 inch (2K/ OLED/ 180Hz/ 0.03 ms),Samsung,monitor,11990000.0,14490000.0,2500000.0,17.0,,,,phongvu,2026-09-21
850888,260202530,Màn hình Aoc Q27G4ZD/71 27 inch (2K/ QD-OLED/ 280Hz/ 0.03 ms),Aoc,monitor,12799000.0,15990000.0,3191000.0,20.0,,,,phongvu,2026-09-21
850889,260202531,Màn hình Dell PRO E2026H H0WK2 19.5 inch (HD+/ TN/ 100Hz/ 5 ms),Dell,monitor,1990000.0,2290000.0,300000.0,13.0,,,,phongvu,2026-09-21
851658,260203283,Màn hình Asus VY249HGR-R 23.8 inch (Full HD/ IPS/ 120Hz/ 1 ms),Asus,monitor,2490000.0,2990000.0,500000.0,17.0,,,,phongvu,2026-09-21
853657,260300969,"Màn hình LCD Lenovo 21.5"" L22i-40 - 67AEKACBVN (1920 x 1080/ IPS/ 75Hz/ 4ms) - Demo",Lenovo,monitor,1860000.0,2390000.0,530000.0,22.0,,,,phongvu,2026-09-21
853700,260301012,Màn hình/ LCD Gaming Acer 27 inch Nitro KG270 X1 (FHD/IPS/200Hz/1ms) Đen - Demo,Acer,monitor,3100000.0,3690000.0,590000.0,16.0,,,,phongvu,2026-09-21
853701,260301013,"Màn hình LCD Samsung 27"" LS27D700EAEXXV (3840x2160/IPS/60Hz/5ms) - Demo",Samsung,monitor,5010000.0,7989000.0,2979000.0,37.0,,,,phongvu,2026-09-21
853704,260301016,"Màn hình LCD Samsung 27"" LS27D700EAEXXV (3840x2160/IPS/60Hz/5ms) - Demo",Samsung,monitor,4470000.0,7989000.0,3519000.0,44.0,,,,phongvu,2026-09-21
853839,260301153,"Màn hình LG 27G610A-B.ATVQ 27"" (QHD (2K) 2560 x 1440/ IPS/ 200Hz/ 1 ms)",LG,monitor,5190000.0,5290000.0,100000.0,2.0,,,,phongvu,2026-09-21
854347,260301656,Màn hình Dell SE2426H T274H 23.8 inch (Full HD/ IPS/ 144Hz/ 1 ms),Dell,monitor,2790000.0,3090000.0,300000.0,10.0,,,,phongvu,2026-09-21
854354,260301663,Màn hình Dell S2725DC Plus 27 inch (2K/ IPS/ 144Hz/ 1 ms),Dell,monitor,8090000.0,8190000.0,100000.0,1.0,,,,phongvu,2026-09-21
855388,260302517,Màn hình Dell Plus P2725QE 27 inch (4K/ IPS/ 100Hz/ 5 ms),Dell,monitor,10890000.0,11190000.0,300000.0,3.0,,,,phongvu,2026-09-21
856324,260303445,Màn hình Gigabyte G27Q20 EK 27 inch (2K/ IPS/ 200Hz/ 0.5 ms),Gigabyte,monitor,4390000.0,4790000.0,400000.0,8.0,,,,phongvu,2026-09-21
856325,260303446,Màn hình Msi PRO MP242 E14A 23.8 inch (Full HD/ IPS/ 144Hz/ 1 ms),Msi,monitor,2290000.0,2390000.0,100000.0,4.0,,,,phongvu,2026-09-21
856327,260303447,Màn hình Msi MAG 255F X24 24.5 inch (Full HD/ RAPID IPS/ 240Hz/ 0.5 ms),Msi,monitor,2990000.0,3290000.0,300000.0,9.0,,,,phongvu,2026-09-21
856326,260303448,Màn hình Msi PRO MP225 E12VL 21.45 inch (Full HD/ VA/ 120Hz/ 1 ms),Msi,monitor,1690000.0,1790000.0,100000.0,6.0,,,,phongvu,2026-09-21
857763,260304750,Màn hình Antgamer ANT25DVFiL 24.5 inch (Full HD/ Fast IPS/ 400Hz/ 1 ms),Antgamer,monitor,9090000.0,9190000.0,100000.0,1.0,,,,phongvu,2026-09-21
857764,260304751,Màn hình Antgamer ANT257PF 24.1 inch (Full HD/ Fast TN/ 750Hz/ 0.8 ms),Antgamer,monitor,29090000.0,29390000.0,300000.0,1.0,,,,phongvu,2026-09-21
857762,260304752,Màn hình Asus TUF Gaming VG259QMR5A 24.5 inch (Full HD/ Fast IPS/ 310Hz/ 0.3 ms),Asus,monitor,4090000.0,4990000.0,900000.0,18.0,,,,phongvu,2026-09-21
858090,260305074,"Màn hình LCD Viewsonic 23.8"" VA2432-H 100HZ (1920x1080/ IPS/ 100Hz/ 1ms) - Demo",ViewSonic,monitor,1990000.0,2590000.0,600000.0,23.0,,,,phongvu,2026-09-21
858091,260305075,"Màn hình LCD Viewsonic 23.8"" VA2432-H 100HZ (1920x1080/ IPS/ 100Hz/ 1ms) - Demo",ViewSonic,monitor,1990000.0,2590000.0,600000.0,23.0,,,,phongvu,2026-09-21
858093,260305077,"Màn hình LCD Viewsonic 23.8"" VA2432-H 100HZ (1920x1080/ IPS/ 100Hz/ 1ms) - Demo",ViewSonic,monitor,1990000.0,2590000.0,600000.0,23.0,,,,phongvu,2026-09-21
858097,260305081,"Màn hình LCD Asus 24"" ProArt PA248QV (1920x1200, IPS, 75Hz, 5ms, Adaptive Sync) - Demo",Asus,monitor,4990000.0,4990000.0,0.0,0.0,,,,phongvu,2026-09-21
858098,260305082,"Màn hình LCD Viewsonic 23.8"" VA2432-H 100HZ (1920x1080/ IPS/ 100Hz/ 1ms) - Demo",ViewSonic,monitor,1990000.0,2590000.0,600000.0,23.0,,,,phongvu,2026-09-21
858100,260305084,"Màn hình LCD Viewsonic 23.8"" VA2432-H 100HZ (1920x1080/ IPS/ 100Hz/ 1ms) - Demo",ViewSonic,monitor,1990000.0,2590000.0,600000.0,23.0,,,,phongvu,2026-09-21
858103,260305087,Màn Hình/ LCD ACER SA272U E 27 INCH/2560x1440@100Hz/IPS/DP/HDMI/SPK/LED/TRẮNG - Demo,Acer,monitor,3320000.0,4190000.0,870000.0,21.0,,,,phongvu,2026-09-21
858125,260305109,"Màn hình LCD LENOVO 27"" L27qe (2560x1440/ IPS/ 100Hz/ 4ms Extreme/ 6ms Normal/ 14ms Off Mode) 68C8GAC3VN Đen - Đã kích hoạt",Lenovo,monitor,2690000.0,3090000.0,400000.0,13.0,,,,phongvu,2026-09-21
858146,260305130,"Màn hình LCD DELL 27"" U2725QE (3840x2160/ IPS Black/ 120Hz/ 8ms normal/ 5ms fast) Bạc - Đã sử dụng",Dell,monitor,9890000.0,17490000.0,7600000.0,43.0,,,,phongvu,2026-09-21
858393,260305377,Màn hình Philips 24E1N1100D 23.8 inch (Full HD/ IPS/ 120Hz/ 4 ms),Philips,monitor,2090000.0,2290000.0,200000.0,9.0,,,,phongvu,2026-09-21
860357,260400572,Màn hình Xiaomi A27i 2026 ELA6410EU 27 inch (Full HD/ IPS/ 144Hz/ 6 ms),Xiaomi,monitor,2690000.0,3290000.0,600000.0,18.0,,,,phongvu,2026-09-21
862513,260402706,Màn hình Msi PRO MP341CQW-E12 34 inch (UWQHD/ VA/ 120Hz/ 1 ms),Msi,monitor,6390000.0,6790000.0,400000.0,6.0,,,,phongvu,2026-09-21
862665,260402861,Màn hình Msi MAG 272QP QD-OLED X24 26.5 inch (2K/ OLED/ 240Hz/ 0.03 ms),Msi,monitor,13490000.0,14990000.0,1500000.0,10.0,,,,phongvu,2026-09-21
862759,260402953,Màn hình Lenovo Legion 27Q-10 67E1GAC1VN 26.5 inch (2K/ OLED/ 240Hz/ 0.03 ms),Lenovo,monitor,12390000.0,12990000.0,600000.0,5.0,,,,phongvu,2026-09-21
862762,260402955,Màn hình Msi PRO MP273UP E6 27 inch (4K/ IPS/ 60Hz/ 4 ms),Msi,monitor,4890000.0,5290000.0,400000.0,8.0,,,,phongvu,2026-09-21
862763,260402956,Màn hình Msi PRO MP341CQ-E12 34 inch (UWQHD/ VA/ 120Hz/ 1ms (MPRT) / 4ms (GTG)),Msi,monitor,6390000.0,6690000.0,300000.0,4.0,,,,phongvu,2026-09-21
864732,260404883,"Màn hình Lenovo L22-42 68FAKAC6VN 21.5 inch (Full HD/ IPS/ 100Hz/ 4ms (Extreme Mode), 6ms (Normal Mode))",Lenovo,monitor,2190000.0,2590000.0,400000.0,15.0,,,,phongvu,2026-09-21
864771,260404924,Màn hình Lenovo LOQ 27Q-10 68F3GACBVN 27 inch (2K/ IPS/ 180Hz/ 0.5 ms),Lenovo,monitor,3890000.0,4590000.0,700000.0,15.0,,,,phongvu,2026-09-21
864774,260404926,Màn hình Lenovo LOQ 27-10 68F2GACBVN 27 inch (Full HD/ IPS/ 200Hz/ 0.5 ms),Lenovo,monitor,3090000.0,3790000.0,700000.0,18.0,,,,phongvu,2026-09-21
867214,260407229,Màn hình Asus ProArt PA249CGV 90LM0031-B01K21 23.8 inch (Full HD/ IPS/ 144Hz/ 5 ms),Asus,monitor,5390000.0,5790000.0,400000.0,7.0,,,,phongvu,2026-09-21
867228,260407244,Màn hình ViewSonic TD2423 (VS18312) 23.6 inch (Full HD/ VA/ 75Hz/ 7 ms),ViewSonic,monitor,6590000.0,7690000.0,1100000.0,14.0,,,,phongvu,2026-09-21
869606,260501446,Màn hình Acer KA242Y P6 UM.QX2SV.601 23.8 inch (Full HD/ IPS/ 144Hz/ 1 ms),Acer,monitor,2250000.0,2690000.0,440000.0,16.0,,,,phongvu,2026-09-21
869613,260501453,Màn hình Acer KA272 P6 UM.HX2SV.602 27 inch (Full HD/ IPS/ 144Hz/ 1 ms),Acer,monitor,2690000.0,3090000.0,400000.0,13.0,,,,phongvu,2026-09-21
869620,260501460,Màn hình Acer SA272U G0 UM.HS2SV.001 27 inch (2K/ IPS/ 120Hz/ 1ms (MPRT) / 4ms (GTG)),Acer,monitor,3090000.0,4090000.0,1000000.0,24.0,,,,phongvu,2026-09-21
869626,260501466,Màn hình Acer SA272U G0 UM.HS2SV.002 27 inch (2K/ IPS/ 120Hz/ 1ms (MPRT) / 4ms (GTG)),Acer,monitor,3790000.0,4090000.0,300000.0,7.0,,,,phongvu,2026-09-21
869824,260501664,"Màn hình LG 25SR50F-W.ATV 25"" (FHD 1920 x 1080/ IPS/ 60Hz/ 5 ms) - Demo",LG,monitor,5590000.0,5590000.0,0.0,0.0,,,,phongvu,2026-09-21
869826,260501666,"Màn hình LCD LENOVO 27"" L27qe (2560x1440/ IPS/ 100Hz/ 4ms Extreme/ 6ms Normal/ 14ms Off Mode) 68C8GAC3VN Đen - Demo",Lenovo,monitor,2470000.0,3090000.0,620000.0,20.0,,,,phongvu,2026-09-21
869828,260501668,Màn hình/ LCD Gaming Acer 27 inch Nitro KG270 X1 (FHD/IPS/200Hz/1ms) Đen - Demo,Acer,monitor,2920000.0,3690000.0,770000.0,21.0,,,,phongvu,2026-09-21
869830,260501670,Màn hình LCD LG 21.45'' 22MR410-B.ATV (1920 x 1080/ VA/ 100Hz/ 5ms (GtG)) - Demo,LG,monitor,1560000.0,2390000.0,830000.0,35.0,,,,phongvu,2026-09-21
869837,260501677,Màn hình LCD LG 23.8'' 24MR400-B.ATV (1920 x 1080/ IPS/ 100Hz/ 5ms (GtG)) - Demo,LG,monitor,1800000.0,2690000.0,890000.0,33.0,,,,phongvu,2026-09-21
869839,260501679,"Màn hình LCD LENOVO 27"" L27qe (2560x1440/ IPS/ 100Hz/ 4ms Extreme/ 6ms Normal/ 14ms Off Mode) 68C8GAC3VN Đen - Demo",Lenovo,monitor,2470000.0,3090000.0,620000.0,20.0,,,,phongvu,2026-09-21
869843,260501683,Màn hình LCD LG 21.45'' 22MR410-B.ATV (1920 x 1080/ VA/ 100Hz/ 5ms (GtG)) - Demo,LG,monitor,1560000.0,2390000.0,830000.0,35.0,,,,phongvu,2026-09-21
869844,260501684,"Màn hình LCD LENOVO 27"" L27qe (2560x1440/ IPS/ 100Hz/ 4ms Extreme/ 6ms Normal/ 14ms Off Mode) 68C8GAC3VN Đen - Demo",Lenovo,monitor,2470000.0,3090000.0,620000.0,20.0,,,,phongvu,2026-09-21
869938,260501778,Màn Hình Di Động MSI Pro MP161 E2 (1920 x 1080/ IPS/ 60Hz/ 4ms (GTG)) - Demo,Msi,monitor,1290000.0,3969000.0,2679000.0,68.0,,,,phongvu,2026-09-21
869940,260501780,Màn Hình Di Động MSI Pro MP161 E2 (1920 x 1080/ IPS/ 60Hz/ 4ms (GTG)) - Demo,Msi,monitor,1290000.0,3969000.0,2679000.0,68.0,,,,phongvu,2026-09-21
869959,260501799,"Màn hình LCD Xiaomi 27"" A27Ui EU (4K/ IPS/ 60Hz/ 6ms) Đen - Đã sử dụng",Xiaomi,monitor,5390000.0,7490000.0,2100000.0,28.0,,,,phongvu,2026-09-21
869993,260501833,"Màn hình LCD Dell 27"" S2725H (1920 x 1080/ IPS/ 100hz/ 4ms) - Demo",Dell,monitor,4690000.0,4690000.0,0.0,0.0,,,,phongvu,2026-09-21
869999,260501839,Màn hình LCD LG 27 inch 27GS60QC-B.ATVQ (2560x1440/ VA/ 180Hz/ 1ms) Đen - Demo,LG,monitor,3730000.0,6000000.0,2270000.0,38.0,,,,phongvu,2026-09-21
870006,260501846,"Màn hình LCD LENOVO 27"" L27qe (2560x1440/ IPS/ 100Hz/ 4ms Extreme/ 6ms Normal/ 14ms Off Mode) 68C8GAC3VN Đen - Demo",Lenovo,monitor,2470000.0,3090000.0,620000.0,20.0,,,,phongvu,2026-09-21
870007,260501847,"Màn hình LCD Asus 27"" VA27EHF (1920 x 1080/ IPS/ 100Hz/ 1ms MPRT ) - Demo",Asus,monitor,3990000.0,3990000.0,0.0,0.0,,,,phongvu,2026-09-21
870019,260501859,Màn hình cong Samsung 27'' LC27R500FHEXXV - Demo,Samsung,monitor,3139000.0,3139000.0,0.0,0.0,,,,phongvu,2026-09-21
870020,260501860,Màn hình LCD LG 27” 27GS75Q-B (2560 x 1440/IPS /200Hz (OC)/ 1ms/ Gsync Compatible) - Demo,LG,monitor,7990000.0,7990000.0,0.0,0.0,,,,phongvu,2026-09-21
870056,260501896,"Màn hình LCD Xiaomi 34"" G34WQi (3440 x 1440/ VA/ 180Hz/ 1ms (MPRT)/ 4ms (GTG)) - Đã kích hoạt",Xiaomi,monitor,5690000.0,7490000.0,1800000.0,24.0,,,,phongvu,2026-09-21
871167,260502991,Màn hình Msi PRO MP275Q E14 27 inch (2K/ IPS/ 144Hz/ 1 ms),Msi,monitor,3990000.0,4900000.0,910000.0,19.0,,,,phongvu,2026-09-21
872083,260503898,Màn hình ViewSonic VA272-H 27 inch (Full HD/ IPS/ 100Hz/ 1 ms),ViewSonic,monitor,2490000.0,2990000.0,500000.0,17.0,,,,phongvu,2026-09-21
872091,260503904,Màn hình ViewSonic VA242-H 23.8 inch (Full HD/ IPS/ 100Hz/ 1 ms),ViewSonic,monitor,1990000.0,2490000.0,500000.0,20.0,,,,phongvu,2026-09-21
872097,260503912,Màn hình ViewSonic VA2214-H 21.5 inch (Full HD/ IPS/ 100Hz/ 4 ms),ViewSonic,monitor,1650000.0,2190000.0,540000.0,25.0,,,,phongvu,2026-09-21
872105,260503919,Màn hình ViewSonic VA24G2-H 23.8 inch (Full HD/ IPS/ 144Hz/ 1 ms),ViewSonic,monitor,2290000.0,2890000.0,600000.0,21.0,,,,phongvu,2026-09-21
872112,260503926,Màn hình Dell E2425HSM 23.8 inch (Full HD/ IPS/ 100Hz/ 5 ms),Dell,monitor,3390000.0,3590000.0,200000.0,6.0,,,,phongvu,2026-09-21
872139,260503953,Màn hình Aoc Q27G41ZDP/71 26.5 inch (2K/ W-OLED/ 240Hz/ 0.03 ms),Aoc,monitor,10990000.0,12990000.0,2000000.0,15.0,,,,phongvu,2026-09-21
872142,260503956,Màn hình Aoc 27B36XE/71 27 inch (Full HD/ IPS/ 144Hz/ 0.5 ms),Aoc,monitor,2490000.0,2630000.0,140000.0,5.0,,,,phongvu,2026-09-21
876975,260508569,Màn hình Dell E2225HM 21.5 inch (Full HD/ VA/ 100Hz/ 5 ms),Dell,monitor,2290000.0,2590000.0,300000.0,12.0,,,,phongvu,2026-09-21
876982,260508576,Màn hình Dell Plus P2725D 27 inch (2K/ IPS/ 100Hz/ 5 ms),Dell,monitor,6890000.0,7290000.0,400000.0,5.0,,,,phongvu,2026-09-21
876989,260508583,Màn hình Dell Plus P2726H 27 inch (Full HD/ IPS/ 120Hz/ 5 ms),Dell,monitor,5790000.0,6990000.0,1200000.0,17.0,,,,phongvu,2026-09-21
876996,260508590,Màn hình ViewSonic VA3208-4K-MHD 31.5 inch (4K/ VA/ 60Hz/ 4 ms),ViewSonic,monitor,6450000.0,7690000.0,1240000.0,16.0,,,,phongvu,2026-09-21
877001,260508595,Màn hình Xiaomi G34WQi 2026 ELA6562EU 34 inch (UWQHD/ VA/ 180Hz/ 1 ms),Xiaomi,monitor,7690000.0,8690000.0,1000000.0,12.0,,,,phongvu,2026-09-21
878543,260600933,Màn hình Dell PRO E2425HM 23.8 inch (Full HD/ IPS/ 100Hz/ 5 ms),Dell,monitor,2790000.0,2990000.0,200000.0,7.0,,,,phongvu,2026-09-21
878538,260600937,Màn hình LG 25G550B-B 25 inch (Full HD/ IPS/ 300Hz/ 1 ms),LG,monitor,4690000.0,4830000.0,140000.0,3.0,,,,phongvu,2026-09-21
878544,260600942,Màn hình Dell PRO E2725HM 27 inch (Full HD/ IPS/ 100Hz/ 5 ms),Dell,monitor,3690000.0,3890000.0,200000.0,5.0,,,,phongvu,2026-09-21
878549,260600945,Màn hình LG 27G523B-B 27 inch (Full HD/ IPS/ 200Hz/ 1 ms),LG,monitor,3390000.0,3620000.0,230000.0,6.0,,,,phongvu,2026-09-21
878552,260600951,Màn hình Dell PRO P2426 (DR05R) 24 inch (WUXGA/ IPS/ 100Hz/ 5 ms),Dell,monitor,5490000.0,5990000.0,500000.0,8.0,,,,phongvu,2026-09-21
878556,260600952,Màn hình LG 27G550B-B 27 inch (Full HD/ IPS/ 300Hz/ 1 ms),LG,monitor,5190000.0,5540000.0,350000.0,6.0,,,,phongvu,2026-09-21
878562,260600958,Màn hình Dell PRO P2426HE (JN45W) 23.8 inch (Full HD/ IPS/ 120Hz/ 5 ms),Dell,monitor,5490000.0,5990000.0,500000.0,8.0,,,,phongvu,2026-09-21
878569,260600965,Màn hình Dell PRO P2726HE (Y4G5T) 27 inch (Full HD/ IPS/ 120Hz/ 5 ms),Dell,monitor,6990000.0,7490000.0,500000.0,7.0,,,,phongvu,2026-09-21
878574,260600970,Màn hình LG 25G523B-B 25 inch (Full HD/ IPS/ 200Hz/ 1 ms),LG,monitor,3090000.0,3290000.0,200000.0,6.0,,,,phongvu,2026-09-21
878576,260600972,Màn hình Aoc Q27G40HE/71 27 inch (2K/ Fast IPS/ 210Hz/ 0.3 ms),Aoc,monitor,4290000.0,4990000.0,700000.0,14.0,,,,phongvu,2026-09-21
879473,260601845,"Màn hình LCD Xiaomi 27"" A27Ui EU (4K/ IPS/ 60Hz/ 6ms) Đen - Đã sử dụng",Xiaomi,monitor,5190000.0,7490000.0,2300000.0,31.0,,,,phongvu,2026-09-21
879476,260601848,Màn Hình/ LCD ACER EK271 G 27 INCH/1920X1080@120Hz/IPS/VGA/HDMI/LED/ĐEN(UM.HE1SV.G01) - Đã sử dụng,Acer,monitor,2290000.0,2790000.0,500000.0,18.0,,,,phongvu,2026-09-21
879527,260601899,"Màn hình LCD Xiaomi 27"" A27i (1920 x 1080/ IPS/ 100Hz/ 6ms) - Demo",Xiaomi,monitor,2200000.0,2990000.0,790000.0,26.0,,,,phongvu,2026-09-21
879531,260601903,Màn hình LCD Xiaomi 27 inch A27Qi EU (2K/ IPS/ 100Hz/ 6ms(GTG)) (ELA5812EU) - Demo,Xiaomi,monitor,2980000.0,4290000.0,1310000.0,31.0,,,,phongvu,2026-09-21
879532,260601904,Màn hình/ LCD Gaming Acer 23.8 inch Nitro KG240Y X1 (FHD/IPS/200Hz/1ms) Đen - Demo,Acer,monitor,2360000.0,2990000.0,630000.0,21.0,,,,phongvu,2026-09-21
879533,260601905,"Màn hình LCD Xiaomi 27"" A27i (1920 x 1080/ IPS/ 100Hz/ 6ms) - Demo",Xiaomi,monitor,1950000.0,2990000.0,1040000.0,35.0,,,,phongvu,2026-09-21
879536,260601908,Màn hình LCD Xiaomi 27 inch A27Qi EU (2K/ IPS/ 100Hz/ 6ms(GTG)) (ELA5812EU) - Demo,Xiaomi,monitor,2980000.0,4290000.0,1310000.0,31.0,,,,phongvu,2026-09-21
879537,260601909,"Màn hình LCD Xiaomi 27"" A27i (1920 x 1080/ IPS/ 100Hz/ 6ms) - Demo",Xiaomi,monitor,1950000.0,2990000.0,1040000.0,35.0,,,,phongvu,2026-09-21
879538,260601910,Màn hình LCD Xiaomi 27 inch A27Qi EU (2K/ IPS/ 100Hz/ 6ms(GTG)) (ELA5812EU) - Demo,Xiaomi,monitor,2980000.0,4290000.0,1310000.0,31.0,,,,phongvu,2026-09-21
879544,260601916,Màn hình LCD Xiaomi 27 inch A27Qi EU (2K/ IPS/ 100Hz/ 6ms(GTG)) (ELA5812EU) - Demo,Xiaomi,monitor,2980000.0,4290000.0,1310000.0,31.0,,,,phongvu,2026-09-21
879555,260601927,Màn hình LCD Xiaomi 27 inch A27Qi EU (2K/ IPS/ 100Hz/ 6ms(GTG)) (ELA5812EU) - Demo,Xiaomi,monitor,2980000.0,4290000.0,1310000.0,31.0,,,,phongvu,2026-09-21
879556,260601928,Màn hình LCD Xiaomi 27 inch A27Qi EU (2K/ IPS/ 100Hz/ 6ms(GTG)) (ELA5812EU) - Demo,Xiaomi,monitor,2980000.0,4290000.0,1310000.0,31.0,,,,phongvu,2026-09-21
879557,260601929,"Màn hình LCD Xiaomi 27"" A27i (1920 x 1080/ IPS/ 100Hz/ 6ms) - Demo",Xiaomi,monitor,1950000.0,2990000.0,1040000.0,35.0,,,,phongvu,2026-09-21
879564,260601936,Màn hình LCD Xiaomi 27 inch A27Qi EU (2K/ IPS/ 100Hz/ 6ms(GTG)) (ELA5812EU) - Demo,Xiaomi,monitor,2980000.0,4290000.0,1310000.0,31.0,,,,phongvu,2026-09-21
879568,260601940,Màn hình/ LCD Gaming Acer 23.8 inch Nitro KG240Y X1 (FHD/IPS/200Hz/1ms) Đen - Demo,Acer,monitor,2360000.0,2990000.0,630000.0,21.0,,,,phongvu,2026-09-21
879569,260601941,Màn hình LCD Xiaomi 27 inch A27Qi EU (2K/ IPS/ 100Hz/ 6ms(GTG)) (ELA5812EU) - Demo,Xiaomi,monitor,2980000.0,4290000.0,1310000.0,31.0,,,,phongvu,2026-09-21
879802,260602175,Màn hình Msi MAG 272URDF E16 27 inch (4K/ RAPID IPS/ 160Hz/ 0.5 ms),Msi,monitor,6490000.0,7490000.0,1000000.0,13.0,,,,phongvu,2026-09-21
879808,260602184,Màn hình Msi MAG 275QF E21 27 inch (2K/ RAPID IPS/ 210Hz/ 0.5 ms),Msi,monitor,4490000.0,5490000.0,1000000.0,18.0,,,,phongvu,2026-09-21
879820,260602190,Màn hình Samsung Odyssey G6 LS27HG612SEXXV 27 inch (2K/ OLED/ 240Hz/ 0.03 ms),Samsung,monitor,11890000.0,13899000.0,2009000.0,14.0,,,,phongvu,2026-09-21
879827,260602196,Màn hình Samsung Odyssey G8 LS32HG806ESXXV 32 inch (6K/ IPS/ 165Hz/ 1 ms),Samsung,monitor,40890000.0,49900000.0,9010000.0,18.0,,,,phongvu,2026-09-21
879942,260602321,Màn hình Lenovo LOQ 24-10 68F1GACBVN 23.8 inch (Full HD/ IPS/ 200Hz/ 0.5 ms),Lenovo,monitor,2590000.0,3490000.0,900000.0,26.0,,,,phongvu,2026-09-21
880049,260602428,Màn hình LG Smart Monitor Swing 32U889SA-W 31.5 inch (4K/ IPS/ 60Hz/ 5 ms),LG,monitor,27990000.0,29990000.0,2000000.0,7.0,,,,phongvu,2026-09-21
880703,260603075,Màn hình Acer EK221Q G3 UM.WE1SV.302 21.5 inch (Full HD/ IPS/ 120Hz/ 1 ms),Acer,monitor,1890000.0,2090000.0,200000.0,10.0,,,,phongvu,2026-09-21
880704,260603077,Màn hình Acer EK271U P1 UM.HE0SV.101 27 inch (2K/ IPS/ 144Hz/ 1 ms),Acer,monitor,3690000.0,3890000.0,200000.0,5.0,,,,phongvu,2026-09-21
880706,260603079,Màn hình Acer KG241Y X1 UM.QX1SV.101 23.8 inch (Full HD/ IPS/ 200Hz/ 0.5 ms),Acer,monitor,2690000.0,2890000.0,200000.0,7.0,,,,phongvu,2026-09-21
880708,260603081,Màn hình Acer KG271 X1 UM.HX1SV.101 27 inch (Full HD/ IPS/ 200Hz/ 0.5 ms),Acer,monitor,3290000.0,3490000.0,200000.0,6.0,,,,phongvu,2026-09-21
880710,260603083,Màn hình LG 27U711B-B 27 inch (4K/ IPS/ 60Hz/ 5 ms),LG,monitor,5390000.0,6090000.0,700000.0,11.0,,,,phongvu,2026-09-21
880712,260603085,Màn hình LG 27G640A-B 27 inch (2K/ IPS/ 300Hz/ 1 ms),LG,monitor,7390000.0,7879000.0,489000.0,6.0,,,,phongvu,2026-09-21
880714,260603087,Màn hình LG 40U990A-W 40 inch (UltraWide 5K/ IPS/ 120Hz/ 5 ms),LG,monitor,43990000.0,45990000.0,2000000.0,4.0,,,,phongvu,2026-09-21
880716,260603089,Màn hình LG 45GX950A- B 45 inch (UltraWide 5K/ OLED/ 240Hz/ 0.03 ms),LG,monitor,52990000.0,60990000.0,8000000.0,13.0,,,,phongvu,2026-09-21
880973,260603321,Màn hình Aoc CU34B3E/71 34 inch (WQHD (2K)/ VA/ 120Hz/ 1 ms),Aoc,monitor,5890000.0,6090000.0,200000.0,3.0,,,,phongvu,2026-09-21
882041,260700554,"Màn hình LCD Xiaomi 27"" A27i (1920 x 1080/ IPS/ 100Hz/ 6ms) - Demo",Xiaomi,monitor,2990000.0,2990000.0,0.0,0.0,,,,phongvu,2026-09-21
882042,260700555,"Màn hình LCD Asus 27"" VG27AQ3A (2560 x 1440/ IPS/ 180Hz/ 1ms(GTG)) - Demo",Asus,monitor,3990000.0,7290000.0,3300000.0,45.0,,,,phongvu,2026-09-21
882044,260700557,Màn hình LCD LG 27'' 27US500-W (3840 x 2160/ IPS/ 60Hz/ 5ms/ AMD Freesync) - Demo,LG,monitor,5650000.0,6190000.0,540000.0,9.0,,,,phongvu,2026-09-21
882045,260700558,Màn hình LCD LG 27 inch 27GS60QC-B.ATVQ (2560x1440/ VA/ 180Hz/ 1ms) Đen - Demo,LG,monitor,5600000.0,6000000.0,400000.0,7.0,,,,phongvu,2026-09-21
882046,260700559,Màn hình/ LCD Gaming Acer 23.8 inch Nitro KG240Y X1 (FHD/IPS/200Hz/1ms) Đen - Demo,Acer,monitor,2360000.0,2990000.0,630000.0,21.0,,,,phongvu,2026-09-21
882047,260700560,"Màn hình LCD MSI 27"" MAG 276CXF (1920 x 1080, Rapid VA, 280hz, 0.5ms (GtG)) - Demo",Msi,monitor,3000000.0,4550000.0,1550000.0,34.0,,,,phongvu,2026-09-21
882050,260700563,"Màn hình LCD Dell 23.8"" SE2425HM (1920x1080/ IPS/ 100Hz/ 5ms fast/ 8ms normal) Đen - Demo",Dell,monitor,2610000.0,3200000.0,590000.0,18.0,,,,phongvu,2026-09-21
882051,260700564,Màn hình/ LCD Gaming Acer 27 inch Nitro KG270 X1 (FHD/IPS/200Hz/1ms) Đen - Demo,Acer,monitor,3470000.0,3690000.0,220000.0,6.0,,,,phongvu,2026-09-21
882052,260700565,"Màn hình LCD Samsung 27"" LS27D700EAEXXV (3840x2160/IPS/60Hz/5ms) - Demo",Samsung,monitor,5600000.0,7989000.0,2389000.0,30.0,,,,phongvu,2026-09-21
882053,260700566,"Màn hình LCD MSI 21,45"" PRO MP225V (1920 x 1080/ VA/ 100Hz/ 4ms GTG/ Adaptive-Sync) Đen - Demo",Msi,monitor,1510000.0,1650000.0,140000.0,8.0,,,,phongvu,2026-09-21
882056,260700569,"Màn hình LCD MSI 27"" MAG 276CXF (1920 x 1080, Rapid VA, 280hz, 0.5ms (GtG)) - Demo",Msi,monitor,3000000.0,4550000.0,1550000.0,34.0,,,,phongvu,2026-09-21
882057,260700570,"Màn hình LCD Xiaomi 27"" G27i EU ELA5375EU (1920 x 1080/ IPS/ 165Hz/ 1ms) - Demo",Xiaomi,monitor,2960000.0,3990000.0,1030000.0,26.0,,,,phongvu,2026-09-21
882070,260700583,"Màn hình LCD Asus 27"" VA27EHF (1920 x 1080/ IPS/ 100Hz/ 1ms MPRT ) - Demo",Asus,monitor,1990000.0,3990000.0,2000000.0,50.0,,,,phongvu,2026-09-21
882098,260700611,Màn hình LCD LG 27'' 27MR400-B.ATV (1920 x 1080/ IPS/ 100Hz/ 5ms (GtG)) - Demo,LG,monitor,2390000.0,3090000.0,700000.0,23.0,,,,phongvu,2026-09-21
882099,260700612,Màn hình LCD LG 27'' 27MR400-B.ATV (1920 x 1080/ IPS/ 100Hz/ 5ms (GtG)) - Demo,LG,monitor,2390000.0,3090000.0,700000.0,23.0,,,,phongvu,2026-09-21
882100,260700613,Màn hình LCD LG 27'' 27MR400-B.ATV (1920 x 1080/ IPS/ 100Hz/ 5ms (GtG)) - Demo,LG,monitor,2390000.0,3090000.0,700000.0,23.0,,,,phongvu,2026-09-21
882101,260700614,Màn hình LCD LG 27'' 27MR400-B.ATV (1920 x 1080/ IPS/ 100Hz/ 5ms (GtG)) - Demo,LG,monitor,2390000.0,3090000.0,700000.0,23.0,,,,phongvu,2026-09-21
882102,260700615,"Màn hình LCD Acer 21.5"" EK221Q E3 (UM.WE1SV.301) (1920 x 1080/ IPS/ 100Hz/ 1ms VRB/ FreeSync) - Demo",Acer,monitor,1430000.0,1890000.0,460000.0,24.0,,,,phongvu,2026-09-21
882103,260700616,Màn Hình/ LCD ACER EK251Q G 24.5INCH/1920X1080/120Hz/IPS/VGA/HDMI/LED/ĐEN(UM.KE1SV.G01) - Demo,Acer,monitor,1830000.0,2390000.0,560000.0,23.0,,,,phongvu,2026-09-21
882104,260700617,Màn hình LCD LG 27'' 27MR400-B.ATV (1920 x 1080/ IPS/ 100Hz/ 5ms (GtG)) - Demo,LG,monitor,2390000.0,3090000.0,700000.0,23.0,,,,phongvu,2026-09-21
882107,260700620,Màn hình LCD LG 27'' 27MR400-B.ATV (1920 x 1080/ IPS/ 100Hz/ 5ms (GtG)) - Demo,LG,monitor,2390000.0,3090000.0,700000.0,23.0,,,,phongvu,2026-09-21
882112,260700625,Màn hình/ LCD Gaming Acer 23.8 inch Nitro KG240Y X1 (FHD/IPS/200Hz/1ms) Đen - Demo,Acer,monitor,2360000.0,2990000.0,630000.0,21.0,,,,phongvu,2026-09-21
882114,260700627,Màn hình LCD LG 27'' 27MR400-B.ATV (1920 x 1080/ IPS/ 100Hz/ 5ms (GtG)) - Demo,LG,monitor,2540000.0,3090000.0,550000.0,18.0,,,,phongvu,2026-09-21
882117,260700630,Màn hình LCD LG 27'' 27MR400-B.ATV (1920 x 1080/ IPS/ 100Hz/ 5ms (GtG)) - Demo,LG,monitor,2470000.0,3090000.0,620000.0,20.0,,,,phongvu,2026-09-21
882120,260700633,Màn hình LCD LG 27'' 27MR400-B.ATV (1920 x 1080/ IPS/ 100Hz/ 5ms (GtG)) - Demo,LG,monitor,2390000.0,3090000.0,700000.0,23.0,,,,phongvu,2026-09-21
882121,260700634,Màn hình LCD LG 27'' 27MR400-B.ATV (1920 x 1080/ IPS/ 100Hz/ 5ms (GtG)) - Demo,LG,monitor,2540000.0,3090000.0,550000.0,18.0,,,,phongvu,2026-09-21
882124,260700637,Màn hình LCD LG 27inch 27UP600K-W.ATV (3840 x 2160/ IPS/ 60Hz/ 5ms) - Demo,LG,monitor,4390000.0,6290000.0,1900000.0,30.0,,,,phongvu,2026-09-21
882125,260700638,Màn hình LCD LG 27'' 27MR400-B.ATV (1920 x 1080/ IPS/ 100Hz/ 5ms (GtG)) - Demo,LG,monitor,2390000.0,3090000.0,700000.0,23.0,,,,phongvu,2026-09-21
882126,260700639,Màn Hình/ LCD ACER EK251Q G 24.5INCH/1920X1080/120Hz/IPS/VGA/HDMI/LED/ĐEN(UM.KE1SV.G01) - Demo,Acer,monitor,1830000.0,2390000.0,560000.0,23.0,,,,phongvu,2026-09-21
882936,260701386,Màn hình Msi MAG 274QRFW X32 27 inch (2K/ RAPID IPS/ 320Hz/ 0.5 ms),Msi,monitor,6590000.0,6990000.0,400000.0,6.0,,,,phongvu,2026-09-21
883270,260701720,Màn hình LG 27G64NA-B 27 inch (2K/ IPS/ 300Hz/ 1 ms),LG,monitor,7190000.0,7190000.0,0.0,0.0,,,,phongvu,2026-09-21
883271,260701721,Màn hình Samsung Odyssey G4 G40H LS27HG400EEXXV 27 inch (Full HD/ IPS/ 300Hz/ 1 ms),Samsung,monitor,7590000.0,7890000.0,300000.0,4.0,,,,phongvu,2026-09-21
883278,260701727,Màn hình LG 27U730B-B 27 inch (4K/ IPS/ 60Hz/ 5 ms),LG,monitor,8590000.0,8590000.0,0.0,0.0,,,,phongvu,2026-09-21
883279,260701728,Màn hình Dell PRO P2426H 23.8 inch (Full HD/ IPS/ 120Hz/ 5 ms),Dell,monitor,4890000.0,5990000.0,1100000.0,18.0,,,,phongvu,2026-09-21
883294,260701738,Màn hình LG 32U631A-B 31.5 inch (2K/ IPS/ 100Hz/ 5 ms),LG,monitor,5790000.0,5790000.0,0.0,0.0,,,,phongvu,2026-09-21
883301,260701744,Màn hình Acer VG270U Z2 UM.HV0SV.201 27 inch (2K/ IPS/ 275Hz/ 0.5 ms),Acer,monitor,4690000.0,4990000.0,300000.0,6.0,,,,phongvu,2026-09-21
883307,260701751,Màn hình Acer VG270 W5 UM.HV0SV.501 27 inch (Full HD/ IPS/ 260Hz/ 0.5 ms),Acer,monitor,3490000.0,3690000.0,200000.0,5.0,,,,phongvu,2026-09-21
883313,260701757,Màn hình Msi MPG 272QRF X36 27 inch (2K/ RAPID IPS/ 360Hz/ 0.5 ms),Msi,monitor,21490000.0,21590000.0,100000.0,0.0,,,,phongvu,2026-09-21
883314,260701758,Màn hình Acer KG251Q W5 UM.KX1SS.501 27 inch (Full HD/ IPS/ 260Hz/ 1 ms),Acer,monitor,2990000.0,3290000.0,300000.0,9.0,,,,phongvu,2026-09-21
883320,260701764,Màn hình Msi PRO MP273QW E14 27 inch (2K/ IPS/ 144Hz/ 1 ms),Msi,monitor,3790000.0,3990000.0,200000.0,5.0,,,,phongvu,2026-09-21
883321,260701765,Màn hình Acer EK241Y P6 UM.QE1SV.601 23.8 inch (Full HD/ IPS/ 144Hz/ 1 ms),Acer,monitor,2190000.0,2590000.0,400000.0,15.0,,,,phongvu,2026-09-21
883326,260701770,Màn hình Samsung Odyssey G4 G40H LS25HG400EEXXV 25 inch (Full HD/ IPS/ 300Hz/ 1 ms),Samsung,monitor,3990000.0,4690000.0,700000.0,15.0,,,,phongvu,2026-09-21
883327,260701772,Màn hình Acer EK271K L1 UM.HE1SV.101 27 inch (4K/ IPS/ 72Hz/ 4 ms),Acer,monitor,4990000.0,5290000.0,300000.0,6.0,,,,phongvu,2026-09-21
883331,260701775,Màn hình Samsung Odyssey OLED G9 G93SD LS49DG930SEXXV 49 inch (DQHD/ OLED/ 240Hz/ 0.03 ms),Samsung,monitor,29990000.0,43189000.0,13199000.0,31.0,,,,phongvu,2026-09-21
883334,260701782,Màn hình LG 34G600A-B 34 inch (UWQHD/ VA/ 160Hz/ 5 ms),LG,monitor,8690000.0,8900000.0,210000.0,2.0,,,,phongvu,2026-09-21
883343,260701787,Màn hình LG 34U511A-B 34 inch (WFHD/ IPS/ 100Hz/ 5 ms),LG,monitor,6690000.0,6690000.0,0.0,0.0,,,,phongvu,2026-09-21
885290,260703452,Màn hình Gigabyte GS27F2 27 inch (Full HD/ SS IPS/ 240Hz/ 1 ms),Gigabyte,monitor,3690000.0,3990000.0,300000.0,8.0,,,,phongvu,2026-09-21
885296,260703459,Màn hình Gigabyte G27U 27 inch (4K/ SS IPS/ 160Hz/ 1 ms),Gigabyte,monitor,8390000.0,8990000.0,600000.0,7.0,,,,phongvu,2026-09-21
885303,260703466,Màn hình Samsung Odyssey G5 G50F LS32FG502EEXXV 32 inch (2K/ IPS/ 180Hz/ 1 ms),Samsung,monitor,7390000.0,7890000.0,500000.0,6.0,,,,phongvu,2026-09-21
885391,260703554,Màn hình LG 27U411B-B 27 inch (Full HD/ IPS/ 144Hz/ 1 ms),LG,monitor,2890000.0,3190000.0,300000.0,9.0,,,,phongvu,2026-09-21
885397,260703560,Màn hình ViewSonic VG1457 (VS21039) 2 x 14 inch (WUXGA/ IPS/ 60Hz/ 16 ms),ViewSonic,monitor,8290000.0,8990000.0,700000.0,8.0,,,,phongvu,2026-09-21
886585,260704573,Màn hình Aoc 16T20/71 15.6 inch (Full HD/ IPS/ 60Hz/ 4 ms),Aoc,monitor,2390000.0,2690000.0,300000.0,11.0,,,,phongvu,2026-09-21
888166,260705983,Màn hình Asus VY249HG2 23.8 inch (Full HD/ IPS/ 144Hz/ 1 ms),Asus,monitor,2290000.0,2690000.0,400000.0,15.0,,,,phongvu,2026-09-21
888174,260705992,Màn hình Asus VY279HG2 27 inch (Full HD/ IPS/ 144Hz/ 1 ms),Asus,monitor,2690000.0,3090000.0,400000.0,13.0,,,,phongvu,2026-09-21
888182,260705999,Màn hình Asus ROG Strix XG27ACSR 27 inch (2K/ Fast IPS/ 220Hz/ 0.3 ms),Asus,monitor,6690000.0,6990000.0,300000.0,4.0,,,,phongvu,2026-09-21
888189,260706006,Màn hình Asus VP327Q 31.5 inch (4K/ VA/ 60Hz/ 4 ms),Asus,monitor,7090000.0,7590000.0,500000.0,7.0,,,,phongvu,2026-09-21
888196,260706014,Màn hình Asus MQ17QH 17.3 inch (2K/ OLED/ 60Hz/ 0.2 ms),Asus,monitor,65990000.0,69990000.0,4000000.0,6.0,,,,phongvu,2026-09-21
888204,260706021,Màn hình Asus ROG Swift OLED PG27AQWP-G EDITION 20 26.5 inch (2K/ OLED/ 540Hz/ 0.02 ms),Asus,monitor,39900000.0,41900000.0,2000000.0,5.0,,,,phongvu,2026-09-21
888210,260706027,Màn hình Xiaomi G25i 2026 ELA6734EU 24.5 inch (Full HD/ IPS/ 240Hz/ 1 ms),Xiaomi,monitor,3490000.0,3690000.0,200000.0,5.0,,,,phongvu,2026-09-21
890606,260801475,Màn hình Dell SE2726H 27 inch (Full HD/ IPS/ 144Hz/ 8 ms),Dell,monitor,3890000.0,4090000.0,200000.0,5.0,,,,phongvu,2026-09-21
890617,260801482,Màn hình ViewSonic VX2536A 25 inch (Full HD/ IPS/ 320Hz/ 1 ms),ViewSonic,monitor,3990000.0,4590000.0,600000.0,13.0,,,,phongvu,2026-09-21
890628,260801492,Màn hình Dell PRO E2726HS 27 inch (Full HD/ IPS/ 100Hz/ 5 ms),Dell,monitor,3690000.0,3990000.0,300000.0,8.0,,,,phongvu,2026-09-21
890704,260801557,Màn hình ViewSonic XG2735-2K 27 inch (2K/ IPS/ 210Hz/ 1 ms),ViewSonic,monitor,4790000.0,5490000.0,700000.0,13.0,,,,phongvu,2026-09-21
890703,260801558,Màn hình Samsung Odyssey G5 G53F LS27FG530EEXXV 27 inch (2K/ IPS/ 200Hz/ 1 ms),Samsung,monitor,4890000.0,5990000.0,1100000.0,18.0,,,,phongvu,2026-09-21
891872,260802676,"Màn hình LCD Acer 21.5"" EK221Q E3 (UM.WE1SV.301) (1920 x 1080/ IPS/ 100Hz/ 1ms VRB/ FreeSync) - Demo",Acer,monitor,1480000.0,1890000.0,410000.0,22.0,,,,phongvu,2026-09-21
891873,260802677,"Màn hình LCD Acer 21.5"" EK221Q E3 (UM.WE1SV.301) (1920 x 1080/ IPS/ 100Hz/ 1ms VRB/ FreeSync) - Demo",Acer,monitor,1570000.0,1890000.0,320000.0,17.0,,,,phongvu,2026-09-21
891874,260802678,"Màn hình LCD Acer 21.5"" EK221Q E3 (UM.WE1SV.301) (1920 x 1080/ IPS/ 100Hz/ 1ms VRB/ FreeSync) - Demo",Acer,monitor,1570000.0,1890000.0,320000.0,17.0,,,,phongvu,2026-09-21
891875,260802679,"Màn hình LCD Acer 21.5"" EK221Q E3 (UM.WE1SV.301) (1920 x 1080/ IPS/ 100Hz/ 1ms VRB/ FreeSync) - Demo",Acer,monitor,1480000.0,1890000.0,410000.0,22.0,,,,phongvu,2026-09-21
891876,260802680,"Màn hình LCD Acer 21.5"" EK221Q E3 (UM.WE1SV.301) (1920 x 1080/ IPS/ 100Hz/ 1ms VRB/ FreeSync) - Demo",Acer,monitor,1760000.0,1890000.0,130000.0,7.0,,,,phongvu,2026-09-21
891877,260802681,"Màn hình LCD Acer 21.5"" EK221Q E3 (UM.WE1SV.301) (1920 x 1080/ IPS/ 100Hz/ 1ms VRB/ FreeSync) - Demo",Acer,monitor,1480000.0,1890000.0,410000.0,22.0,,,,phongvu,2026-09-21
891878,260802682,Màn hình LCD LG 27 inch 27GS60QC-B.ATVQ (2560x1440/ VA/ 180Hz/ 1ms) Đen - Demo,LG,monitor,5600000.0,6000000.0,400000.0,7.0,,,,phongvu,2026-09-21
891879,260802683,"Màn hình LCD Acer 21.5"" EK221Q E3 (UM.WE1SV.301) (1920 x 1080/ IPS/ 100Hz/ 1ms VRB/ FreeSync) - Demo",Acer,monitor,1760000.0,1890000.0,130000.0,7.0,,,,phongvu,2026-09-21
892232,260803035,Màn hình Samsung M7 M70F LS43FM702UEXXV 43 inch (4K/ VA/ 60Hz/ 4 ms),Samsung,monitor,10690000.0,12590000.0,1900000.0,15.0,,,,phongvu,2026-09-21
892731,260803536,Màn hình Asus VG27AQ5F 27 inch (2K/ Fast IPS/ 220Hz/ 0.3 ms),Asus,monitor,4890000.0,5190000.0,300000.0,6.0,,,,phongvu,2026-09-21
892740,260803543,Màn hình Asus XG248QSG 24.1 inch (Full HD/ Super TN/ 610Hz/ 0.7 ms),Asus,monitor,19590000.0,26900000.0,7310000.0,27.0,,,,phongvu,2026-09-21
892756,260803558,Màn hình Asus ZenScreen OLED MQ16FC 16 inch (WUXGA/ OLED/ 60Hz/ 1 ms),Asus,monitor,7490000.0,7990000.0,500000.0,6.0,,,,phongvu,2026-09-21
892763,260803565,Màn hình Lenovo L16 68F4UAC1WW 16 inch (WUXGA/ IPS/ 60Hz/ 6 ms),Lenovo,monitor,3790000.0,3990000.0,200000.0,5.0,,,,phongvu,2026-09-21
893037,260803839,Màn hình Samsung LH43QMCEPGCXXV 43 inch (4K/ IPS/ 75Hz/ 8 ms),Samsung,monitor,14790000.0,14790000.0,0.0,0.0,,,,phongvu,2026-09-21
893363,260804147,Màn hình Philips 25E2G2200/71 24.5 inch (Full HD/ IPS/ 144Hz/ 0.5 ms),Philips,monitor,2090000.0,2590000.0,500000.0,19.0,,,,phongvu,2026-09-21
893746,260804533,Màn hình ViewSonic TD1617A-2K 16 inch (WQXGA/ IPS/ 165Hz/ 3 ms),ViewSonic,monitor,6790000.0,7050000.0,260000.0,4.0,,,,phongvu,2026-09-21
893756,260804540,Màn hình Asus VG279QM5F 27 inch (Full HD/ Fast IPS/ 260Hz/ 0.3 ms),Asus,monitor,3790000.0,3990000.0,200000.0,5.0,,,,phongvu,2026-09-21
893772,260804555,Màn hình ViewSonic VP2766-2K-W 27 inch (2K/ IPS/ 120Hz/ 5 ms),ViewSonic,monitor,6890000.0,6990000.0,100000.0,1.0,,,,phongvu,2026-09-21
893780,260804562,Màn hình ViewSonic VP2766-2K 27 inch (2K/ IPS/ 120Hz/ 5 ms),ViewSonic,monitor,6890000.0,6990000.0,100000.0,1.0,,,,phongvu,2026-09-21
895187,260805889,"Màn hình Aoc 24B36XE/71 23.8"" (FHD 1920 x 1080/ IPS/ 144Hz/ 0.5 ms)",Aoc,monitor,2090000.0,2390000.0,300000.0,13.0,,,,phongvu,2026-09-21
895228,260805927,"Màn hình Dell Plus P2425D (42MP2425D) 23.8"" (2K 2560 x 1440/ IPS/ 100Hz/ 5 ms)",Dell,monitor,6390000.0,6890000.0,500000.0,7.0,,,,phongvu,2026-09-21
896219,260900844,"Màn hình Philips 27M2N3200NF/00 27"" (FHD 1920 x 1080/ IPS/ 144Hz/ 0.5 ms)",Philips,monitor,2990000.0,3290000.0,300000.0,9.0,,,,phongvu,2026-09-21
897035,260901646,"Màn hình Asus VG27AQM5A 27"" (2K 2560 x 1440/ Fast IPS/ 300Hz/ 0.3 ms)",Asus,monitor,5990000.0,7490000.0,1500000.0,20.0,,,,phongvu,2026-09-21
897043,260901652,"Màn hình Asus VA259HGA 24.5"" (FHD 1920 x 1080/ IPS/ 120Hz/ 1 ms)",Asus,monitor,2290000.0,2990000.0,700000.0,23.0,,,,phongvu,2026-09-21
897051,260901662,"Màn hình Aoc AGP277QK/71 27"" (2K 2560 x 1440/ Fast IPS/ 540Hz/ 0.3 ms)",Aoc,monitor,16990000.0,17990000.0,1000000.0,6.0,,,,phongvu,2026-09-21
897185,260901793,"Màn hình Asus VA329QG3 31.5"" (FHD 1920 x 1080/ VA/ 180Hz/ 1 ms)",Asus,monitor,4990000.0,5990000.0,1000000.0,17.0,,,,phongvu,2026-09-21
