record_id,product_id,sku,name,brand,category,price_vnd,old_price_vnd,discount_amount_vnd,discount_percent,rating,review_count,url,source,crawl_date
thegioididong_343122,343122,,"Laptop Acer Aspire Lite 15 AL15 72P 581V - NX.D4CSV.001 (i5 13500H, 16GB, 512GB, Full HD, Win11)",Acer,laptop,20090000.0,20990000.0,900000.0,4.0,5.0,1150.0,https://www.thegioididong.com/laptop/acer-aspire-lite-15-al15-72p-581v-i5-13500h-nx-d4csv-001,thegioididong,2026-09-21
thegioididong_338323,338323,,"Laptop Asus Vivobook 15 X1504VA - BQ185WS (Core 5 120U, 16GB, 512GB, Full HD, OfficeH24+365, Win11)",Asus,laptop,20090000.0,20590000.0,500000.0,2.0,5.0,5438.0,https://www.thegioididong.com/laptop/asus-x1504va-core-5-bq185ws,thegioididong,2026-09-21
thegioididong_363507,363507,,Laptop MacBook Air 15 inch M5 16GB/512GB 70W,MacBook,laptop,41790000.0,41990000.0,200000.0,0.0,5.0,74.0,https://www.thegioididong.com/laptop/macbook-air-15-inch-m5-16gb-512gb-70w,thegioididong,2026-09-21
thegioididong_367376,367376,,"Laptop Acer Aspire Lite 15 AL15-49P-R6XX - NX.DRZSV.002 (R5 7430U, 8GB, 512GB, Full HD, Win11)",Acer,laptop,19790000.0,20990000.0,1200000.0,5.0,5.0,56.0,https://www.thegioididong.com/laptop/acer-aspire-lite-15-al15-49p-r6xx-r5-7430u-nx-drzsv-002,thegioididong,2026-09-21
thegioididong_366746,366746,,"Laptop Lenovo IdeaPad Slim 3 15ARP10 - 83K700YUVN (R5 7535HS, 16GB, 512GB, WUXGA, Win11)",Lenovo,laptop,22590000.0,25990000.0,3400000.0,13.0,4.9,724.0,https://www.thegioididong.com/laptop/lenovo-ideapad-slim-3-15arp10-r5-7535hs-83k700yuvn,thegioididong,2026-09-21
thegioididong_363263,363263,,"Laptop Acer Aspire Go 15 AG15-72P-500W - NX.JRRSV.007 (Core 5 120U, 16GB, 512GB, Full HD, Win11)",Acer,laptop,21090000.0,23990000.0,2900000.0,12.0,5.0,144.0,https://www.thegioididong.com/laptop/acer-aspire-go-15-ag15-72p-500w-core-5-120u-nx-jrrsv-007,thegioididong,2026-09-21
thegioididong_368189,368189,,"Laptop SingPC M16-i382 (i3 1215U, 8GB, 256GB, WUXGA, Win11 Pro)",SingPC,laptop,15190000.0,,,,5.0,18.0,https://www.thegioididong.com/laptop/singpc-m16-i382-i3-1215u?utm_flashsale=1,thegioididong,2026-09-21
thegioididong_364859,364859,,"Laptop Dell 15 DC15250 - 71092479 (i5 1334U, 16GB, 512GB, Full HD 120Hz, OfficeHS24+365B, Win11)",Dell,laptop,23390000.0,24490000.0,1100000.0,4.0,5.0,544.0,https://www.thegioididong.com/laptop/dell-15-dc15250-i5-1334u-71092479,thegioididong,2026-09-21
thegioididong_337420,337420,,"Laptop HP 245 G10 - B8PF9AT (R5 7530U, 8GB, 512GB, Full HD, Win11)",HP,laptop,20390000.0,22190000.0,1800000.0,8.0,4.9,6165.0,https://www.thegioididong.com/laptop/hp-245-g10-r5-b8pf9at,thegioididong,2026-09-21
thegioididong_367375,367375,,"Laptop Acer Aspire Lite 14 AL14-44P-R0SP - NX.DMCSV.003 (R7 7730U, 8GB, 512GB, Full HD+, Win11)",Acer,laptop,22090000.0,22990000.0,900000.0,4.0,5.0,6.0,https://www.thegioididong.com/laptop/acer-aspire-lite-14-al14-44p-r0sp-r7-7730u-nx-dmcsv-003,thegioididong,2026-09-21
thegioididong_364397,364397,,"Laptop Asus Vivobook 16 A1607QA - MB067W (X1 26 100, 16GB, 512GB, WUXGA, Win11)",Asus,laptop,20590000.0,22990000.0,2400000.0,10.0,5.0,444.0,https://www.thegioididong.com/laptop/asus-vivobook-16-a1607qa-x1-26-100-mb067w,thegioididong,2026-09-21
thegioididong_369212,369212,,"Laptop MSI Modern 15 F1MG-1264VN (Core 5 120U, 16GB, 512GB, Full HD, Win11)",MSI,laptop,20290000.0,22390000.0,2100000.0,9.0,,,https://www.thegioididong.com/laptop/msi-modern-15-f1mg-1264vn-core-5-120u,thegioididong,2026-09-21
thegioididong_363487,363487,,Laptop MacBook Air 13 inch M5 16GB/512GB/8GPU 70W,MacBook,laptop,35790000.0,36590000.0,800000.0,2.0,5.0,557.0,https://www.thegioididong.com/laptop/macbook-air-13-inch-m5-16gb-512gb-70w,thegioididong,2026-09-21
thegioididong_362025,362025,,"Laptop Dell 15 DC15250 - DC5I5897W1 (i5 1334U, 16GB, 512GB, Full HD+ 120Hz, OfficeH24+365, Win11)",Dell,laptop,23390000.0,24490000.0,1100000.0,4.0,5.0,1950.0,https://www.thegioididong.com/laptop/dell-15-dc15250-i5-1334u-dc5i5897w1,thegioididong,2026-09-21
thegioididong_355729,355729,,"Laptop HP 240R G10 - C3RU7AT (Core 5 120U, 16GB, 512GB, Full HD, Win11)",HP,laptop,24090000.0,29090000.0,5000000.0,17.0,4.9,2391.0,https://www.thegioididong.com/laptop/hp-240r-g10-core-5-120u-c3ru7at,thegioididong,2026-09-21
thegioididong_367016,367016,,"Laptop Lenovo IdeaPad Slim 3 15IPH11 - 83UR00A4VN (Ultra 5 322, 16GB, 512GB, WUXGA, Win11)",Lenovo,laptop,25090000.0,31990000.0,6900000.0,21.0,5.0,111.0,https://www.thegioididong.com/laptop/lenovo-ideapad-slim-3-15iph11-ultra-5-322-83ur00a4vn,thegioididong,2026-09-21
thegioididong_360295,360295,,"Laptop Acer Gaming Predator Helios Neo 16 AI PHN16 73 757W - NH.QVQSV.001 (Ultra 7 255HX, 32GB, 1TB, RTX 5060 8GB, 2K+ 240Hz, Win11)",Acer,laptop,62390000.0,62990000.0,600000.0,1.0,5.0,2.0,https://www.thegioididong.com/laptop/acer-gaming-predator-helios-neo-16-ai-phn16-73-757w-nh-qvqsv-001,thegioididong,2026-09-21
thegioididong_363491,363491,,Laptop MacBook Pro 16 inch M5 Pro 24GB/1TB,MacBook,laptop,80490000.0,81990000.0,1500000.0,2.0,5.0,56.0,https://www.thegioididong.com/laptop/macbook-pro-16-inch-m5-pro-24gb-1tb,thegioididong,2026-09-21
thegioididong_369645,369645,,"Laptop Acer Nitro ProPanel ANV15-52-50RB - NH.QUASV.002 (Core 5 210H, 16GB, 512GB, RTX 4050 6GB, Full HD 180Hz, Win11)",Acer,laptop,34890000.0,37990000.0,3100000.0,8.0,,,https://www.thegioididong.com/laptop/acer-nitro-propanel-anv15-52-50rb-core-5-210h-nh-quasv-002,thegioididong,2026-09-21
thegioididong_366087,366087,,"Laptop Acer Aspire Lite 15 AL15-21P-R91W - NX.DNRSV.002 (R5 40, 16GB, 512GB, Full HD, Win11)",Acer,laptop,22990000.0,,,,5.0,53.0,https://www.thegioididong.com/laptop/acer-aspire-lite-15-al15-21p-r91w-r5-40-nx-dnrsv-002,thegioididong,2026-09-21
thegioididong_368192,368192,,"Laptop SingPC M16-i595 (i5 1235U, 16GB, 512GB, WUXGA, Win11 Pro)",SingPC,laptop,18490000.0,19990000.0,1500000.0,7.0,5.0,2.0,https://www.thegioididong.com/laptop/singpc-m16-i595-i5-1235u,thegioididong,2026-09-21
thegioididong_362398,362398,,"Laptop HP 15 fd1486TU - D0BH3PA (Ultra 5 125H, 24GB, 512GB, Full HD, Win11)",HP,laptop,25090000.0,26690000.0,1600000.0,5.0,5.0,650.0,https://www.thegioididong.com/laptop/hp-15-fd1486tu-ultra-5-125h-d0bh3pa,thegioididong,2026-09-21
thegioididong_368210,368210,,"Laptop Lenovo IdeaPad Slim 3 15IWC11 - 83RR00AAVN (Core 5 320, 16GB, 512GB, WUXGA, Win11)",Lenovo,laptop,23090000.0,29990000.0,6900000.0,23.0,5.0,464.0,https://www.thegioididong.com/laptop/lenovo-ideapad-slim-3-15iwc11-core-5-320-83rr00aavn,thegioididong,2026-09-21
thegioididong_360690,360690,,"Laptop Dell 14 DC14250 - DC4C5386W (Core 5 120U, 16GB, 512GB, Full HD+, OfficeH24+365, Win11)",Dell,laptop,27390000.0,29990000.0,2600000.0,8.0,5.0,1241.0,https://www.thegioididong.com/laptop/dell-14-dc14250-core-5-120u-dc4c5386w,thegioididong,2026-09-21
thegioididong_368656,368656,,"Laptop Acer Gaming Aspire 7 A715-59G-59RD - NH.DXUSV.001 (Core 5 210H, 16GB, 512GB, RTX 3050 4GB, Fulll HD 144Hz, Win11)",Acer,laptop,28390000.0,31990000.0,3600000.0,11.0,5.0,24.0,https://www.thegioididong.com/laptop/acer-gaming-aspire-7-a715-59g-59rd-core-5-210h-nh-dxusv-001,thegioididong,2026-09-21
thegioididong_365310,365310,,"Laptop Dell 15 DC15250 - DC15250-i5U165W11SLU-27 (i5 1334U, 16GB, 512GB, Full HD 120Hz, OfficeHS24+365, Win11)",Dell,laptop,23390000.0,24490000.0,1100000.0,4.0,5.0,1261.0,https://www.thegioididong.com/laptop/dell-15-dc15250-i5-1334u-dc15250-i5u165w11slu-27,thegioididong,2026-09-21
thegioididong_341267,341267,,"Laptop HP OmniBook 5 AI 16 af1048TU - BZ7Q9PA (Ultra 5 225U, 16GB, 512GB, WUXGA, OfficeH24, Win11)",HP,laptop,26690000.0,30990000.0,4300000.0,13.0,5.0,726.0,https://www.thegioididong.com/laptop/hp-omnibook-5-ai-16-af1048tu-ultra-5-225u-bz7q9pa,thegioididong,2026-09-21
thegioididong_368211,368211,,"Laptop Lenovo Ideapad Slim 3 15IWC11 - 83RR00CVVN (Core 5 320, 8GB, 512GB, WUXGA, Win11)",Lenovo,laptop,20290000.0,25990000.0,5700000.0,21.0,5.0,22.0,https://www.thegioididong.com/laptop/lenovo-ideapad-slim-3-15iwc11-core-5-320-83rr00cvvn,thegioididong,2026-09-21
thegioididong_366090,366090,,"Laptop Acer Aspire Go 15 AG15-52P-52WT - NX.JWKSV.001 (Ultra 5 115U, 16GB, 512GB, Full HD, Win11)",Acer,laptop,24090000.0,24990000.0,900000.0,4.0,5.0,45.0,https://www.thegioididong.com/laptop/acer-aspire-go-15-ag15-52p-52wt-ultra-5-115u-nx-jwksv-001,thegioididong,2026-09-21
thegioididong_363903,363903,,"Laptop Lenovo Gaming LOQ 15ARP10 - 83S000CNVN (R7 170, 16GB, 512GB, RTX 3050 6GB, Full HD 144Hz, Win11)",Lenovo,laptop,30890000.0,39490000.0,8600000.0,21.0,5.0,241.0,https://www.thegioididong.com/laptop/lenovo-gaming-loq-15arp10-r7-170-83s000cnvn,thegioididong,2026-09-21
thegioididong_357990,357990,,"Laptop Dell 15 DC15250 - CPH99 (i5 1334U, 16GB, 512GB, Full HD 120Hz, OfficeH24+365B, Win11)",Dell,laptop,22890000.0,24490000.0,1600000.0,6.0,5.0,1806.0,https://www.thegioididong.com/laptop/dell-15-dc15250-i5-1334u-cph99,thegioididong,2026-09-21
thegioididong_362620,362620,,"Laptop Asus Vivobook Go 15 E1504FA - BQ374W (R5 40, 8GB, 512GB, Full HD, Win11)",Asus,laptop,19990000.0,22990000.0,3000000.0,13.0,5.0,1253.0,https://www.thegioididong.com/laptop/asus-vivobook-go-15-e1504fa-r5-40-bq374w,thegioididong,2026-09-21
thegioididong_368655,368655,,"Laptop Acer Aspire Lite 16 AL16-71P-582Q - NX.DRSSV.001 (Ultra 5 125H, 16GB, 512GB, Full HD+ 120Hz, Win11)",Acer,laptop,26090000.0,26990000.0,900000.0,3.0,5.0,11.0,https://www.thegioididong.com/laptop/acer-aspire-lite-16-al16-71p-582q-ultra-5-125h-nx-drssv-001,thegioididong,2026-09-21
thegioididong_360298,360298,,"Laptop Acer Gaming Nitro ProPanel AN16S 61 R193 - NH.QXTSV.001 (R9 AI 365, 16GB, 512GB, RTX 5070 8GB, 2K+ 180Hz, Win11)",Acer,laptop,61390000.0,61990000.0,600000.0,1.0,5.0,1.0,https://www.thegioididong.com/laptop/acer-gaming-nitro-16s-ai-propanel-an16s-61-r193-r9-ai-365-nh-qxtsv-001,thegioididong,2026-09-21
thegioididong_341607,341607,,"Laptop Acer Gaming Nitro ProPanel ANV15 52 72BM - NH.QZ9SV.004 (i7 13620H, 16GB, 512GB, RTX5050 8GB, Full HD 180Hz, Win11)",Acer,laptop,38390000.0,39990000.0,1600000.0,4.0,5.0,105.0,https://www.thegioididong.com/laptop/acer-nitro-v-15-propanel-anv15-52-72bm-i7-13620h-nh-qz9sv-004,thegioididong,2026-09-21
thegioididong_342524,342524,,"Laptop Lenovo Gaming LOQ 15IRX9 - 83DV01ANVN (i5 13450HX, 16GB, 1TB, RTX 3050 6GB, Full HD 144Hz, Win11)",Lenovo,laptop,30690000.0,42990000.0,12300000.0,28.0,4.9,911.0,https://www.thegioididong.com/laptop/lenovo-gaming-loq-15irx9-i5-83dv01anvn,thegioididong,2026-09-21
thegioididong_340561,340561,,"Laptop Dell 15 DC15250 - DC5I5357W1 (i5 1334U, 16GB, 512GB, Full HD 120Hz, OfficeH24+365, Win11)",Dell,laptop,22890000.0,24490000.0,1600000.0,6.0,5.0,3774.0,https://www.thegioididong.com/laptop/dell-15-dc15250-i5-dc5i5357w1,thegioididong,2026-09-21
thegioididong_341624,341624,,"Laptop HP Gaming VICTUS 15 fb3115AX - BX9C9PA (R7 7445HS, 16GB, 512GB, RTX4050 6GB, Full HD 144Hz, Win11)",HP,laptop,31390000.0,34690000.0,3300000.0,9.0,5.0,262.0,https://www.thegioididong.com/laptop/hp-victus-15-fb3115ax-r7-7445hs-bx9c9pa,thegioididong,2026-09-21
thegioididong_366086,366086,,"Laptop Acer Aspire Lite 15 AL15-46P-R73C - NX.JXMSV.001 (R3 5400U, 8GB, 512GB, Full HD, Win11)",Acer,laptop,16890000.0,17990000.0,1100000.0,6.0,5.0,604.0,https://www.thegioididong.com/laptop/acer-aspire-lite-15-al15-46p-r73c-r3-5400u-nx-jxmsv-001,thegioididong,2026-09-21
thegioididong_339682,339682,,"Laptop Dell Inspiron 14 5441 - 5MNK1 (X1P 64 100, 16GB, 512GB, Full HD+, OfficeH24+365, Win11)",Dell,laptop,26690000.0,33990000.0,7300000.0,21.0,4.9,121.0,https://www.thegioididong.com/laptop/dell-inspiron-14-5441-x1p-64-100-5mnk1,thegioididong,2026-09-21
thegioididong_337044,337044,,"Laptop HP Pavilion 16 af0055TU - AY8C4PA (Ultra 5 125U, 16GB, 512GB, WUXGA, OfficeHS+365, Win11)",HP,laptop,22790000.0,,,,5.0,2325.0,https://www.thegioididong.com/laptop/hp-pavilion-16-af0055tu-ultra-5-ay8c4pa,thegioididong,2026-09-21
thegioididong_335554,335554,,"Laptop Lenovo Gaming LOQ 15IRX9 - 83DV003CVN (i5 13450HX, 16GB, 512GB, RTX 3050 6GB, Full HD 144Hz, Win11)",Lenovo,laptop,31190000.0,38990000.0,7800000.0,20.0,5.0,2740.0,https://www.thegioididong.com/laptop/lenovo-loq-15irx9-i5-83dv003cvn,thegioididong,2026-09-21
thegioididong_366823,366823,,"Laptop Acer Gaming Nitro ProPanel ANV16-72-71T9 - NH.QUNSV.001 (Core 7 240H, 16GB, 512GB, RTX 5060 8GB, WUXGA 180Hz, Win11)",Acer,laptop,45390000.0,45990000.0,600000.0,1.0,,,https://www.thegioididong.com/laptop/acer-gaming-nitro-propanel-anv16-72-71t9-core-7-240h-nh-qunsv-001,thegioididong,2026-09-21
thegioididong_327506,327506,,"Laptop Acer Swift Go 14 41 R251 - NX.KG3SV.005 (R5 7430U, 16GB, 1TB, Full HD, Win11)",Acer,laptop,20590000.0,20990000.0,400000.0,2.0,4.9,726.0,https://www.thegioididong.com/laptop/acer-swift-go-14-41-r251-r5-nxkg3sv005,thegioididong,2026-09-21
thegioididong_366745,366745,,"Laptop Lenovo IdeaPad Slim 3 14ARP10 - 83K600E6VN (R5 7535HS, 16GB, 512GB, WUXGA, Win11)",Lenovo,laptop,22490000.0,25990000.0,3500000.0,13.0,5.0,202.0,https://www.thegioididong.com/laptop/lenovo-ideapad-slim-3-14arp10-r5-7535hs-83k600e6vn,thegioididong,2026-09-21
thegioididong_342758,342758,,"Laptop Asus Vivobook S16 S3607VA - RP155WS (Core 5 210H, 16GB, 512GB, WUXGA 144Hz, OfficeH24+365, Win11)",Asus,laptop,22390000.0,24490000.0,2100000.0,8.0,4.9,1762.0,https://www.thegioididong.com/laptop/asus-vivobook-s16-s3607va-core-5-210h-rp155ws,thegioididong,2026-09-21
thegioididong_340562,340562,,"Laptop Dell 15 DC15250 - DC5I7748W1 (i7 1355U, 16GB, 512GB, Full HD 120Hz, OfficeH24+365, Win11)",Dell,laptop,25890000.0,26990000.0,1100000.0,4.0,4.9,4126.0,https://www.thegioididong.com/laptop/dell-15-dc15250-i7-dc5i7748w1,thegioididong,2026-09-21
thegioididong_341623,341623,,"Laptop HP Gaming VICTUS 15 fb3116AX - BX8U4PA (R7 7445HS, 16GB, 512GB, RTX3050 6GB, Full HD 144Hz, Win11)",HP,laptop,28890000.0,32090000.0,3200000.0,9.0,5.0,563.0,https://www.thegioididong.com/laptop/hp-victus-15-fb3116ax-r7-7445hs-bx8u4pa,thegioididong,2026-09-21
thegioididong_341602,341602,,"Laptop Acer Aspire Lite 16 AI AL16 71P 5674 - NX.D4XSV.001 (Ultra 5 125H, 16GB, 512GB, Full HD+, Win11)",Acer,laptop,21090000.0,21990000.0,900000.0,4.0,4.9,880.0,https://www.thegioididong.com/laptop/acer-aspire-lite-16-ai-al16-71p-5674-ultra-5-125h-nx-d4xsv-001,thegioididong,2026-09-21
thegioididong_358797,358797,,"Laptop HP 15 fd1288TU - C2CV7PA (Ultra 7 155H, 16GB, 512GB, Full HD, Win11)",HP,laptop,27090000.0,27990000.0,900000.0,3.0,5.0,559.0,https://www.thegioididong.com/laptop/hp-15-fd1288tu-ultra-7-155h-c2cv7pa,thegioididong,2026-09-21
thegioididong_325691,325691,,"Laptop HP 15 fd0015TU - A19C5PA (i7 1355U, 16GB, 512GB, Full HD, Win11)",HP,laptop,23090000.0,,,,4.9,6187.0,https://www.thegioididong.com/laptop/hp-15-fd0015tu-i7-a19c5pa,thegioididong,2026-09-21
thegioididong_363690,363690,,"Laptop MSI Gaming Cyborg 15 A13UC - 2088VN (i5 13420H, 16GB, 512GB, RTX 3050 4GB, Full HD 144Hz, Win11)",MSI,laptop,27190000.0,29690000.0,2500000.0,8.0,5.0,106.0,https://www.thegioididong.com/laptop/msi-gaming-cyborg-15-a13uc-i5-13420h-2088vn,thegioididong,2026-09-21
thegioididong_362026,362026,,"Laptop Dell 15 DC15250 - DC5I7952W1 (i7 1355U, 16GB, 512GB, Full HD+ 120Hz, OfficeH24+365, Win11)",Dell,laptop,25890000.0,26990000.0,1100000.0,4.0,5.0,598.0,https://www.thegioididong.com/laptop/dell-15-dc15250-i7-1355u-dc5i7952w1,thegioididong,2026-09-21
thegioididong_367684,367684,,"Laptop Lenovo IdeaPad Slim 3 14IPH11 - 83UQ003NVN (Ultra 5 322, 16GB, 512GB, WUXGA, Win11)",Lenovo,laptop,25090000.0,31990000.0,6900000.0,21.0,5.0,38.0,https://www.thegioididong.com/laptop/lenovo-ideapad-slim-3-14iph11-ultra-5-322-83uq003nvn,thegioididong,2026-09-21
thegioididong_369911,369911,,"Laptop Dell 15 DC15255 - X9YM42 (R7 7730U, 16GB, 1TB, Full HD 120Hz, OfficeH24+36, Win11)",Dell,laptop,30590000.0,,,,,,https://www.thegioididong.com/laptop/dell-15-dc15255-r7-7730u-x9ym42,thegioididong,2026-09-21
thegioididong_363257,363257,,"Laptop Asus VivoBook 16 X1607CA - MB980W (Ultra 5 225H, 16GB, 512GB, WUXGA, Win11)",Asus,laptop,23390000.0,,,,5.0,417.0,https://www.thegioididong.com/laptop/asus-x1607ca-ultra-5-225h-mb980w,thegioididong,2026-09-21
thegioididong_327707,327707,,"Laptop MSI Gaming Cyborg 15 A13VEK - 1423VN (i7 13620H, 16GB, 512GB, RTX 4050 6GB, Full HD 144Hz, Win11)",MSI,laptop,31390000.0,33990000.0,2600000.0,7.0,5.0,836.0,https://www.thegioididong.com/laptop/msi-cyborg-15-a13vek-i7-1423vn,thegioididong,2026-09-21
thegioididong_339954,339954,,"Laptop MSI Modern 14 F1MG - 432VN (Core 5 120U, 16GB, 512GB, Full HD, Win11)",MSI,laptop,20090000.0,21990000.0,1900000.0,8.0,5.0,108.0,https://www.thegioididong.com/laptop/msi-modern-14-f1mg-core-5-432vn,thegioididong,2026-09-21
thegioididong_341601,341601,,"Laptop Acer Gaming Nitro V 15 ProPanel ANV15 41 R0FE - NH.QPFSV.005 (R7 7735HS, 16GB, 512GB, RTX 3050 6GB, Full HD 180Hz, Win11)",Acer,laptop,31390000.0,32990000.0,1600000.0,5.0,5.0,59.0,https://www.thegioididong.com/laptop/acer-nitro-v-15-propanel-anv15-41-r0fe-r7-7735hs-nh-qpfsv-005,thegioididong,2026-09-21
thegioididong_333421,333421,,"Laptop Acer Aspire Lite 16 G2 AL16 52P 76DU - NX.J2SSV.005 (i7 1355U, 16GB, 512GB, Full HD+, Win11)",Acer,laptop,21090000.0,21990000.0,900000.0,4.0,4.9,1058.0,https://www.thegioididong.com/laptop/acer-aspire-lite-16-g2-al16-52p-76du-i7-nxj2ssv005,thegioididong,2026-09-21
thegioididong_334446,334446,,"Laptop Lenovo IdeaPad Slim 3 15IRH10 - 83K1000FVN (i7 13620H, 24GB, 512GB, WUXGA, Win11)",Lenovo,laptop,24490000.0,24990000.0,500000.0,2.0,4.9,3264.0,https://www.thegioididong.com/laptop/lenovo-ideapad-slim-3-15irh10-i7-83k1000fvn,thegioididong,2026-09-21
thegioididong_366992,366992,,"Laptop Acer Aspire Lite 15 AL15-48P-R86Q - NX.DS1SV.002 (R7 5825U, 8GB, 512GB, Full HD, Win11)",Acer,laptop,20090000.0,21990000.0,1900000.0,8.0,5.0,43.0,https://www.thegioididong.com/laptop/acer-aspire-lite-15-al15-48p-r86q-r7-5825u-nx-ds1sv-002,thegioididong,2026-09-21
thegioididong_360692,360692,,"Laptop Dell 15 DC15250 - 71084747 (i7 1355U, 16GB, 512GB, Full HD 120 Hz, OfficeHS24+365, Win11)",Dell,laptop,25890000.0,26990000.0,1100000.0,4.0,5.0,700.0,https://www.thegioididong.com/laptop/dell-15-dc15250-i7-1355u-71084747,thegioididong,2026-09-21
thegioididong_367346,367346,,"Laptop Dell 14 DC14250 - DC14250-C3U085W11SLU-27 (Core 3 100U, 8GB, 512GB, Full HD+, OfficeH24+365, Win11)",Dell,laptop,19190000.0,19390000.0,200000.0,1.0,5.0,248.0,https://www.thegioididong.com/laptop/dell-14-dc14250-core-3-100u-dc14250-c3u085w11slu-27,thegioididong,2026-09-21
thegioididong_363260,363260,,"Laptop Acer Nitro ProPanel ANV15-41-R0Y4 - NH.QPESV.004 (R7 7735HS, 16GB, 512GB, RTX 4050 6GB, Full HD 180Hz, Win11)",Acer,laptop,32390000.0,33990000.0,1600000.0,5.0,5.0,68.0,https://www.thegioididong.com/laptop/acer-nitro-v-15-propanel-anv15-41-r0y4-r7-7735hs-nh-qpesv-004,thegioididong,2026-09-21
thegioididong_341618,341618,,"Laptop HP 15 fd0235TU - 9Q970PA_120U (Core 5 120U, 16GB, 512GB, Full HD, Win11)",HP,laptop,24090000.0,28590000.0,4500000.0,15.0,5.0,2294.0,https://www.thegioididong.com/laptop/hp-15-fd0235tu-core-5-120u-9q970pa-120u,thegioididong,2026-09-21
thegioididong_368207,368207,,"Laptop Lenovo IdeaPad Slim 3 14IWC11 - 83RQ002NVN (Core 5 320, 16GB, 512GB, WUXGA, Win11)",Lenovo,laptop,23090000.0,29990000.0,6900000.0,23.0,5.0,127.0,https://www.thegioididong.com/laptop/lenovo-ideapad-slim-3-14iwc11-core-5-320-83rq002nvn,thegioididong,2026-09-21
thegioididong_351613,351613,,"Laptop Dell 15 DC15250 - DC15250-i7U161W11SLU (i7 1355U, 16GB, 1TB, Full HD 120Hz, OfficeH24+365, Win11)",Dell,laptop,27890000.0,28490000.0,600000.0,2.0,5.0,1073.0,https://www.thegioididong.com/laptop/dell-15-dc15250-i7-1355u-dc15250-i7u161w11slu,thegioididong,2026-09-21
thegioididong_368557,368557,,"Laptop Dell 14 DC14250 - DC4C5375W1-2Y (Core 5 120U, 16GB, 512GB, Full HD 120Hz, OfficeHS24+365, Win11)",Dell,laptop,29690000.0,32090000.0,2400000.0,7.0,5.0,27.0,https://www.thegioididong.com/laptop/dell-14-dc14250-core-5-120u-dc4c5375w1-2y,thegioididong,2026-09-21
thegioididong_369478,369478,,"Laptop Lenovo IdeaPad Slim 3 15IWC11 - 83RR00A8VN (Core 3 304, 8GB, 512GB, WUXGA, Win11)",Lenovo,laptop,18590000.0,23990000.0,5400000.0,22.0,,,https://www.thegioididong.com/laptop/lenovo-ideapad-slim-3-15iwc11-core-3-304-83rr00a8vn,thegioididong,2026-09-21
thegioididong_367576,367576,,"Laptop HP Gaming VICTUS 15 fa2451TX - D17WPPA (i5 13420H, 16GB, 512GB, RTX 4050 6GB, Full HD 144Hz, Win11)",HP,laptop,30390000.0,,,,5.0,172.0,https://www.thegioididong.com/laptop/hp-gaming-victus-15-fa2451tx-i5-13420h-d17wppa,thegioididong,2026-09-21
thegioididong_339211,339211,,"Laptop GIGABYTE Gaming A16 GA6H - GAMING-A16-CMHI2VN893SH (i7 13620H, 16GB, 512GB, RTX 4050 6GB, WUXGA 165Hz, Win11)",GIGABYTE,laptop,33190000.0,33990000.0,800000.0,2.0,5.0,332.0,https://www.thegioididong.com/laptop/gigabyte-a16-ga6h-i7-gaming-a16-cmhi2vn893sh,thegioididong,2026-09-21
thegioididong_362667,362667,,"Laptop Dell 15 DC15250 - DC15250-i7U161W11SLU-5 (i7 1355U, 16GB, 1TB, Full HD 120Hz, OfficeH24+365, Win11)",Dell,laptop,27890000.0,28490000.0,600000.0,2.0,5.0,691.0,https://www.thegioididong.com/laptop/dell-15-dc15250-i7-1355u-dc15250-i7u161w11slu-5,thegioididong,2026-09-21
thegioididong_358077,358077,,"Laptop HP OmniBook 5 Flip 14 fp0055TU - BZ7Q4PA (Core 7 150U, 24GB, 512GB, WUXGA, Cảm ứng, OfficeH24, Win11)",HP,laptop,32190000.0,34990000.0,2800000.0,8.0,5.0,238.0,https://www.thegioididong.com/laptop/hp-omnibook-5-flip-14-fp0055tu-core-7-150u-bz7q4pa,thegioididong,2026-09-21
thegioididong_368558,368558,,"Laptop Dell 15 DC15250 - 71100520 (Core 3 100U, 8GB, 512GB, Full HD 120Hz, OfficeH24+365, Win11)",Dell,laptop,21890000.0,22590000.0,700000.0,3.0,5.0,9.0,https://www.thegioididong.com/laptop/dell-15-dc15250-core-3-100u-71100520,thegioididong,2026-09-21
thegioididong_363261,363261,,"Laptop Acer Aspire Go 14 AG14-72P-54DF - NX.JSBSV.009 (Core 5 120U, 16GB, 512GB, Full HD+, Win11)",Acer,laptop,21090000.0,23990000.0,2900000.0,12.0,5.0,186.0,https://www.thegioididong.com/laptop/acer-aspire-go-14-ag14-72p-54df-core-5-120u-nx-jsbsv-009,thegioididong,2026-09-21
thegioididong_341626,341626,,"Laptop Acer Gaming Nitro ProPanel ANV15 52 59AA - NH.QZ9SV.002 (i5 13420H, 16GB, 512GB, RTX 5050 8GB, Full HD 180Hz, Win11)",Acer,laptop,36390000.0,37990000.0,1600000.0,4.0,5.0,77.0,https://www.thegioididong.com/laptop/acer-nitro-v-15-propanel-anv15-52-59aa-i5-13420h-nh-qz9sv-002,thegioididong,2026-09-21
thegioididong_369754,369754,,"Laptop Acer Gaming Nitro ProPanel ANV15-52-73Z8 - NH.QUASV.001 (Core 7 240H, 16GB, 512GB, RTX 4050 6GB, Full HD  180Hz, Win11)",Acer,laptop,37390000.0,39990000.0,2600000.0,6.0,,,https://www.thegioididong.com/laptop/acer-gaming-nitro-propanel-anv15-52-73z8-core-7-240h-nh-quasv-001,thegioididong,2026-09-21
thegioididong_366749,366749,,"Laptop Lenovo Gaming LOQ 15IRX9 - 83DV01H2VN (i7 13645HX, 16GB, 1TB, RTX 4050 6GB, Full HD 144Hz, Win11)",Lenovo,laptop,38390000.0,48990000.0,10600000.0,21.0,4.9,67.0,https://www.thegioididong.com/laptop/lenovo-gaming-loq-15irx9-i7-13645hx-83dv01h2vn,thegioididong,2026-09-21
thegioididong_365608,365608,,"Laptop HP 240R G9 - C40LGAT (Core 5 120U, 16GB, 512GB, Full HD, Win11)",HP,laptop,24090000.0,29090000.0,5000000.0,17.0,5.0,20.0,https://www.thegioididong.com/laptop/hp-240r-g9-core-5-120u-c40lgat,thegioididong,2026-09-21
thegioididong_339679,339679,,"Laptop Dell Latitude 3450 - L3450-1335U-16512WN (i5 1335U, 16GB, 512GB, Full HD, Win11)",Dell,laptop,23390000.0,25990000.0,2600000.0,10.0,4.9,2711.0,https://www.thegioididong.com/laptop/dell-latitude-3450-i5-l34501335u16512wn,thegioididong,2026-09-21
thegioididong_341270,341270,,"Laptop HP 15 fd0234TU - 9Q969PA-120U (Core 5 120U, 16GB, 512GB, Full HD, Win11)",HP,laptop,24090000.0,28590000.0,4500000.0,15.0,4.9,3406.0,https://www.thegioididong.com/laptop/hp-15-fd0234tu-core-5-120u-9q969pa-120u,thegioididong,2026-09-21
thegioididong_337043,337043,,"Laptop HP Pavilion 16 af0054TU - AY8C3PA (Ultra 5 125U, 16GB, 1TB, WUXGA, OfficeHS+365, Win11)",HP,laptop,23790000.0,,,,5.0,594.0,https://www.thegioididong.com/laptop/hp-pavilion-16-af0054tu-ultra-5-ay8c3pa,thegioididong,2026-09-21
thegioididong_364401,364401,,"Laptop Asus ZenBook 14 UX3405CA - ST628W (Ultra 5 225H, 16GB, 512GB, 3K OLED 120Hz, Win11)",Asus,laptop,30990000.0,31990000.0,1000000.0,3.0,4.9,202.0,https://www.thegioididong.com/laptop/asus-zenbook-14-ux3405ca-ultra-5-225h-st628w,thegioididong,2026-09-21
thegioididong_341610,341610,,"Laptop MSI Gaming Katana 15 HX B14WFK - 025VN (i7 14650HX, 16GB, 512GB, RTX5060 8GB, QHD 165Hz, Win11)",MSI,laptop,45990000.0,,,,5.0,31.0,https://www.thegioididong.com/laptop/msi-katana-15-hx-b14wfk-i7-14650hx-025vn,thegioididong,2026-09-21
thegioididong_336031,336031,,"Laptop Asus Zenbook 14 UX3405CA - PZ204WS (Ultra 9 285H, 32GB, 1TB, 2.8K 120Hz, Cảm ứng, OfficeH24+365, Win11)",Asus,laptop,39590000.0,40290000.0,700000.0,2.0,5.0,619.0,https://www.thegioididong.com/laptop/asus-zenbook-14-ux3405ca-ultra-9-pz204ws,thegioididong,2026-09-21
thegioididong_337843,337843,,"Laptop GIGABYTE Gaming A16 GA6H - GAMING-A16-CMHH2VN893SH (i5 13420H, 16GB, 512GB, RTX 4050 6GB, WUXGA 165Hz, Win11)",GIGABYTE,laptop,30490000.0,30990000.0,500000.0,2.0,5.0,189.0,https://www.thegioididong.com/laptop/gigabyte-a16-ga6h-i5-gaminga16cmhh2vn893sh,thegioididong,2026-09-21
thegioididong_358074,358074,,"Laptop HP OmniBook 5 AI 16 af1054TU - C1MN8PA (Ultra 7 255U, 32GB, 512GB, WUXGA, OfficeH24, Win11)",HP,laptop,32390000.0,38990000.0,6600000.0,16.0,4.9,202.0,https://www.thegioididong.com/laptop/hp-omnibook-5-ai-16-af1054tu-ultra-7-255u-c1mn8pa,thegioididong,2026-09-21
thegioididong_345510,345510,,"Laptop HP Gaming VICTUS 15 fa2732TX - B85LPPA (i5 13420H, 16GB, 512GB, RTX 4050 6GB, Full HD 144Hz, Win11)",HP,laptop,31390000.0,33990000.0,2600000.0,7.0,5.0,404.0,https://www.thegioididong.com/laptop/hp-gaming-victus-15-fa2732tx-i5-13420h-b85lppa,thegioididong,2026-09-21
thegioididong_358498,358498,,"Laptop Dell 15 DC15250 - 71071928 (i5 1334U, 16GB, 512GB, Full HD 120Hz, OfficeH24+365B, Win11)",Dell,laptop,22890000.0,24490000.0,1600000.0,6.0,5.0,1454.0,https://www.thegioididong.com/laptop/dell-15-dc15250-i5-1334u-71071928,thegioididong,2026-09-21
thegioididong_362666,362666,,"Laptop Dell 15 DC15250 - DC15250-i5U165W11SLU-5 (i5 1334U, 16GB, 512GB, Full HD 120Hz, OfficeH24+365, Win11)",Dell,laptop,22890000.0,24490000.0,1600000.0,6.0,5.0,785.0,https://www.thegioididong.com/laptop/dell-15-dc15250-i5-1334u-dc15250-i5u165w11slu-5,thegioididong,2026-09-21
thegioididong_365998,365998,,"Laptop Dell 15 DC15250 - CPH992 (i5 1334U, 16GB, 512GB, Full HD 120Hz, OfficeHS24+365B, Win11)",Dell,laptop,23390000.0,24490000.0,1100000.0,4.0,5.0,356.0,https://www.thegioididong.com/laptop/dell-15-dc15250-i5-1334u-cph992,thegioididong,2026-09-21
thegioididong_318354,318354,,"Laptop Acer Gaming Nitro V ANV15 51 57B2 - NH.QN8SV.001 (i5 13420H, 8GB, 512GB, RTX 4050 6GB, Full HD 144Hz, Win11)",Acer,laptop,27090000.0,27990000.0,900000.0,3.0,5.0,244.0,https://www.thegioididong.com/laptop/acer-nitro-v-anv15-51-57b2-i5-nhqn8sv001,thegioididong,2026-09-21
thegioididong_340006,340006,,"Laptop MSI Venture A15 AI A2HMG - 003VN (R7 260, 16GB, 512GB, Full HD 144Hz, Win11)",MSI,laptop,22490000.0,,,,5.0,91.0,https://www.thegioididong.com/laptop/msi-venture-a15-ai-a2hmg-r7-003vn,thegioididong,2026-09-21
thegioididong_357992,357992,,"Laptop Dell 15 DC15255 - X9YM41 (R7 7730U, 16GB, 1TB, Full HD 120Hz, OfficeH24+365B, Win11)",Dell,laptop,23390000.0,,,,5.0,809.0,https://www.thegioididong.com/laptop/dell-15-dc15255-r7-7730u-x9ym41,thegioididong,2026-09-21
thegioididong_364860,364860,,"Laptop Dell 15 DC15250 - 71092480 (i7 1355U, 16GB, 512GB, Full HD 120Hz, OfficeHS24+365B, Win11)",Dell,laptop,25890000.0,26990000.0,1100000.0,4.0,5.0,237.0,https://www.thegioididong.com/laptop/dell-15-dc15250-i7-1355u-71092480,thegioididong,2026-09-21
thegioididong_363882,363882,,"Laptop Lenovo Ideapad Slim 5 OLED 14AGP11 - 83S1003FVN (R7 445, 32GB, 512GB, WUXGA OLED, Win11)",Lenovo,laptop,38390000.0,39990000.0,1600000.0,4.0,5.0,17.0,https://www.thegioididong.com/laptop/lenovo-ideapad-slim-5-oled-14agp11-r7-445-83s1003fvn,thegioididong,2026-09-21
thegioididong_363262,363262,,"Laptop Acer Aspire Go 15 AG15-72P-76A2 - NX.JRRSV.008 (Core 7 150U, 16GB, 512GB, Full HD, Win11)",Acer,laptop,24090000.0,25990000.0,1900000.0,7.0,5.0,24.0,https://www.thegioididong.com/laptop/acer-aspire-go-15-ag15-72p-76a2-core-7-150u-nx-jrrsv-008,thegioididong,2026-09-21
thegioididong_358796,358796,,"Laptop HP 14 ep1137TU - C2CY8PA (Ultra 7 155H, 16GB, 512GB, Full HD, Win11)",HP,laptop,27090000.0,27990000.0,900000.0,3.0,5.0,437.0,https://www.thegioididong.com/laptop/hp-14-ep1137tu-ultra-7-155h-c2cy8pa,thegioididong,2026-09-21
thegioididong_366909,366909,,"Laptop MSI Gaming Cyborg 15 Black Edition A13VE - A13VE-2410VN (i5 13420H, 16GB, 512GB, RTX 4050 6GB, Full HD 144Hz, Win11)",MSI,laptop,29490000.0,31990000.0,2500000.0,7.0,5.0,28.0,https://www.thegioididong.com/laptop/msi-gaming-cyborg-15-black-edition-a13ve-i5-13420h-a13ve-2410vn,thegioididong,2026-09-21
thegioididong_363259,363259,,"Laptop Acer Nitro Lite NL16-71G-71FN - NH.D5ASV.003 (i7 13620H, 16GB, 512GB, RTX 4050 6GB, FHD+ 180Hz, Win11)",Acer,laptop,32390000.0,33990000.0,1600000.0,5.0,5.0,57.0,https://www.thegioididong.com/laptop/acer-nitro-lite-nl16-71g-71fn-i7-13620h-nh-d5asv-003,thegioididong,2026-09-21
thegioididong_334796,334796,,"Laptop Asus Zenbook 14 UX3405CA - PZ187WS (Ultra 5 225H, 16GB, 512GB, 2.8K OLED 120Hz, Cảm ứng, OfficeH24+365, Win11)",Asus,laptop,31590000.0,33390000.0,1800000.0,5.0,4.9,682.0,https://www.thegioididong.com/laptop/asus-zenbook-14-ux3405ca-ultra-5-pz187ws,thegioididong,2026-09-21
thegioididong_364967,364967,,"Laptop Dell 14 DC14250 - F0FTK7 (Core 7 150U, 16GB, 512GB, MX570A 2GB, Full HD+, OfficeHS24+365, Win11)",Dell,laptop,31690000.0,,,,5.0,120.0,https://www.thegioididong.com/laptop/dell-14-dc14250-core-7-150u-f0ftk7,thegioididong,2026-09-21
thegioididong_365607,365607,,"Laptop HP 240R G9 - C40M2AT (Core 5 120U, 8GB, 512GB, Full HD, Win11)",HP,laptop,22590000.0,25490000.0,2900000.0,11.0,5.0,68.0,https://www.thegioididong.com/laptop/hp-240r-g9-core-5-120u-c40m2at,thegioididong,2026-09-21
thegioididong_369481,369481,,"Laptop Dell 15 DC15250 - CPH993 (Core 3 100U, 8GB, 512GB, Full HD 120Hz, OfficeH24+365, Win11)",Dell,laptop,21890000.0,22590000.0,700000.0,3.0,,,https://www.thegioididong.com/laptop/dell-15-dc15250-core-3-100u-cph993,thegioididong,2026-09-21
thegioididong_360419,360419,,"Laptop Asus Vivobook 15 X1504VA - BQ285W (Core 5 120U, 16GB, 512GB, Full HD, Win11)",Asus,laptop,20690000.0,22990000.0,2300000.0,10.0,5.0,508.0,https://www.thegioididong.com/laptop/asus-vivobook-15-x1504va-core-5-120u-bq285w,thegioididong,2026-09-21
thegioididong_362922,362922,,"Laptop MSI Gaming Cyborg 15 B13WFKG - 658VN (i7 13620H, 16GB, 1TB, RTX 5060 8GB, Full HD 144Hz, Win11)",MSI,laptop,40490000.0,,,,5.0,11.0,https://www.thegioididong.com/laptop/msi-gaming-cyborg-15-b13wfkg-i7-13620h-658vn,thegioididong,2026-09-21
thegioididong_365535,365535,,"Laptop Lenovo ThinkPad E14 Gen 7 - 21SX00BNVN (Ultra 5 135H, 16GB, 512GB, WUXGA, Win11)",Lenovo,laptop,35090000.0,,,,5.0,112.0,https://www.thegioididong.com/laptop/lenovo-thinkpad-e14-gen-7-ultra-5-135h-21sx00bnvn,thegioididong,2026-09-21
thegioididong_364405,364405,,"Laptop Asus Zenbook 14 UX3405CA - ST648W (Ultra 9 285H, 32GB, 1TB, 3K OLED 120Hz, Win11)",Asus,laptop,39990000.0,41990000.0,2000000.0,5.0,5.0,82.0,https://www.thegioididong.com/laptop/asus-zenbook-14-ux3405ca-ultra-9-285h-st648w,thegioididong,2026-09-21
thegioididong_342754,342754,,"Laptop Dell 15 DC15250 - DC15250-i5U165W11SLU (i5 1334U, 16GB, 512GB, Full HD 120Hz, OfficeH24+365, Win11)",Dell,laptop,22890000.0,24490000.0,1600000.0,6.0,5.0,1171.0,https://www.thegioididong.com/laptop/dell-15-dc15250-i5-1334u-dc15250-i5u165w11slu,thegioididong,2026-09-21
thegioididong_366702,366702,,"Laptop HP Probook 4 G1ah 16 - C40JPAT (R5 220, 16GB, 512GB, WUXGA, Win11)",HP,laptop,26590000.0,29990000.0,3400000.0,11.0,5.0,47.0,https://www.thegioididong.com/laptop/hp-probook-4-g1ah-16-r5-220-c40jpat,thegioididong,2026-09-21
thegioididong_358120,358120,,"Laptop HP OmniBook 5 16 ag1069AU - BZ7T1PA (R5 AI 340, 16GB, 512GB, WUXGA, OfficeH24+365B, Win11)",HP,laptop,26390000.0,27190000.0,800000.0,3.0,5.0,196.0,https://www.thegioididong.com/laptop/hp-omnibook-5-16-ag1069au-r5-ai-340-bz7t1pa,thegioididong,2026-09-21
thegioididong_358088,358088,,Laptop MacBook Pro 14 inch M5 16GB/1TB,MacBook,laptop,53490000.0,54990000.0,1500000.0,3.0,5.0,476.0,https://www.thegioididong.com/laptop/macbook-pro-14-inch-m5-16gb-1tb,thegioididong,2026-09-21
thegioididong_340558,340558,,"Laptop Dell Inspiron 15 3530 - N3530-i5U165W11SLU-HS24 (i5 1334U, 16GB, Full HD 120Hz, OfficeH24+365, Win11)",Dell,laptop,22390000.0,24490000.0,2100000.0,8.0,5.0,1811.0,https://www.thegioididong.com/laptop/dell-inspiron-15-3530-i5-n3530-i5u165w11slu-hs24,thegioididong,2026-09-21
thegioididong_360296,360296,,"Laptop Acer Gaming Nitro ProPanel ANV16S 41 R337 - NH.QZZSV.002 (R7 260, 16GB, 1TB, RTX 5050 8GB, FHD+ 180Hz, Win11)",Acer,laptop,43990000.0,,,,5.0,6.0,https://www.thegioididong.com/laptop/acer-gaming-nitro-v-16s-ai-propanel-anv16s-41-r337-r7-260-nh-qzzsv-002,thegioididong,2026-09-21
thegioididong_359927,359927,,"Laptop GIGABYTE Gaming A16 GA6H - GAMING-A16-CTHI3VN893SH (i7 13620H, 16GB, 512GB, RTX 5050 8GB, WUXGA 165Hz, Win11)",GIGABYTE,laptop,37890000.0,38990000.0,1100000.0,3.0,5.0,26.0,https://www.thegioididong.com/laptop/gigabyte-gaming-a16-ga6h-i7-13620h-gaming-a16-cthi3vn893sh,thegioididong,2026-09-21
thegioididong_358075,358075,,"Laptop HP OmniBook X Flip 14 fk0092AU - BZ7P5PA (R5 AI 340, 16GB, 512GB, WUXGA, Cảm ứng, OfficeH24, Win11)",HP,laptop,31990000.0,,,,5.0,128.0,https://www.thegioididong.com/laptop/hp-omnibook-x-flip-14-fk0092au-r5-ai-340-bz7p5pa,thegioididong,2026-09-21
thegioididong_342513,342513,,"Laptop Lenovo ThinkBook 14 - 21SG007VVN (Core 7 240H, 32GB, 1TB, WUXGA, Win11)",Lenovo,laptop,37990000.0,,,,5.0,201.0,https://www.thegioididong.com/laptop/lenovo-thinkbook-14-core-7-240h-21sg007vvn,thegioididong,2026-09-21
thegioididong_358499,358499,,"Laptop Dell 15 DC15250 - 71073959 (i7 1355U, 16GB, 512GB, Full HD 120Hz, OfficeH24+365B, Win11)",Dell,laptop,25890000.0,26990000.0,1100000.0,4.0,5.0,438.0,https://www.thegioididong.com/laptop/dell-15-dc15250-i7-1355u-71073959,thegioididong,2026-09-21
thegioididong_338316,338316,,"Laptop Dell Inspiron 15 3530 - N3530-i5U165W11SLU-BL (i5 1334U, 16GB, 512GB, Full HD 120Hz, OfficeH24+365, Win11)",Dell,laptop,22390000.0,24490000.0,2100000.0,8.0,4.9,1893.0,https://www.thegioididong.com/laptop/dell-inspiron-15-3530-i5-n3530-i5u165w11slu-bl,thegioididong,2026-09-21
thegioididong_360693,360693,,"Laptop Dell Gaming Alienware 16 Aurora AC16250 - C7H161W11II4050 (Core 7 240H, 16GB, 1TB, RTX 4050 6GB, WQXGA 120Hz, OfficeH24+365, Win11)",Dell,laptop,38690000.0,40090000.0,1400000.0,3.0,5.0,265.0,https://www.thegioididong.com/laptop/dell-gaming-alienware-16-aurora-ac16250-core-7-240h-c7h161w11ii4050,thegioididong,2026-09-21
thegioididong_360421,360421,,"Laptop Asus Gaming V16 V3607VJ - RP071W (Core 5 210H, 16GB, 512GB, RTX 3050 6GB, WUXGA 144Hz, Win11)",Asus,laptop,27090000.0,29990000.0,2900000.0,9.0,4.9,306.0,https://www.thegioididong.com/laptop/asus-gaming-v16-v3607vj-core-5-210h-rp071w,thegioididong,2026-09-21
thegioididong_344606,344606,,"Laptop Lenovo Gaming LOQ 15IRX9 - 83DV01ALVN (i7 13650HX, 16GB, 512GB, RTX 4050 6GB, Full HD 144Hz, Win11)",Lenovo,laptop,40390000.0,,,,5.0,397.0,https://www.thegioididong.com/laptop/lenovo-gaming-loq-15irx9-i7-13650hx-83dv01alvn,thegioididong,2026-09-21
thegioididong_341613,341613,,"Laptop MSI Gaming Katana 15 HX B14WEK - 027VN (i7 14650HX, 32GB, 512GB, RTX5050 8GB, QHD 165Hz, Win11)",MSI,laptop,48390000.0,49990000.0,1600000.0,3.0,5.0,17.0,https://www.thegioididong.com/laptop/msi-katana-15-hx-b14wek-i7-14650hx-027vn,thegioididong,2026-09-21
thegioididong_341609,341609,,"Laptop MSI Gaming Katana 15 HX B14WFK - 267VN (i7 14650HX, 32GB, 512GB, RTX 5060 8GB, QHD 165Hz, Win11)",MSI,laptop,51390000.0,51990000.0,600000.0,1.0,5.0,65.0,https://www.thegioididong.com/laptop/msi-katana-15-hx-b14wfk-i7-14650hx-267vn,thegioididong,2026-09-21
thegioididong_363901,363901,,"Laptop Lenovo ThinkBook 16 G9 IRL - 21US008FVN (i5 13420H, 16GB, 512GB, WUXGA, Win11)",Lenovo,laptop,28090000.0,29190000.0,1100000.0,4.0,5.0,116.0,https://www.thegioididong.com/laptop/lenovo-thinkbook-16-g9-irl-i5-13420h-21us008fvn,thegioididong,2026-09-21
thegioididong_339681,339681,,"Laptop Dell Inspiron 15 3530 - P16WD22 (i5 1334U, 16GB, 512GB, Full HD 120Hz, OfficeH24+365, Win11)",Dell,laptop,22390000.0,24490000.0,2100000.0,8.0,4.9,2912.0,https://www.thegioididong.com/laptop/dell-inspiron-15-3530-i5-p16wd22,thegioididong,2026-09-21
thegioididong_358079,358079,,"Laptop HP 15 fc0655AU - C81NGPA (R5 7430U, 16GB, 512GB, Full HD, Win11)",HP,laptop,22390000.0,24290000.0,1900000.0,7.0,5.0,4444.0,https://www.thegioididong.com/laptop/hp-15-fc0655au-r5-7430u-c81ngpa,thegioididong,2026-09-21
thegioididong_330579,330579,,"Laptop Asus Zenbook S 14 UX5406SA - PV140WS (Ultra 7 258V, 32GB, 1TB, 2.8K OLED 120Hz, OfficeHS, Win11)",Asus,laptop,44690000.0,46190000.0,1500000.0,3.0,5.0,211.0,https://www.thegioididong.com/laptop/asus-ux5406sa-ultra-7-pv140ws,thegioididong,2026-09-21
thegioididong_363897,363897,,"Laptop Lenovo ThinkBook 14 Gen 8 - 21SJ00EAVN (Ultra 5 135H, 16GB, 512GB, WUXGA, Win11)",Lenovo,laptop,33690000.0,,,,5.0,78.0,https://www.thegioididong.com/laptop/lenovo-thinkbook-14-gen-8-ultra-5-135h-21sj00eavn,thegioididong,2026-09-21
thegioididong_361726,361726,,"Laptop HP OmniBook 7 14 fs0043TU - C1MN3PA (Core 5 210H, 16GB, 512GB, 2K, OfficeH24+365, Win11)",HP,laptop,27590000.0,28190000.0,600000.0,2.0,5.0,65.0,https://www.thegioididong.com/laptop/hp-omnibook-7-14-fs0043tu-core-5-210h-c1mn3pa,thegioididong,2026-09-21
thegioididong_357991,357991,,"Laptop Dell 15 DC15250 - CPH997 (i7 1355U, 16GB, 1TB, Full HD 120Hz, OfficeH24+365, Win11)",Dell,laptop,27890000.0,28490000.0,600000.0,2.0,5.0,687.0,https://www.thegioididong.com/laptop/dell-15-dc15250-i7-1355u-cph997,thegioididong,2026-09-21
thegioididong_358076,358076,,"Laptop HP OmniBook X Flip 14 fm0076TU - BZ7P6PA (Ultra 7 258V, 32GB, 512GB, WUXGA, Cảm ứng, OfficeH24, Win11)",HP,laptop,40590000.0,,,,5.0,198.0,https://www.thegioididong.com/laptop/hp-omnibook-x-flip-14-fm0076tu-ultra-7-258v-bz7p6pa,thegioididong,2026-09-21
thegioididong_360694,360694,,"Laptop Dell 16 DC16250 - C7U161W11BLU (Core 7 150U, 16GB, 1TB, Full HD+, Cảm ứng, OfficeH24+365, Win11)",Dell,laptop,34690000.0,,,,5.0,140.0,https://www.thegioididong.com/laptop/dell-16-dc16250-core-7-150u-c7u161w11blu,thegioididong,2026-09-21
thegioididong_341752,341752,,"Laptop GIGABYTE Gaming A16 GA6H - GAMING-A16-CVHI3VN893SH (i7 13620H, 16GB, 512GB, RTX5060 8GB, WUXGA 165Hz, Win11)",GIGABYTE,laptop,38990000.0,39990000.0,1000000.0,3.0,5.0,51.0,https://www.thegioididong.com/laptop/gigabyte-a16-ga6h-i7-13620h-gaming-a16-cvhi3vn893sh,thegioididong,2026-09-21
thegioididong_361536,361536,,"Laptop Dell 14 DC14250 - 71083580 (Core 7 150U, 16GB, 512GB, Full HD+, OfficeH24+365, Win11)",Dell,laptop,30690000.0,,,,5.0,127.0,https://www.thegioididong.com/laptop/dell-14-dc1425-core-7-150u-71083580,thegioididong,2026-09-21
thegioididong_359482,359482,,"Laptop Lenovo V14 G5 - 83HD005JVN (i5 13420H, 16GB, 512GB, Full HD, Win11)",Lenovo,laptop,25090000.0,25990000.0,900000.0,3.0,5.0,213.0,https://www.thegioididong.com/laptop/lenovo-v14-g5-i5-13420h-83hd005jvn,thegioididong,2026-09-21
thegioididong_339201,339201,,"Laptop Acer Gaming Nitro Lite 16 NL16 71G 71UJ - NH.D59SV.002 (i7 13620H, 16GB, 512GB, RTX 3050 6GB, Full HD+ 165Hz, Win11)",Acer,laptop,29390000.0,32990000.0,3600000.0,10.0,5.0,153.0,https://www.thegioididong.com/laptop/acer-nitro-lite-16-nl16-71g-71uj-i7-nhd59sv002,thegioididong,2026-09-21
thegioididong_338321,338321,,"Laptop Asus Vivobook S14 S3407CA - LY096WS (Ultra 7 255H, 16GB, 512GB, WUXGA, OfficeH24+365, Win11)",Asus,laptop,28190000.0,,,,5.0,669.0,https://www.thegioididong.com/laptop/asus-s3407ca-ultra-7-ly096ws,thegioididong,2026-09-21
thegioididong_366703,366703,,"Laptop HP OmniBook 7 Aero 13 bg1087AU - BZ7S1PA (R5 AI 340, 16GB, 512GB, WUXGA, OfficeH24+365, Win11)",HP,laptop,28890000.0,29790000.0,900000.0,3.0,5.0,80.0,https://www.thegioididong.com/laptop/hp-omnibook-7-aero-13-bg1087au-r5-ai-340-bz7s1pa,thegioididong,2026-09-21
thegioididong_311177,311177,,"Laptop HP Pavilion 15 eg3091TU - 8C5L2PA (i7 1355U, 16GB, 512GB, Full HD, Win11)",HP,laptop,25390000.0,,,,4.9,2966.0,https://www.thegioididong.com/laptop/hp-pavilion-15-eg3091tu-i7-8c5l2pa,thegioididong,2026-09-21
thegioididong_341563,341563,,"Laptop Dell Gaming Alienware 16 Aurora AC16250 - 71072939 (Core 5 210H, 16GB, 512GB, RTX 3050 6GB, WQXGA 120Hz, OfficeH24+365, Win11)",Dell,laptop,34690000.0,36490000.0,1800000.0,5.0,5.0,718.0,https://www.thegioididong.com/laptop/dell-alienware-16-aurora-ac16250-core-5-210h-71072939,thegioididong,2026-09-21
thegioididong_367378,367378,,"Laptop Acer Swift Go 14 AI SFG14-I71-70RP - NX.JZHSV.003 (Ultra 7 358H, 32GB, 1TB, 2.8K 120Hz, Win11)",Acer,laptop,51390000.0,51990000.0,600000.0,1.0,,,https://www.thegioididong.com/laptop/acer-swift-go-14-ai-sfg14-i71-70rp-ultra-7-358h-nx-jzhsv-003,thegioididong,2026-09-21
thegioididong_322099,322099,,"Laptop MSI Gaming Cyborg 15 AI A1VEK - 053VN (Ultra 7 155H, 16GB, 512GB, RTX 4050 6GB, Full HD 144Hz, Win11)",MSI,laptop,30390000.0,,,,5.0,104.0,https://www.thegioididong.com/laptop/msi-gaming-cyborg-15-ai-a1vek-ultra-7-053vn,thegioididong,2026-09-21
thegioididong_357988,357988,,"Laptop Dell Inspiron 14 5440 - 71059084 (Core 7 150U, 16GB, 1TB, MX570A 2GB, 2.2K, OfficeH24+365B, Win11)",Dell,laptop,32690000.0,33490000.0,800000.0,2.0,5.0,66.0,https://www.thegioididong.com/laptop/dell-inspiron-14-5440-core-7-150u-71059084,thegioididong,2026-09-21
thegioididong_335020,335020,,"Laptop MSI Prestige 14 AI+ Evo C2VMG - 020VN (Ultra 7 258V, 32GB, 1TB, 2.8K OLED 120Hz, Win11)",MSI,laptop,35390000.0,35990000.0,600000.0,2.0,5.0,29.0,https://www.thegioididong.com/laptop/msi-prestige-14-ai-evo-c2vmg-ultra-7-020vn,thegioididong,2026-09-21
thegioididong_337472,337472,,"Laptop Dell Inspiron 15 3530 - 71053721 (i7 1355U, 16GB, 512GB, Full HD 120Hz, OfficeH24+365, Win11)",Dell,laptop,24890000.0,26990000.0,2100000.0,7.0,5.0,858.0,https://www.thegioididong.com/laptop/dell-inspiron-15-3530-i7-71053721,thegioididong,2026-09-21
thegioididong_341621,341621,,"Laptop HP 15 fd1037TU - 9Z2W5PA (Core 7 150U, 16GB, 1TB, Full HD, Win11)",HP,laptop,24590000.0,,,,4.9,141.0,https://www.thegioididong.com/laptop/hp-15-fd1037tu-core-7-150u-9z2w5pa,thegioididong,2026-09-21
thegioididong_361538,361538,,"Laptop Dell 16 Plus DB16250 - X65NW7 (Ultra 7 256V, 16GB, 1TB, QHD+ 120Hz, OfficeH24+365, Win11)",Dell,laptop,41690000.0,42990000.0,1300000.0,3.0,5.0,64.0,https://www.thegioididong.com/laptop/dell-16-plus-db16250-ultra-7-256v-x65nw7,thegioididong,2026-09-21
thegioididong_364181,364181,,"Laptop Asus TUF Gaming A16 FA607NUQ - RL007W (R7 170, 16GB, 512GB, RTX 4050 6GB, Full HD+ 144Hz, Win11)",Asus,laptop,37390000.0,44490000.0,7100000.0,15.0,5.0,63.0,https://www.thegioididong.com/laptop/asus-tuf-gaming-a16-fa607nuq-r7-170-rl007w,thegioididong,2026-09-21
thegioididong_364414,364414,,"Laptop Asus Vivobook 14 M1407KA - LY849W (R5 AI 330, 16GB, 512GB, WUXGA, Win11)",Asus,laptop,22690000.0,24990000.0,2300000.0,9.0,5.0,83.0,https://www.thegioididong.com/laptop/asus-vivobook-14-m1407ka-r5-ai-330-ly849w,thegioididong,2026-09-21
thegioididong_357987,357987,,"Laptop Dell Inspiron 14 5440 - 71053697 (Core 5 120U, 16GB, 1TB, Full HD+, OfficeH24+365B, Win11)",Dell,laptop,27390000.0,27490000.0,100000.0,0.0,5.0,57.0,https://www.thegioididong.com/laptop/dell-inspiron-14-5440-core-5-120u-71053697,thegioididong,2026-09-21
thegioididong_362625,362625,,"Laptop Asus Zenbook 14 UM3406GA - QD075WS (R7 AI 445 ,16GB, 512GB, WUXGA OLED, OfficeH24+365, Win11)",Asus,laptop,30290000.0,32990000.0,2700000.0,8.0,5.0,169.0,https://www.thegioididong.com/laptop/asus-zenbook-14-um3406ga-r7-ai-445-qd075ws,thegioididong,2026-09-21
thegioididong_325244,325244,,"Laptop Dell Inspiron 14 5440 - N4I7204W1 (Core 7 150U, 16GB, 512GB, Full HD+, OfficeHS, Win11)",Dell,laptop,28390000.0,29890000.0,1500000.0,5.0,4.9,1295.0,https://www.thegioididong.com/laptop/dell-inspiron-14-5440-core-7-n4i7204w1,thegioididong,2026-09-21
thegioididong_369845,369845,,"Laptop HP OmniBook 7 14 fr0033TU - C1MN2PA (Ultra 5 225U, 16GB, 512GB, WUXGA, OfficeH24+365, Win11)",HP,laptop,27890000.0,28990000.0,1100000.0,4.0,,,https://www.thegioididong.com/laptop/hp-omnibook-7-14-fr0033tu-ultra-5-225u-c1mn2pa,thegioididong,2026-09-21
thegioididong_359471,359471,,"Laptop Lenovo V15 G5 IRL - 83HF00BYVN (i5 13420H, 16GB, 512GB, Full HD, Win11)",Lenovo,laptop,25090000.0,25690000.0,600000.0,2.0,5.0,150.0,https://www.thegioididong.com/laptop/lenovo-v15-g5-irl-i5-13420h-83hf00byvn,thegioididong,2026-09-21
thegioididong_364979,364979,,"Laptop Acer Gaming Aspire 7 A715-59G-79XF - NH.QX6SV.008 (Core 7 240H, 16GB, 512GB, RTX 3050 6GB, Full HD 144Hz, Win11)",Acer,laptop,30390000.0,32990000.0,2600000.0,7.0,5.0,25.0,https://www.thegioididong.com/laptop/acer-gaming-aspire-7-a715-59g-79xf-core-7-240h-nh-qx6sv-008,thegioididong,2026-09-21
thegioididong_365613,365613,,"Laptop HP 240R G10 - CC9B9PT (Core 7 150U, 16GB, 512GB, Full HD, Win11)",HP,laptop,27090000.0,29590000.0,2500000.0,8.0,5.0,56.0,https://www.thegioididong.com/laptop/hp-240r-g10-core-7-150u-cc9b9pt,thegioididong,2026-09-21
thegioididong_367683,367683,,"Laptop Lenovo IdeaPad Slim 3 16IPH11 - 83US002WVN (Ultra 7 355, 16GB, 512GB, WUXGA, Win11)",Lenovo,laptop,30390000.0,36990000.0,6600000.0,17.0,5.0,10.0,https://www.thegioididong.com/laptop/lenovo-ideapad-slim-3-16iph11-ultra-7-355-83us002wvn,thegioididong,2026-09-21
thegioididong_365625,365625,,"Laptop HP ProBook 4 G1iR 14 - C40JKAT (Core 5 120U, 16GB, 512GB, WUXGA, Win11)",HP,laptop,28390000.0,34590000.0,6200000.0,17.0,5.0,42.0,https://www.thegioididong.com/laptop/hp-probook-4-g1ir-14-core-5-120u-c40jkat,thegioididong,2026-09-21
thegioididong_365616,365616,,"Laptop HP EliteBook 6 G1a 14 - C0CG2PT (R7 AI 350, 16GB, 512GB, WUXGA, Win11)",HP,laptop,34390000.0,35890000.0,1500000.0,4.0,5.0,5.0,https://www.thegioididong.com/laptop/hp-elitebook-6-g1a-14-r7-ai-350-c0cg2pt,thegioididong,2026-09-21
thegioididong_341565,341565,,"Laptop Dell Gaming Alienware 16 Aurora AC16250 - 71072937 (Core 7 240H, 16GB, 1TB, RTX 5060 8GB, WQXGA 120Hz, OfficeH24+365, Win11)",Dell,laptop,45690000.0,46690000.0,1000000.0,2.0,5.0,43.0,https://www.thegioididong.com/laptop/dell-alienware-16-aurora-ac16250-core-7-240h-71072937,thegioididong,2026-09-21
thegioididong_358381,358381,,"Laptop Lenovo Gaming Legion 5 15IRX10 - 83LY00HRVN (i7 13650HX, 16GB, 512GB, RTX 5050 8GB, WUXGA 165Hz, OfficeH24, Win11)",Lenovo,laptop,47190000.0,,,,4.9,66.0,https://www.thegioididong.com/laptop/lenovo-gaming-legion-5-15irx10-i7-13650hx-83ly00hrvn,thegioididong,2026-09-21
thegioididong_366166,366166,,"Laptop Lenovo Gaming LOQ 15ARP10E - 83S0004FVN (R7 7735HS, 16GB, 512GB, RTX 4050 6GB, Full HD 144Hz, Win11)",Lenovo,laptop,36390000.0,,,,5.0,39.0,https://www.thegioididong.com/laptop/lenovo-gaming-loq-15arp10e-r7-7735hs-83s0004fvn,thegioididong,2026-09-21
thegioididong_366167,366167,,"Laptop Lenovo Gaming LOQ 15IRX9 - 83DV01H3VN (i7 13645HX, 16GB, 512GB, RTX 4050 6GB, Full HD 144Hz, Win11)",Lenovo,laptop,36390000.0,43990000.0,7600000.0,17.0,5.0,27.0,https://www.thegioididong.com/laptop/lenovo-gaming-loq-15irx9-i7-13645hx-83dv01h3vn,thegioididong,2026-09-21
thegioididong_334800,334800,,"Laptop Asus Zenbook A14 UX3407QA - QD299WS (X1 26 100, 16GB, 512GB, WUXGA OLED, OfficeH24+365, Win11)",Asus,laptop,29290000.0,31990000.0,2700000.0,8.0,5.0,283.0,https://www.thegioididong.com/laptop/asus-zenbook-a14-ux3407qa-x1-26-100-qd299ws,thegioididong,2026-09-21
thegioididong_358119,358119,,"Laptop HP OmniBook 7 14 fr0024TU - C1MN0PA (Ultra 7 255H, 32GB, 512GB, WUXGA, OfficeH24+365B, Win11)",HP,laptop,35690000.0,38190000.0,2500000.0,6.0,5.0,39.0,https://www.thegioididong.com/laptop/hp-omnibook-7-14-fr0024tu-ultra-7-255h-c1mn0pa,thegioididong,2026-09-21
thegioididong_364942,364942,,"Laptop Asus Vivobook 16 X1607CA - MB990W (Ultra 7 255H, 16GB, 512GB, WUXGA, Win11)",Asus,laptop,26090000.0,27990000.0,1900000.0,6.0,5.0,69.0,https://www.thegioididong.com/laptop/asus-vivobook-16-x1607ca-ultra-7-255h-mb990w,thegioididong,2026-09-21
thegioididong_342469,342469,,"Laptop Dell Inspiron 15 3530 - N5I7421W1 (i7 1355U, 16GB, 512GB,  Full HD 120Hz, OfficeHS24+365, Win11)",Dell,laptop,24890000.0,26990000.0,2100000.0,7.0,5.0,1343.0,https://www.thegioididong.com/laptop/dell-inspiron-15-3530-i7-1355u-n5i7421w1,thegioididong,2026-09-21
thegioididong_366165,366165,,"Laptop Lenovo IdeaPad Slim 3 15IPH11 - 83UR0075VN (Ultra 7 355, 16GB, 512GB, WUXGA, Win11)",Lenovo,laptop,30390000.0,36990000.0,6600000.0,17.0,5.0,12.0,https://www.thegioididong.com/laptop/lenovo-ideapad-slim-3-15iph11-ultra-7-355-83ur0075vn,thegioididong,2026-09-21
thegioididong_358072,358072,,"Laptop HP OmniBook 5 AI 16 af1052TU - C1MN6PA (Ultra 7 255U, 32GB, 512GB, WUXGA, Cảm ứng, OfficeH24, Win11)",HP,laptop,33190000.0,39990000.0,6800000.0,17.0,5.0,129.0,https://www.thegioididong.com/laptop/hp-omnibook-5-ai-16-af1052tu-ultra-7-255u-c1mn6pa,thegioididong,2026-09-21
thegioididong_362409,362409,,"Laptop Asus Vivobook 14 Flip TP3407SA - SG349W (Ultra 5 226V, 16GB, 512GB, WUXGA OLED, Cảm ứng, Win11)",Asus,laptop,27990000.0,30590000.0,2600000.0,8.0,5.0,137.0,https://www.thegioididong.com/laptop/asus-vivobook-14-flip-tp3407sa-ultra-5-226v-sg349w,thegioididong,2026-09-21
thegioididong_365614,365614,,"Laptop HP EliteBook 6 G1a 14 - C0CE1PT (R5 AI 340, 16GB, 512GB, WUXGA, Win11)",HP,laptop,31390000.0,32790000.0,1400000.0,4.0,5.0,8.0,https://www.thegioididong.com/laptop/hp-elitebook-6-g1a-14-r5-ai-340-c0ce1pt,thegioididong,2026-09-21
thegioididong_342521,342521,,"Laptop Lenovo Gaming Legion 5 15IRX10 - 83LY00HQVN (i7 13650HX, 16GB, 512GB, RTX 5060 8GB, WUXGA 165Hz, OfficeH24, Win11)",Lenovo,laptop,52690000.0,54490000.0,1800000.0,3.0,5.0,52.0,https://www.thegioididong.com/laptop/lenovo-gaming-legion-5-15irx10-i7-13650hx-83ly00hqvn,thegioididong,2026-09-21
thegioididong_367017,367017,,"Laptop Lenovo IdeaPad Slim 3 15IPH11 - 83UR00A5VN (Ultra 7 355, 16GB, 512GB, WUXGA, Win11)",Lenovo,laptop,30390000.0,36990000.0,6600000.0,17.0,5.0,13.0,https://www.thegioididong.com/laptop/lenovo-ideapad-slim-3-15iph11-ultra-7-355-83ur00a5vn,thegioididong,2026-09-21
thegioididong_332579,332579,,"Laptop Acer Gaming Nitro ProPanel ANV16 41 R6ZY - NH.QP2SV.002 (R5 8645HS, 16GB, 512GB, RTX 3050 6GB, WUXGA 165Hz, Win11)",Acer,laptop,30390000.0,30990000.0,600000.0,2.0,5.0,91.0,https://www.thegioididong.com/laptop/acer-nitro-v-16-propanel-anv16-41-r6zy-r5-nhqp2sv002,thegioididong,2026-09-21
thegioididong_364622,364622,,"Laptop Lenovo ThinkPad X1 Carbon Gen 13 - 21NS010CVN (Ultra 7 258V, 32GB, 1TB, 2.8K OLED 120Hz, Win11Pro)",Lenovo,laptop,69990000.0,,,,5.0,11.0,https://www.thegioididong.com/laptop/lenovo-thinkpad-x1-carbon-gen-13-ultra-7-258v-21ns010cvn,thegioididong,2026-09-21
thegioididong_337041,337041,,"Laptop HP Pavilion 16 af0052TU - AY8C1PA (Ultra 7 155U, 16GB, 1TB, WUXGA, OfficeHS+365, Win11)",HP,laptop,27790000.0,,,,5.0,505.0,https://www.thegioididong.com/laptop/hp-pavilion-16-af0052tu-ultra-7-ay8c1pa,thegioididong,2026-09-21
thegioididong_326049,326049,,"Laptop HP 245 G10 - A20TDPT (R5 7530U, 8GB, 512GB, Full HD, Win11)",HP,laptop,20390000.0,22190000.0,1800000.0,8.0,4.9,6859.0,https://www.thegioididong.com/laptop/hp-245-g10-r5-a20tdpt,thegioididong,2026-09-21
thegioididong_338312,338312,,"Laptop Dell Inspiron 14 5440 - N4I5211W1 (Core 5 120U, 16GB, 512GB, Full HD+, OfficeHS, Win11)",Dell,laptop,25390000.0,25990000.0,600000.0,2.0,5.0,391.0,https://www.thegioididong.com/laptop/dell-inspiron-14-5440-core-5-n4i5211w1,thegioididong,2026-09-21
thegioididong_364415,364415,,"Laptop Asus Vivobook S14 S3407CA - SF913W (Ultra 5 225H, 16GB, 512GB, WUXGA OLED, Win11)",Asus,laptop,28090000.0,,,,5.0,61.0,https://www.thegioididong.com/laptop/asus-vivobook-s14-s3407ca-ultra-5-225h-sf913w,thegioididong,2026-09-21
thegioididong_363902,363902,,"Laptop Lenovo V15 G5 IRL - 83HF00BVVN (i5 13420H, 8GB, 512GB, Full HD, Win11)",Lenovo,laptop,21690000.0,,,,5.0,44.0,https://www.thegioididong.com/laptop/lenovo-v15-g5-irl-i5-13420h-83hf00bvvn,thegioididong,2026-09-21
thegioididong_361729,361729,,"Laptop HP ProBook 4 G1q 14 - C40JQAT (X1 26 100, 16GB, 512GB, WUXGA, Win11)",HP,laptop,23690000.0,,,,5.0,24.0,https://www.thegioididong.com/laptop/hp-probook-4-g1q-14-x1-26-100-c40jqat,thegioididong,2026-09-21
thegioididong_362624,362624,,"Laptop Asus Vivobook S14 M3407GA - SF030W (R7 AI 445, 16GB, 512GB, WUXGA OLED, Win11)",Asus,laptop,29390000.0,30990000.0,1600000.0,5.0,5.0,51.0,https://www.thegioididong.com/laptop/asus-vivobook-s14-m3407ga-r7-ai-445-sf030w,thegioididong,2026-09-21
thegioididong_359302,359302,,"Laptop MSI Gaming Stealth A16 AI+ A3XWFG - 018VN (R9 AI HX 370, 32GB, 1TB, RTX 5060 8GB, QHD+ OLED, 240Hz, Win11)",MSI,laptop,65390000.0,65990000.0,600000.0,1.0,5.0,2.0,https://www.thegioididong.com/laptop/msi-gaming-stealth-a16-ai-a3xwfg-r9-ai-hx-370-018vn,thegioididong,2026-09-21
thegioididong_341269,341269,,"Laptop HP OmniBook UF 14 fh0097TU - BZ7S3PA (Ultra 7 258V, 32GB, 1TB, 2.8K OLED 120Hz, Cảm ứng, OfficeH24, Win11)",HP,laptop,56690000.0,59390000.0,2700000.0,5.0,5.0,26.0,https://www.thegioididong.com/laptop/hp-omnibook-uf-14-fh0097tu-ultra-7-258v-bz7s3pa,thegioididong,2026-09-21
thegioididong_363900,363900,,"Laptop Lenovo ThinkPad E14 Gen 7 - 21U2003JVN (Ultra 7 258V, 32GB, 512GB, WUXGA, Win11)",Lenovo,laptop,37990000.0,,,,5.0,151.0,https://www.thegioididong.com/laptop/lenovo-thinkpad-e14-gen-7-ultra-7-258v-21u2003jvn,thegioididong,2026-09-21
thegioididong_358798,358798,,"Laptop HP OmniBook 5 16 ag1066AU - BZ7S9PA (R7 Al 350, 16GB, 512GB, WUXGA, Cảm ứng, OfficeH24+365B, Win11)",HP,laptop,31490000.0,32290000.0,800000.0,2.0,5.0,24.0,https://www.thegioididong.com/laptop/hp-omnibook-5-16-ag1066au-r7-al-350-bz7s9pa,thegioididong,2026-09-21
thegioididong_325247,325247,,"Laptop Dell Inspiron 15 3530 - P16WD (i7 1355U, 16GB, 1TB, Full HD 120Hz, OfficeHS, Win11)",Dell,laptop,26890000.0,28490000.0,1600000.0,5.0,4.9,3336.0,https://www.thegioididong.com/laptop/dell-inspiron-15-3530-i7-p16wd,thegioididong,2026-09-21
thegioididong_342749,342749,,"Laptop Asus Vivobook S14 S3407VA - LY053W (i7 13620H, 16GB, 512GB, WUXGA, Win11)",Asus,laptop,24590000.0,25990000.0,1400000.0,5.0,5.0,264.0,https://www.thegioididong.com/laptop/asus-vivobook-s14-s3407va-i7-13620h-ly053w,thegioididong,2026-09-21
thegioididong_367377,367377,,"Laptop Acer Aspire Lite 15 AL15-53P-56QH - NX.DG3SV.001 (Core 5 120U, 8GB, 512GB, Full HD, Win11)",Acer,laptop,20090000.0,24990000.0,4900000.0,19.0,5.0,8.0,https://www.thegioididong.com/laptop/acer-aspire-lite-15-al15-53p-56qh-core-5-120u-nx-dg3sv-001,thegioididong,2026-09-21
thegioididong_359299,359299,,"Laptop MSI Gaming Katana 15 HX B14WFK - 294VN (i9 14900HX, 16GB, 512GB, RTX 5060 8GB, QHD, 165Hz, Win11)",MSI,laptop,46990000.0,,,,5.0,19.0,https://www.thegioididong.com/laptop/msi-gaming-katana-15-hx-b14wfk-i9-14900hx-294vn,thegioididong,2026-09-21
thegioididong_342721,342721,,"Laptop HP Gaming OMEN 16 am0127TX - BX8Y0PA (i9 14900HX, 32GB, 512GB, RTX 5070 8GB, WUXGA 165Hz, Win11)",HP,laptop,58390000.0,63390000.0,5000000.0,7.0,5.0,11.0,https://www.thegioididong.com/laptop/hp-gaming-omen-16-am0127tx-i9-14900hx-bx8y0pa,thegioididong,2026-09-21
thegioididong_361730,361730,,"Laptop HP ProBook 4 G1q 14 - C40JRAT (X1 26 100, 32GB, 512GB, WUXGA, Win11)",HP,laptop,27690000.0,,,,5.0,11.0,https://www.thegioididong.com/laptop/hp-probook-4-g1q-14-x1-26-100-c40jrat,thegioididong,2026-09-21
thegioididong_358794,358794,,"Laptop HP OmniBook 7 16 az0038TU - C2CX1PA (Core 5 210H, 24GB, 512GB, WUXGA, OfficeH24, Win11)",HP,laptop,28690000.0,31590000.0,2900000.0,9.0,5.0,19.0,https://www.thegioididong.com/laptop/hp-omnibook-7-16-az0038tu-core-5-210h-c2cx1pa,thegioididong,2026-09-21
thegioididong_368218,368218,,"Laptop Lenovo ThinkBook 14 G9 - 21V0005PVN (R7 250, 16GB, 512GB, WUXGA, Win11)",Lenovo,laptop,34790000.0,35290000.0,500000.0,1.0,5.0,14.0,https://www.thegioididong.com/laptop/lenovo-thinkbook-14-g9-r7-250-21v0005pvn,thegioididong,2026-09-21
thegioididong_369747,369747,,"Laptop Dell 14 DC14250 - DC14250-C7U161W11SLU-2Y (Core 7 150U, 16GB, 1TB, Full HD+ ,OfficeH24+365, Win11)",Dell,laptop,35690000.0,37990000.0,2300000.0,6.0,,,https://www.thegioididong.com/laptop/dell-14-dc14250-core-7-150u-dc14250-c7u161w11slu-2y,thegioididong,2026-09-21
thegioididong_345508,345508,,"Laptop HP EliteBook 6 G1i 13 - BQ9M6PT (Ultra 7 255U, 16GB, 512GB, WUXGA, Win11)",HP,laptop,37390000.0,38790000.0,1400000.0,4.0,5.0,52.0,https://www.thegioididong.com/laptop/hp-elitebook-6-g1i-13-ultra-7-255u-bq9m6p,thegioididong,2026-09-21
thegioididong_345500,345500,,"Laptop HP Probook 4 G1i 16 - BQ5D4PT (Ultra 5 225U, 16GB, 512GB, WUXGA, Win11)",HP,laptop,30890000.0,34590000.0,3700000.0,10.0,5.0,115.0,https://www.thegioididong.com/laptop/hp-probook-4-g1i-16-ultra-5-225u-bq5d4pt,thegioididong,2026-09-21
thegioididong_368217,368217,,"Laptop Lenovo Yoga 7 2in1 14IPH11 - 83TC002LVN (Ultra 5 322, 16GB, 512GB, WUXGA OLED, Cảm ứng, OfficeH24+365, Win11)",Lenovo,laptop,39190000.0,44990000.0,5800000.0,12.0,5.0,1.0,https://www.thegioididong.com/laptop/lenovo-yoga-7-2in1-14iph11-ultra-5-322-83tc002lvn,thegioididong,2026-09-21
thegioididong_325953,325953,,"Laptop Dell Inspiron 14 5440 - 7FN5J (Core 7 150U, 16GB, 1TB, Full HD+, OfficeHS, Win11)",Dell,laptop,29690000.0,31390000.0,1700000.0,5.0,5.0,1642.0,https://www.thegioididong.com/laptop/dell-inspiron-14-5440-core-7-7fn5j,thegioididong,2026-09-21
thegioididong_362023,362023,,"Laptop Dell 16 DC16251 - DC6C7557W1 (Core 7 150U, 16GB, 1TB, Full HD+, OfficeH24+365, Win11)",Dell,laptop,34690000.0,35990000.0,1300000.0,4.0,5.0,33.0,https://www.thegioididong.com/laptop/dell-16-dc16251-core-7-150u-dc6c7557w1,thegioididong,2026-09-21
thegioididong_367012,367012,,"Laptop Lenovo IdeaPad 5 2in1 14IPH11 - 83UG0026VN (Ultra 5 322, 16GB, 512GB, WUXGA, Cảm ứng, Win11)",Lenovo,laptop,31390000.0,,,,5.0,7.0,https://www.thegioididong.com/laptop/lenovo-ideapad-5-2in1-14iph11-ultra-5-322-83ug0026vn,thegioididong,2026-09-21
thegioididong_368223,368223,,"Laptop HP OmniBook X Flip 14 fk0082AU - BZ7N8PA (R7 AI 350, 32GB, 1TB, 2K, Cảm ứng, OfficeH24+365, Win11)",HP,laptop,40590000.0,40890000.0,300000.0,1.0,5.0,24.0,https://www.thegioididong.com/laptop/hp-omnibook-x-flip-14-fk0082au-r7-ai-350-bz7n8pa,thegioididong,2026-09-21
thegioididong_340559,340559,,"Laptop Dell Inspiron 15 3530 - N3530-i7U161W11SLU (i7 1355U, 16GB, 1TB, Full HD 120Hz, OfficeH24+365, Win11)",Dell,laptop,26890000.0,28490000.0,1600000.0,5.0,5.0,1036.0,https://www.thegioididong.com/laptop/dell-inspiron-15-3530-i7-n3530-i7u161w11slu,thegioididong,2026-09-21
thegioididong_337471,337471,,"Laptop Dell Inspiron 15 3530 - 71053696 (i5 1334U, 16GB, 512GB, Full HD 120Hz, OfficeH24+365, KYHD, Win11)",Dell,laptop,22390000.0,24490000.0,2100000.0,8.0,5.0,701.0,https://www.thegioididong.com/laptop/dell-inspiron-15-3530-i5-71053696,thegioididong,2026-09-21
thegioididong_365312,365312,,"Laptop Dell 16 DC16250 - DC16250-C7U161W11BLU-27 (Core 7 150U, 16GB, 1TB, Full HD+, OfficeHS24+365, Win11)",Dell,laptop,34690000.0,35990000.0,1300000.0,4.0,5.0,19.0,https://www.thegioididong.com/laptop/dell-16-dc16250-core-7-150u-dc16250-c7u161w11blu-27,thegioididong,2026-09-21
thegioididong_337042,337042,,"Laptop HP Pavilion 16 af0053TU - AY8C2PA (Ultra 7 155U, 16GB, 512GB, WUXGA, OfficeHS+365, Win11)",HP,laptop,26790000.0,,,,5.0,922.0,https://www.thegioididong.com/laptop/hp-pavilion-16-af0053tu-ultra-7-ay8c2pa,thegioididong,2026-09-21
thegioididong_369450,369450,,"Laptop Asus Vivobook 16 X1607CA - MB387W (Ultra 5 225H, 16GB, 512GB, WUXGA, Win11)",Asus,laptop,25990000.0,33490000.0,7500000.0,22.0,,,https://www.thegioididong.com/laptop/asus-vivobook-16-x1607ca-ultra-5-225h-mb387w,thegioididong,2026-09-21
thegioididong_367374,367374,,"Laptop Acer Aspire Lite 14 AL14-45P-R7Z3 - NX.DPESV.002 (R3 5400U, 8GB, 512GB, Full HD+, Win11)",Acer,laptop,16890000.0,17990000.0,1100000.0,6.0,5.0,263.0,https://www.thegioididong.com/laptop/acer-aspire-lite-14-al14-45p-r7z3-r3-5400u-nx-dpesv-002,thegioididong,2026-09-21
thegioididong_341573,341573,,"Laptop MSI Gaming Stealth A16 Mercedes AMG AI+ A3XWGG - 032VN (R9 AI HX 370, 32GB, 2TB, RTX 5070 8GB, QHD+ OLED 240Hz, Win11)",MSI,laptop,79990000.0,,,,5.0,1.0,https://www.thegioididong.com/laptop/msi-stealth-a16-mercedes-amg-ai-a3xwgg-r9-ai-hx-370-032vn,thegioididong,2026-09-21
thegioididong_363896,363896,,"Laptop Lenovo ThinkPad X1 Carbon Gen 13 - 21NS010EVN (Ultra 5 226V, 16GB, 1TB, 2.8K OLED 120Hz, Win11Pro)",Lenovo,laptop,62790000.0,,,,5.0,2.0,https://www.thegioididong.com/laptop/lenovo-thinkpad-x1-carbon-gen-13-ultra-5-226v-21ns010evn,thegioididong,2026-09-21
thegioididong_370357,370357,,"Laptop Lenovo Yoga Slim 7 Ultra 14IPH11 - 83QK006GVN (Ultra 7 355, 32GB, 1TB, WQXGA+ 120Hz, Cảm ứng, OfficeH24+365, Win11)",Lenovo,laptop,65690000.0,66990000.0,1300000.0,2.0,,,https://www.thegioididong.com/laptop/lenovo-yoga-slim-7-ultra-14iph11-ultra-7-355-83qk006gvn,thegioididong,2026-09-21
thegioididong_331522,331522,,"Laptop HP Elitebook X360 830 G11 - A7RB9PT (Ultra 5 135U, 16GB, 512GB, WUXGA, Cảm ứng, Win11 Pro)",HP,laptop,45090000.0,46190000.0,1100000.0,2.0,5.0,6.0,https://www.thegioididong.com/laptop/hp-elitebook-x360-830-g11-ultra-5-a7rb9pt,thegioididong,2026-09-21
thegioididong_368213,368213,,"Laptop Lenovo IdeaPad Slim 5 14IPH11 - 83S5004FVN (Ultra 7 355, 16GB, 512GB, WUXGA OLED, Win11)",Lenovo,laptop,36390000.0,37990000.0,1600000.0,4.0,5.0,7.0,https://www.thegioididong.com/laptop/lenovo-ideapad-slim-5-14iph11-ultra-7-355-83s5004fvn,thegioididong,2026-09-21
thegioididong_368225,368225,,"Laptop HP HyperX Omen 15 ga0091TX - D72D7PA (i5 14450HX, 16GB, 512GB, RTX 5060 8GB, WUXGA 165Hz, Win11)",HP,laptop,49990000.0,,,,,,https://www.thegioididong.com/laptop/hp-hyperx-omen-15-ga0091tx-i5-14450h-d72d7pa,thegioididong,2026-09-21
thegioididong_367019,367019,,"Laptop Lenovo Yoga Slim 7 OLED 14IPH11 - 83QM002FVN (Ultra 7 355, 32GB, 1TB, WUXGA OLED, OfficeH24+365, Win11)",Lenovo,laptop,55190000.0,64990000.0,9800000.0,15.0,5.0,3.0,https://www.thegioididong.com/laptop/lenovo-yoga-slim-7-oled-14iph11-ultra-7-355,thegioididong,2026-09-21
thegioididong_358081,358081,,"Laptop HP OmniBook 7 16 az0040TU - C2DR3PA (Core 9 270H, 32GB, 512GB, WUXGA, OfficeH24+365, Win11)",HP,laptop,40590000.0,42490000.0,1900000.0,4.0,5.0,13.0,https://www.thegioididong.com/laptop/hp-omnibook-7-16-az0040tu-core-9-270h-c2dr3pa,thegioididong,2026-09-21
thegioididong_339558,339558,,"Laptop HP EliteBook X G1a 14 AI - B9FE4PT (R9 AI HX PRO 375, 32GB, 1TB, 2.8K OLED 120Hz, Cảm ứng, Win11 Pro)",HP,laptop,60990000.0,62290000.0,1300000.0,2.0,5.0,3.0,https://www.thegioididong.com/laptop/hp-elitebook-x-g1a-14-ai-r9-ai-hx-pro-375-b9fe4pt,thegioididong,2026-09-21
thegioididong_327098,327098,,"Laptop HP 15 fc0085AU - A6VV8PA (R5 7430U, 16GB, 512GB, Full HD, Win11)",HP,laptop,22390000.0,24290000.0,1900000.0,7.0,4.9,20182.0,https://www.thegioididong.com/laptop/hp-15-fc0085au-r5-a6vv8pa,thegioididong,2026-09-21
thegioididong_368224,368224,,"Laptop HP Gaming HyperX Omen 15 ga0092TX - D72D8PA (i5 14450HX, 16GB, 512GB, RTX 5050 8GB, WUXGA 165Hz, Win11)",HP,laptop,46990000.0,,,,,,https://www.thegioididong.com/laptop/hp-gaming-hyperx-omen-15-ga0092tx-i5-14450hx-d72d8pa,thegioididong,2026-09-21
thegioididong_337040,337040,,"Laptop HP Elitebook Ultra G1q - B4PY1PT (X1E 78 100, 32GB, 1TB, 2.2K, Cảm ứng, Win11 Pro)",HP,laptop,50190000.0,51390000.0,1200000.0,2.0,5.0,4.0,https://www.thegioididong.com/laptop/hp-elitebook-ultra-g1q-x1e-78-100-b4py1pt,thegioididong,2026-09-21
thegioididong_367685,367685,,"Laptop Lenovo IdeaPad Slim 3 14IPH11 - 83UQ003PVN (Ultra 7 355, 16GB, 512GB, WUXGA, Win11)",Lenovo,laptop,30390000.0,36990000.0,6600000.0,17.0,5.0,1.0,https://www.thegioididong.com/laptop/lenovo-ideapad-slim-3-14iph11-ultra-7-355-83uq003pvn,thegioididong,2026-09-21
thegioididong_364621,364621,,"Laptop Lenovo ThinkPad X1 Carbon Gen 13 - 21NS010JVN (Ultra 7 258V, 32GB, 1TB, 2.8K OLED 120Hz, Win11Pro)",Lenovo,laptop,70190000.0,,,,5.0,4.0,https://www.thegioididong.com/laptop/lenovo-thinkpad-x1-carbon-gen-13-ultra-7-258v-21ns010jvn,thegioididong,2026-09-21
thegioididong_364403,364403,,"Laptop Asus Zenbook 14 UX3405CA - ST629W (Ultra 7 255H, 32GB, 512GB, 3K OLED 120Hz, Win11)",Asus,laptop,36990000.0,38690000.0,1700000.0,4.0,5.0,62.0,https://www.thegioididong.com/laptop/asus-zenbook-14-ux3405ca-ultra-7-255h-st629w,thegioididong,2026-09-21
thegioididong_363488,363488,,Laptop MacBook Pro 14 inch M5 Pro 24GB/1TB 70W,MacBook,laptop,67490000.0,68990000.0,1500000.0,2.0,5.0,273.0,https://www.thegioididong.com/laptop/macbook-pro-14-inch-m5-pro-24gb-1tb,thegioididong,2026-09-21
thegioididong_371299,371299,,"Laptop Asus Vivobook 16 X1607CA - MB399W (Ultra 7 255H, 16GB, 512GB, WUXGA, Win11)",Asus,laptop,28090000.0,36490000.0,8400000.0,23.0,,,https://www.thegioididong.com/laptop/asus-vivobook-16-x1607ca-ultra-7-255h-mb399w,thegioididong,2026-09-21
thegioididong_364416,364416,,"Laptop Asus Vivobook S14 S3407CA - SF923W (Ultra 7 255H, 16GB, 512GB, WUXGA, Win11)",Asus,laptop,30290000.0,31990000.0,1700000.0,5.0,5.0,26.0,https://www.thegioididong.com/laptop/asus-vivobook-s14-s3407ca-ultra-7-255h-sf923w?utm_flashsale=1,thegioididong,2026-09-21
thegioididong_369469,369469,,"Laptop Asus Vivobook S 16 S3607VA - RP155W (Core 5 210H, 16GB, 512GB, Full HD+ 144Hz, Win11)",Asus,laptop,28390000.0,34990000.0,6600000.0,18.0,,,https://www.thegioididong.com/laptop/asus-vivobook-s-16-s3607va-core-5-210h-rp155w,thegioididong,2026-09-21
thegioididong_364489,364489,,"Laptop Asus TUF Gaming F16 FX608JMI - TU241W (i7 14650HX, 16GB, 512GB, RTX 5060 8GB, Full HD+ 144Hz, Win11)",Asus,laptop,43890000.0,44990000.0,1100000.0,2.0,5.0,2.0,https://www.thegioididong.com/laptop/asus-tuf-gaming-f16-fx608jmi-i7-14650hx-tu241w,thegioididong,2026-09-21
thegioididong_369984,369984,,"Laptop MSI Cyborg 15 Black Edition A13VEO - 2608VN (i7 13620H, 16GB, 512GB, RTX 4050 6GB, Full HD 144Hz, Win11)",MSI,laptop,31990000.0,33990000.0,2000000.0,5.0,,,https://www.thegioididong.com/laptop/msi-cyborg-15-black-edition-a13veo-i7-13620h-2608vn,thegioididong,2026-09-21
thegioididong_364941,364941,,"Laptop Asus Vivobook S14 M3407HA - SF480W (R5 220, 16GB, 512GB, WUXGA OLED, Win11)",Asus,laptop,24090000.0,25490000.0,1400000.0,5.0,5.0,66.0,https://www.thegioididong.com/laptop/asus-vivobook-s14-m3407ha-r5-220-sf480w,thegioididong,2026-09-21
thegioididong_367892,367892,,"Laptop Asus Vivobook 14 X1404MA - EB219W (Core 5 320, 8GB, 512GB, Full HD, Win11)",Asus,laptop,21090000.0,26990000.0,5900000.0,21.0,5.0,6.0,https://www.thegioididong.com/laptop/asus-vivobook-14-x1404ma-core-5-320-eb219w,thegioididong,2026-09-21
thegioididong_371296,371296,,"Laptop Asus TUF Gaming A15 FA506NCG - HN390W (R7 155, 16GB, 512GB, RTX 3050 4GB, Full HD 144Hz, Win11)",Asus,laptop,28890000.0,37490000.0,8600000.0,22.0,,,https://www.thegioididong.com/laptop/asus-tuf-gaming-a15-fa506ncg-r7-155-hn390w,thegioididong,2026-09-21
thegioididong_369746,369746,,"Laptop Dell 14 DC14250 - DC14250-C3U085W11SLU-2Y (Core 3 100U, 8GB, 512GB, Full HD+, OfficeH24+365, Win11)",Dell,laptop,21890000.0,22590000.0,700000.0,3.0,,,https://www.thegioididong.com/laptop/dell-14-dc14250-core-3-100u-dc14250-c3u085w11slu-2y,thegioididong,2026-09-21
thegioididong_368147,368147,,"Laptop Asus Vivobook 15 X1504MA - BQ385W (Core 5 320, 16GB, 512GB, Full HD, Win11)",Asus,laptop,25390000.0,31990000.0,6600000.0,20.0,5.0,3.0,https://www.thegioididong.com/laptop/asus-vivobook-15-x1504ma-core-5-320-bq385w,thegioididong,2026-09-21
thegioididong_367898,367898,,"Laptop Asus Vivobook 15 X1504MA - BQ632W (Core 5 320, 8GB, 512GB, Full HD, Win11)",Asus,laptop,21090000.0,26990000.0,5900000.0,21.0,5.0,15.0,https://www.thegioididong.com/laptop/asus-vivobook-15-x1504ma-core-5-320-bq632w,thegioididong,2026-09-21
thegioididong_369755,369755,,"Laptop Asus Gaming V16 V3607VJ Core 5 - TK189W (Core 5 210H, 16GB, 512GB, RTX 3050 6GB, WUXGA 144Hz, Win11)",Asus,laptop,27390000.0,36990000.0,9600000.0,25.0,,,https://www.thegioididong.com/laptop/asus-gaming-v16-v3607vj-core-5-core-5-210h-tk189w,thegioididong,2026-09-21
thegioididong_368302,368302,,"Laptop Asus Vivobook Go 14 E1404FA - EB012W (R5 40, 8GB, 512GB, Full HD, Win11)",Asus,laptop,19890000.0,22990000.0,3100000.0,13.0,5.0,206.0,https://www.thegioididong.com/laptop/asus-vivobook-go-14-e1404fa-r5-40-eb012w,thegioididong,2026-09-21
thegioididong_370862,370862,,"Laptop Acer Aspire Lite 15 AL15-410P-R1W8 - NX.X0RSV.001 (Ryzen 5 3500U, 8GB, 512GB, Full HD, Win11)",Acer,laptop,19090000.0,20990000.0,1900000.0,9.0,,,https://www.thegioididong.com/laptop/acer-aspire-lite-15-al15-410p-r1w8-ryzen-5-3500u-nx-x0rsv-001,thegioididong,2026-09-21
thegioididong_371300,371300,,"Laptop Asus TUF Gaming A15 FA506NCG - HN396W (R7 155, 8GB, 512GB, RTX 3050 4GB, Full HD 144Hz, Win11)",Asus,laptop,25890000.0,32990000.0,7100000.0,21.0,,,https://www.thegioididong.com/laptop/asus-tuf-gaming-a15-fa506ncg-r7-155-hn396w,thegioididong,2026-09-21
thegioididong_365309,365309,,"Laptop Dell 14 DC14250 - DC14250-C7U161W11SLU-27 (Core 7 150U, 16GB, 1TB, Full HD+, OfficeHS24+365, Win11)",Dell,laptop,32690000.0,,,,5.0,42.0,https://www.thegioididong.com/laptop/dell-14-dc14250-core-7-150u-dc14250-c7u161w11slu-27,thegioididong,2026-09-21
thegioididong_369463,369463,,"Laptop Asus ExpertBook P5 P5405CSA - NZ1371W (Ultra 7 258V, 32GB, 512GB, WQXGA 144Hz, Win11)",Asus,laptop,38890000.0,39490000.0,600000.0,2.0,,,https://www.thegioididong.com/laptop/asus-expertbook-p5-p5405csa-ultra-7-258v-nz1371w,thegioididong,2026-09-21
thegioididong_368300,368300,,"Laptop Asus Vivobook S14 S3407VA - LY256W (Core 7 240H, 16GB, 512GB, WUXGA OLED, Win11)",Asus,laptop,28090000.0,29990000.0,1900000.0,6.0,5.0,9.0,https://www.thegioididong.com/laptop/asus-vivobook-s14-s3407va-core-7-240h-ly256w,thegioididong,2026-09-21
thegioididong_367899,367899,,"Laptop Asus Vivobook 15 X1504MA - BQ633W (Core 7 350, 8GB, 512GB, Full HD, Win11)",Asus,laptop,25390000.0,30490000.0,5100000.0,16.0,,,https://www.thegioididong.com/laptop/asus-vivobook-15-x1504ma-core-7-350-bq633w,thegioididong,2026-09-21
thegioididong_351616,351616,,"Laptop Asus Vivobook S14 M3407KA - SF034WS (R5 AI 330, 16GB, 512GB, WUXGA OLED, OfficeH24+365, Win11)",Asus,laptop,24890000.0,24990000.0,100000.0,0.0,5.0,115.0,https://www.thegioididong.com/laptop/asus-vivobook-s14-m3407ka-r5-ai-330-sf034ws,thegioididong,2026-09-21
thegioididong_369748,369748,,"Laptop Dell 15 DC15250 - DC5C3851W1-2Y (Core 3 100U, 8GB, 512GB, Full HD 120Hz, OfficeH24+365, Win11)",Dell,laptop,21890000.0,22590000.0,700000.0,3.0,,,https://www.thegioididong.com/laptop/dell-15-dc15250-core-3-100u-dc5c3851w1-2y,thegioididong,2026-09-21
thegioididong_371075,371075,,"Laptop Asus Gaming V16 V3607VU - TK416W (Core 5 210H, 16GB, 512GB, RTX 4050 6GB, WUXGA 144Hz, Win11)",Asus,laptop,34390000.0,41990000.0,7600000.0,18.0,,,https://www.thegioididong.com/laptop/asus-gaming-v16-v3607vu-core-5-210h-tk416w,thegioididong,2026-09-21
thegioididong_369985,369985,,"Laptop MSI Cyborg 15 Black Edition A13VEO - 2610VN (i5 13420H, 16GB, 512GB, RTX 4050 6GB, Full HD 144Hz, Win11)",MSI,laptop,29990000.0,31990000.0,2000000.0,6.0,,,https://www.thegioididong.com/laptop/msi-cyborg-15-black-edition-a13veo-i5-13420h-2610vn,thegioididong,2026-09-21
thegioididong_369449,369449,,"Laptop Asus Vivobook 14 X1404MA - EB028W (Core 5 320, 16GB, 512GB, Full HD, Win11)",Asus,laptop,25390000.0,31990000.0,6600000.0,20.0,,,https://www.thegioididong.com/laptop/asus-vivobook-14-x1404ma-core-5-320-eb028w,thegioididong,2026-09-21
thegioididong_368148,368148,,"Laptop Asus Vivobook 15 X1504MA - BQ395W (Core 7 350, 16GB, 512GB, Full HD, Win11)",Asus,laptop,29390000.0,35490000.0,6100000.0,17.0,5.0,2.0,https://www.thegioididong.com/laptop/asus-vivobook-15-x1504ma-core-7-350-bq395w,thegioididong,2026-09-21
thegioididong_368658,368658,,"Laptop Acer Aspire Lite 15 AL15-44P-R4UH - NX.DJVSV.002 (R7 7730U, 16GB, 512GB, Full HD, Win11)",Acer,laptop,23090000.0,23990000.0,900000.0,4.0,5.0,4.0,https://www.thegioididong.com/laptop/acer-aspire-lite-15-al15-44p-r4uh-r7-7730u-nx-djvsv-002,thegioididong,2026-09-21
thegioididong_364409,364409,,"Laptop Asus Gaming ROG Strix G16 G614PH - S5101W (R9 8940HX, 16GB, 512GB, RTX 5050 8GB, WQXGA 240Hz, Win11)",Asus,laptop,47990000.0,,,,5.0,22.0,https://www.thegioididong.com/laptop/asus-gaming-rog-strix-g16-g614ph-r9-8940hx-s5101w,thegioididong,2026-09-21
thegioididong_366826,366826,,"Laptop ASUS Vivobook 14 X1407AA - LY360W (Ultra 5 325, 16GB, 512GB, WUXGA, Win11)",Asus,laptop,25490000.0,26990000.0,1500000.0,5.0,5.0,16.0,https://www.thegioididong.com/laptop/asus-vivobook-14-x1407aa-ultra-5-325-ly360w,thegioididong,2026-09-21
thegioididong_358371,358371,,"Laptop Lenovo Gaming LOQ 15IRX10 - 83JE00PEVN (i7 13650HX, 16GB, 512GB, RTX 5050 8GB, Full HD 144Hz, Win11)",Lenovo,laptop,41390000.0,,,,5.0,9.0,https://www.thegioididong.com/laptop/lenovo-gaming-loq-15irx10-i7-13650hx-83je00pevn,thegioididong,2026-09-21
thegioididong_369464,369464,,"Laptop Asus ExpertBook P5 P5405CSA - NZ1368W (Ultra 5 226V, 16GB, 512GB, WQXGA 144Hz, Win11)",Asus,laptop,31490000.0,31990000.0,500000.0,2.0,,,https://www.thegioididong.com/laptop/asus-expertbook-p5-p5405csa-ultra-5-226v-nz1368w,thegioididong,2026-09-21
thegioididong_369213,369213,,"Laptop MSI Gaming Cyborg 15 C13WEO-417VN (i7 13620H, 16GB, 512GB, RTX 5050 8GB, Full HD 144Hz, Win11)",MSI,laptop,35990000.0,36990000.0,1000000.0,3.0,,,https://www.thegioididong.com/laptop/msi-gaming-cyborg-15-c13weo-417vn-i7-13620h,thegioididong,2026-09-21
thegioididong_368219,368219,,"Laptop Lenovo V14 G5 - 83HD0035VN (Core7 240H, 16G, 512GB, Full HD, Win11)",Lenovo,laptop,32690000.0,,,,,,https://www.thegioididong.com/laptop/lenovo-v14-g5-core7-240h-83hd0035vn,thegioididong,2026-09-21
thegioididong_368149,368149,,"Laptop Asus Gaming ROG Strix G16 G614PM - TS147W (R9 8940HX, 16GB, 512GB, RTX 5060 8GB, WQXGA 300Hz, Win11)",Asus,laptop,56390000.0,57990000.0,1600000.0,3.0,5.0,9.0,https://www.thegioididong.com/laptop/asus-gaming-rog-strix-g16-g614pm-r9-8940hx-ts147w,thegioididong,2026-09-21
thegioididong_365113,365113,,"Laptop Asus TUF Gaming FX608JHI - TU209W (i7 14650HX, 16GB, 512GB, RTX5050 8GB, Full HD+ 144Hz, Win11)",Asus,laptop,44390000.0,49990000.0,5600000.0,11.0,5.0,22.0,https://www.thegioididong.com/laptop/asus-tuf-gaming-fx608jhi-i7-14650hx-tu209w,thegioididong,2026-09-21
thegioididong_362022,362022,,"Laptop Dell 16 Plus DB16250 - DB6U5387W1 (Ultra 5 226V, 16GB, 1TB, WQXGA, OfficeH24+365, Win11)",Dell,laptop,36990000.0,37990000.0,1000000.0,3.0,5.0,15.0,https://www.thegioididong.com/laptop/dell-16-plus-db16250-ultra-5-226v-db6u5387w1,thegioididong,2026-09-21
thegioididong_345504,345504,,"Laptop HP Probook 4 G1i 16 - BQ5E4PT (Ultra 7 255H, 16GB, 512GB, WUXGA, Win11)",HP,laptop,34390000.0,38190000.0,3800000.0,9.0,5.0,1.0,https://www.thegioididong.com/laptop/hp-probook-4-g1i-16-ultra-7-255h-bq5e4pt,thegioididong,2026-09-21
thegioididong_369467,369467,,"Laptop Asus ExpertBook P5 P5406CCA - SF0045W (Ultra 5 225H, 16GB, 512GB, WUXGA, Win11)",Asus,laptop,32390000.0,33990000.0,1600000.0,5.0,,,https://www.thegioididong.com/laptop/asus-expertbook-ultra-p5-p5406cca-ultra-5-225h-sf0045w,thegioididong,2026-09-21
thegioididong_367863,367863,,"Laptop GIGABYTE Gaming A16 - 3VHK3VN893SH (R7 260, 16GB, 512GB, RTX 5060 8GB, Full HD+ 165Hz, Win11)",GIGABYTE,laptop,38890000.0,40990000.0,2100000.0,5.0,,,https://www.thegioididong.com/laptop/gigabyte-gaming-a16-r7-260-a16-3vhk3vn893sh,thegioididong,2026-09-21
thegioididong_367862,367862,,"Laptop GIGABYTE Gaming A16 - 3THK3VN893SH (R7 260, 16GB, 512GB, RTX 5050 8GB, Full HD+ 165Hz, Win11)",GIGABYTE,laptop,36890000.0,38990000.0,2100000.0,5.0,5.0,14.0,https://www.thegioididong.com/laptop/gigabyte-gaming-a16-r7-260-a16-3thk3vn893sh,thegioididong,2026-09-21
thegioididong_367682,367682,,"Laptop Lenovo IdeaPad Slim 3 16IPH11 - 83US002TVN (Ultra 5 322, 24GB, 512GB, WUXGA, Win11)",Lenovo,laptop,29890000.0,32490000.0,2600000.0,8.0,5.0,1.0,https://www.thegioididong.com/laptop/lenovo-ideapad-slim-3-16iph11-ultra-5-322-83us002tvn,thegioididong,2026-09-21
thegioididong_365307,365307,,"Laptop Dell 16 DC16250 - 71092481 (Core 5 120U, 16GB, 1TB, Full HD+, OfficeHS24+365, Win11)",Dell,laptop,28390000.0,28490000.0,100000.0,0.0,5.0,17.0,https://www.thegioididong.com/laptop/dell-16-dc16250-core-5-120u-71092481,thegioididong,2026-09-21
thegioididong_365302,365302,,"Laptop Dell 14 DC14255 - 71092477 (R7 350, 16GB, 1TB, Full HD+, OfficeHS24+365B, Win11)",Dell,laptop,32190000.0,33190000.0,1000000.0,3.0,5.0,7.0,https://www.thegioididong.com/laptop/dell-14-dc14255-r7-350-71092477,thegioididong,2026-09-21
thegioididong_364490,364490,,"Laptop Asus TUF Gaming A16 FA608UM - RV266W (R7 260, 16GB, 512GB, RTX5060 8GB, Full HD+ 165Hz, Win11)",Asus,laptop,44990000.0,,,,5.0,7.0,https://www.thegioididong.com/laptop/asus-tuf-gaming-a16-fa608um-r7-260-rv266w,thegioididong,2026-09-21
thegioididong_370280,370280,,"Laptop Acer Gaming Nitro ProPanel ANV15-52-78MD - NH.QZ9SV.007 (Core 7 240H, 16GB, 512GB, RTX 5050 8GB, Full HD 180Hz, Win11)",Acer,laptop,42390000.0,43990000.0,1600000.0,4.0,,,https://www.thegioididong.com/laptop/acer-gaming-nitro-propanel-anv15-52-78md-core-7-240h-nh-qz9sv-007,thegioididong,2026-09-21
thegioididong_370863,370863,,"Laptop Acer Aspire Lite 14 AL14-47P-R0TR - NX.X0PSV.002 (Ryzen 5 3500U, 8GB, 512GB, Full HD, Win11)",Acer,laptop,19090000.0,20990000.0,1900000.0,9.0,,,https://www.thegioididong.com/laptop/acer-aspire-lite-14-al14-47p-r0tr-ryzen-5-3500u-nx-x0psv-002,thegioididong,2026-09-21
thegioididong_367864,367864,,"Laptop GIGABYTE Gaming AERO X16 - 1VH93VNC94AH (R7 AI 350, 16GB, 1TB, RTX 5060 8GB, WQXGA 165Hz, Win11)",GIGABYTE,laptop,43990000.0,44990000.0,1000000.0,2.0,,,https://www.thegioididong.com/laptop/gigabyte-gaming-aero-x16-r7-ai-350-aero-x16-1vh93vnc94ah,thegioididong,2026-09-21
thegioididong_369461,369461,,"Laptop Asus ExpertBook Ultra B9 B9406CAA - X7321TW (Ultra X7 358H, 32GB, 1TB, WQXGA+ OLED 120Hz, Win11)",Asus,laptop,67390000.0,68000000.0,610000.0,1.0,,,https://www.thegioididong.com/laptop/asus-expertbook-ultra-b9-b9406caa-x7321tw-ultra-x7-358h-32gb-1tb-wqxga-oled-120hz-win11,thegioididong,2026-09-21
thegioididong_368651,368651,,"Laptop Acer Gaming Nitro ProPanel ANV16S-71-58WQ - NH.QXBSV.001 (Core 5 210H, 16GB, 512GB, RTX 5050 8GB, 2K+ 180Hz, Win11)",Acer,laptop,46390000.0,46990000.0,600000.0,1.0,,,https://www.thegioididong.com/laptop/acer-gaming-nitro-propanel-anv16s-71-58wq-core-5-210h-nh-qxbsv-001,thegioididong,2026-09-21
thegioididong_368216,368216,,"Laptop Lenovo Yoga 7 2in1 14IPH11 - 83TC002MVN (Ultra 7 355, 32GB, 512GB, WUXGA OLED, Cảm ứng, OfficeH24+365, Win11)",Lenovo,laptop,56690000.0,64990000.0,8300000.0,12.0,,,https://www.thegioididong.com/laptop/lenovo-yoga-7-2in1-14iph11-ultra-7-355-83tc002mvn,thegioididong,2026-09-21
thegioididong_368212,368212,,"Laptop Lenovo ThinkPad X9 14 Gen 1 - 21QA006JVN (Ultra 7 258V, 32GB, 512GB, WUXGA OLED, Win11Pro)",Lenovo,laptop,55190000.0,,,,5.0,1.0,https://www.thegioididong.com/laptop/lenovo-thinkpad-x9-14-gen-1-ultra-7-258v-21qa006jvn,thegioididong,2026-09-21
thegioididong_368150,368150,,"Laptop Asus Gaming ROG Strix G16 G614PR - TS103W (R9 8940HX, 16GB, 512GB, RTX 5070Ti 12GB, WQXGA 300Hz, Win11)",Asus,laptop,71990000.0,,,,,,https://www.thegioididong.com/laptop/asus-gaming-rog-strix-g16-g614pr-r9-8940hx-ts103w,thegioididong,2026-09-21
thegioididong_367348,367348,,"Laptop Dell Pro 14 PC14250 - PC14250-255U-32512WH-2Y (Ultra 7 255U, 32GB, 512GB, Full HD+, Win11)",Dell,laptop,55690000.0,56690000.0,1000000.0,2.0,5.0,1.0,https://www.thegioididong.com/laptop/dell-pro-14-pc14250-ultra-7-255u-pc14250-255u-32512wh-2y,thegioididong,2026-09-21
thegioididong_367015,367015,,"Laptop Lenovo Gaming Legion 5 15IPH11 - 83RW0023VN (Ultra 7 356H, 16GB, 512GB, RTX 5060 8GB, WQXGA OLED 165Hz, OfficeH24, Win11)",Lenovo,laptop,61690000.0,64990000.0,3300000.0,5.0,5.0,3.0,https://www.thegioididong.com/laptop/lenovo-gaming-legion-5-15iph11-ultra-7-356h-83rw0023vn,thegioididong,2026-09-21
thegioididong_366827,366827,,"Laptop Asus Vivobook S14 S3407AA - SF945W (Ultra 5 325, 16GB, 512GB, WUXGA OLED, Win11)",Asus,laptop,31290000.0,31990000.0,700000.0,2.0,5.0,2.0,https://www.thegioididong.com/laptop/asus-vivobook-s14-s3407aa-ultra-5-325-sf945w,thegioididong,2026-09-21
thegioididong_363503,363503,,Laptop Macbook Air 13 inch M5 24GB/512GB 35W,MacBook,laptop,40290000.0,41490000.0,1200000.0,3.0,5.0,48.0,https://www.thegioididong.com/laptop/macbook-air-13-inch-m5-24gb-512gb,thegioididong,2026-09-21
thegioididong_364488,364488,,"Laptop Asus TUF Gaming A16 FA608PP - RV089W (R9 8940HX, 16GB, 512GB, RTX5070 8GB, WUXGA 165Hz, Win11)",Asus,laptop,58990000.0,,,,5.0,7.0,https://www.thegioididong.com/laptop/asus-tuf-gaming-a16-fa608pp-r9-8940hx-rv089w,thegioididong,2026-09-21
thegioididong_364389,364389,,"Laptop Asus Gaming ROG Flow Z13 GZ302EAC - RU184WS (AI MAX+ 395, 128GB, 1TB, WQXGA 180Hz, Cảm ứng, OfficeH24+365, Win11)",Asus,laptop,109990000.0,,,,5.0,1.0,https://www.thegioididong.com/laptop/asus-gaming-rog-flow-z13-gz302eac-ai-max-395-ru184ws,thegioididong,2026-09-21
thegioididong_363899,363899,,"Laptop Lenovo ThinkPad X1 Carbon Gen 13 - 21NS010FVN (Ultra 7 256V, 16GB, 512GB, 2.8K OLED 120Hz, Win11Pro)",Lenovo,laptop,63790000.0,,,,5.0,1.0,https://www.thegioididong.com/laptop/lenovo-thinkpad-x1-carbon-gen-13-ultra-7-256v-21ns010fvn,thegioididong,2026-09-21
thegioididong_361539,361539,,"Laptop Dell 16 Plus DB16250 - X65NW9 (Ultra 9 288V, 32GB, 2TB, QHD+ 120Hz, OfficeH24+365, Win11)",Dell,laptop,57690000.0,58990000.0,1300000.0,2.0,5.0,11.0,https://www.thegioididong.com/laptop/dell-16-plus-db16250-ultra-9-288v-x65nw9,thegioididong,2026-09-21
thegioididong_371301,371301,,"Laptop GIGABYTE GAMING EAGLE - AGLE-9LJR2VNF93SH (R5 7533HS, 16GB, 512GB, RTX 3050 6GB, Full HD+ 165Hz, Win11)",GIGABYTE,laptop,30390000.0,30990000.0,600000.0,2.0,,,https://www.thegioididong.com/laptop/gigabyte-gaming-eagle-r5-7533hs-agle-9ljr2vnf93sh,thegioididong,2026-09-21
thegioididong_365617,365617,,"Laptop HP EliteBook 6 G1a 14 - C0CE2PT (R7 AI 350, 16GB, 512GB, WUXGA, Cảm ứng, Win11)",HP,laptop,36390000.0,36890000.0,500000.0,1.0,,,https://www.thegioididong.com/laptop/hp-elitebook-6-g1a-14-r7-ai-350-c0ce2pt,thegioididong,2026-09-21
thegioididong_364408,364408,,"Laptop Asus TUF Gaming A14 FA401GM - RG013W (R9 AI 465, 32GB, 1TB, RTX 5060 8GB, WQXGA 165Hz, Win11)",Asus,laptop,57990000.0,,,,4.6,6.0,https://www.thegioididong.com/laptop/asus-tuf-gaming-a14-fa401gm-r9-ai-465-rg013w,thegioididong,2026-09-21
thegioididong_365619,365619,,"Laptop HP EliteBook 8 G1a 14 - C0CE3PT (R5 AI PRO 340, 32GB, 512GB, WUXGA, Cảm ứng, Win11 Pro)",HP,laptop,42590000.0,,,,,,https://www.thegioididong.com/laptop/hp-elitebook-8-g1a-14-r5-ai-pro-340-c0ce3pt,thegioididong,2026-09-21
thegioididong_365615,365615,,"Laptop HP EliteBook 6 G1a 14 - C0CF2PT (R5 AI 340, 16GB, 512GB, WUXGA, Cảm ứng, Win11)",HP,laptop,33390000.0,33790000.0,400000.0,1.0,5.0,1.0,https://www.thegioididong.com/laptop/hp-elitebook-6-g1a-14-r5-ai-340-c0cf2pt,thegioididong,2026-09-21
thegioididong_364868,364868,,"Laptop MSI Prestige 14 Flip AI+ D3MTG - 021VN (U9 386H, 32GB, 1TB, Full HD+ OLED, Cảm ứng, Win11)",MSI,laptop,54990000.0,,,,,,https://www.thegioididong.com/laptop/msi-prestige-14-flip-ai-d3mtg-u9-386h-021vn,thegioididong,2026-09-21
thegioididong_363895,363895,,"Laptop Lenovo ThinkPad X1 Carbon Gen 13 - 21NS0107VN (Ultra 5 226V, 16GB, 512GB, 2.8K OLED 120Hz, Win11Pro)",Lenovo,laptop,56690000.0,57090000.0,400000.0,1.0,5.0,2.0,https://www.thegioididong.com/laptop/lenovo-thinkpad-x1-carbon-gen-13-ultra-5-226v-21ns0107vn,thegioididong,2026-09-21
thegioididong_342527,342527,,"Laptop Lenovo Gaming Legion 5 15AHP10 - 83M0002YVN (R7 260, 16GB, 512GB, RTX 5050 8GB, WQXGA OLED 165Hz, Win11)",Lenovo,laptop,42990000.0,,,,,,https://www.thegioididong.com/laptop/lenovo-gaming-legion-5-15ahp10-r7-260-83m0002yvn,thegioididong,2026-09-21
thegioididong_335964,335964,,"Laptop Acer Gaming Predator Helios 18 AI PH18 73 93P0 - NH.QVYSV.001 (Ultra 9 275HX, 64GB, 3TB, RTX 5080 12GB, 2.5K 250Hz, Win11 Pro)",Acer,laptop,99990000.0,,,,5.0,2.0,https://www.thegioididong.com/laptop/acer-predator-helios-18-ai-ph18-73-93p0-ultra-9-nhqvysv001,thegioididong,2026-09-21
thegioididong_335963,335963,,"Laptop Acer Gaming Predator Helios 18 AI PH18 73 98AQ - NH.QVWSV.001 (Ultra 9 275HX, 192GB, 6TB, RTX 5090 24GB, 4K 120Hz, Win11 Pro)",Acer,laptop,149990000.0,,,,5.0,1.0,https://www.thegioididong.com/laptop/acer-predator-helios-18-ai-ph18-73-98aq-ultra-9-nhqvwsv001,thegioididong,2026-09-21
thegioididong_332274,332274,,"Laptop HP Gaming OMEN 14 fb0135TX - AY8V1PA (Ultra 7 155H, 16GB, 1TB, RTX 4060 8GB, 2.8K OLED 120Hz, Win11)",HP,laptop,64190000.0,64790000.0,600000.0,1.0,5.0,1.0,https://www.thegioididong.com/laptop/hp-omen-14-fb0135tx-ultra-7-ay8v1pa,thegioididong,2026-09-21
thegioididong_371302,371302,,"Laptop GIGABYTE GAMING EAGLE - EAGLE-9MJR2VNF93SH (R5 7533HS, 16GB, 512GB, RTX 4050 6GB, Full HD+ 165Hz, Win11)",GIGABYTE,laptop,32890000.0,33490000.0,600000.0,2.0,,,https://www.thegioididong.com/laptop/gigabyte-gaming-eagle-r5-7533hs-eagle-9mjr2vnf93sh,thegioididong,2026-09-21
thegioididong_370583,370583,,"Laptop MSI Cyborg 15 Max C13WF - 421VN (i7 13620H, 16GB, 512GB, RTX 5060 8GB, Full HD 144Hz, Win11)",MSI,laptop,44990000.0,,,,,,https://www.thegioididong.com/laptop/msi-cyborg-15-max-c13wf-421vn-i7-13620h,thegioididong,2026-09-21
thegioididong_370355,370355,,"Laptop Lenovo Yoga Slim 7 14IPH11 - 83QM0076VN (Ultra 7 355, 16GB, 512GB, WUXGA, OfficeH24+365, Win11)",Lenovo,laptop,41690000.0,46990000.0,5300000.0,11.0,,,https://www.thegioididong.com/laptop/lenovo-yoga-slim-7-14iph11-ultra-7-355-83qm0076vn,thegioididong,2026-09-21
thegioididong_370352,370352,,"Laptop Lenovo ThinkPad E14 - 21T90025VN (Gen 7 Core 7 240H, 16GB, 512GB, WUXGA, Win11)",Lenovo,laptop,35590000.0,,,,,,https://www.thegioididong.com/laptop/lenovo-thinkpad-e14-gen-7-core-7-240h-21t90025vn,thegioididong,2026-09-21
thegioididong_369980,369980,,"Laptop Acer Nitro ProPanel ANV16-72-782F - NH.QUPSV.001 (Core 7 240H, 16GB, 512GB, RTX 5050 8GB, Full HD+ 180 Hz, Win11)",Acer,laptop,45390000.0,45990000.0,600000.0,1.0,,,https://www.thegioididong.com/laptop/acer-nitro-propanel-anv16-72-782f-core-7-240h-nhqupsv001,thegioididong,2026-09-21
thegioididong_370910,370910,,"Laptop Asus ExpertBook P3 P3406CCAP - U716S8W (Ultra 7 255H, 16GB, 512GB, WUXGA, Win11)",Asus,laptop,34390000.0,34990000.0,600000.0,2.0,,,https://www.thegioididong.com/laptop/asus-expertbook-p3-p3406ccap-ultra-7-255h-u716s8w,thegioididong,2026-09-21
thegioididong_370866,370866,,"Laptop Acer Aspire Go 14 AI AG14-I71M-977M - NX.W26SV.001 (Ultra 9 185H, 16GB, 512GB, Full HD+, Win11)",Acer,laptop,31390000.0,31990000.0,600000.0,2.0,,,https://www.thegioididong.com/laptop/acer-aspire-go-14-ai-ag14-i71m-977m-ultra-9-185h-nx-w26sv-001,thegioididong,2026-09-21
thegioididong_369462,369462,,"Laptop Asus ExpertBook Ultra B9 B9406CAA - X7642TW (Ultra X7 358H, 64GB, 2TB, WQXGA+ OLED 120Hz, Win11)",Asus,laptop,97990000.0,100000000.0,2010000.0,2.0,,,https://www.thegioididong.com/laptop/asus-expertbook-ultra-b9-b9406caa-ultra-x7-358h-x7642tw,thegioididong,2026-09-21
thegioididong_369460,369460,,"Laptop Asus Zenbook 14 UM3406GA - QD075W (R7 AI 445, 16GB, 512GB, WUXGA OLED, Win11)",Asus,laptop,35990000.0,39990000.0,4000000.0,10.0,,,https://www.thegioididong.com/laptop/asus-zenbook-14-um3406ga-r7-ai-445-qd075w,thegioididong,2026-09-21
thegioididong_368659,368659,,"Laptop Acer Gaming Nitro ProPanel AN16S-61-R9CN - NH.QXGSV.001 (Ryzen AI 7 350, 16GB, 512GB, RTX 5070 8GB, 2K+ 180Hz, Win11)",Acer,laptop,59390000.0,64990000.0,5600000.0,8.0,,,https://www.thegioididong.com/laptop/acer-gaming-nitro-propanel-an16s-61-r9cn-ryzen-ai-7-350-nh-qxgsv-001,thegioididong,2026-09-21
thegioididong_368653,368653,,"Laptop Acer Gaming Predator Helios Neo 16S PHN16S-I51-97T9 - NH.U3SSV.006 (Ultra 9 386H, 16GB, 512GB, RTX 5070 8GB, 2K+ 165Hz, Win11)",Acer,laptop,77390000.0,77990000.0,600000.0,1.0,,,https://www.thegioididong.com/laptop/acer-gaming-predator-helios-neo-16s-phn16s-i51-97t9-ultra-9-386h,thegioididong,2026-09-21
thegioididong_368650,368650,,"Laptop Acer Gaming Nitro ProPanel ANV16S-61-R0B8 - NH.QXQSV.001 (Ryzen AI 5 340, 16GB, 512GB, RTX 5050 8GB, Full HD 180Hz, Win11)",Acer,laptop,44390000.0,47990000.0,3600000.0,7.0,,,https://www.thegioididong.com/laptop/acer-gaming-nitro-propanel-anv16s-61-r0b8-ryzen-ai-5-340-nh-qxqsv-001,thegioididong,2026-09-21
thegioididong_368214,368214,,"Laptop Lenovo IdeaPad Slim 3 16IPH11 - 83US003YVN (Ultra 7 355, 16GB, 512GB, WUXGA, Win11)",Lenovo,laptop,30390000.0,36990000.0,6600000.0,17.0,,,https://www.thegioididong.com/laptop/lenovo-ideapad-slim-3-16iph11-ultra-7-355-83us003yvn,thegioididong,2026-09-21
thegioididong_367897,367897,,"Laptop Asus Zenbook DUO UX8407AA - SN439WS (Ultra X7 358H, 32GB, 512GB, 3K OLED 144Hz, Cảm ứng, OfficeH24+365, Win11)",Asus,laptop,78990000.0,82990000.0,4000000.0,5.0,,,https://www.thegioididong.com/laptop/asus-zenbook-duo-ux8407aa-ultra-x7-358h-sn439ws,thegioididong,2026-09-21
thegioididong_367891,367891,,"Laptop Asus Zenbook A14 UX3407NA - QD254W (X2E 88 100, 32GB, 1TB, WUXGA OLED, Win11)",Asus,laptop,56390000.0,63990000.0,7600000.0,11.0,,,https://www.thegioididong.com/laptop/asus-zenbook-a14-ux3407na-x2e-88-100-qd254w,thegioididong,2026-09-21
thegioididong_367890,367890,,"Laptop Asus Zenbook A14 UX3407NA - QD132WS (X2E 88 100, 16GB, 512GB, WUXGA OLED, OfficeH24+365, Win11)",Asus,laptop,40690000.0,48990000.0,8300000.0,16.0,5.0,1.0,https://www.thegioididong.com/laptop/asus-zenbook-a14-ux3407na-x2e-88-100-qd132ws,thegioididong,2026-09-21
thegioididong_367889,367889,,"Laptop Asus Gaming ROG Zephyrus G14 GU405AW - SY029W (Ultra 9 386H, 32GB, 1TB, RTX 5080 16GB, 3K OLED 120Hz, Win11)",Asus,laptop,119990000.0,,,,,,https://www.thegioididong.com/laptop/asus-gaming-rog-zephyrus-g14-gu405aw-ultra-9-386h-sy029w,thegioididong,2026-09-21
thegioididong_367888,367888,,"Laptop Asus Zenbook S 16 UM5606GA - SS441W (R9 AI 465, 16GB, 512GB, 3K OLED 120Hz, Win11)",Asus,laptop,46490000.0,49490000.0,3000000.0,6.0,5.0,2.0,https://www.thegioididong.com/laptop/asus-zenbook-s-16-um5606ga-r9-ai-465-ss441w,thegioididong,2026-09-21
thegioididong_367887,367887,,"Laptop Asus TUF Gaming F16 FX608JHI - TU210W (i5 14450HX, 16GB, 512GB,RTX 5050 8GB, WUXGA 144Hz, Win11)",Asus,laptop,43990000.0,47990000.0,4000000.0,8.0,,,https://www.thegioididong.com/laptop/asus-tuf-gaming-f16-fx608jhi-i5-14450hx-tu210w,thegioididong,2026-09-21
thegioididong_367865,367865,,"Laptop MSI Gaming Raider 16 MAX HX B2WI - 095VN (Ultra 9 290HX Plus, 64GB, 2TB, RTX 5080 16GB, QHD+ OLED 240Hz, Win11)",MSI,laptop,130990000.0,,,,,,https://www.thegioididong.com/laptop/msi-gaming-raider-16-max-hx-b2wi-ultra-9-290hx-plus-095vn,thegioididong,2026-09-21
thegioididong_367686,367686,,"Laptop Lenovo Gaming LOQ 15IPH11 - 83SL000LVN (Ultra 7 356H, 16GB, 512GB, RTX 5060 8GB, WUXGA 165Hz, Win11)",Lenovo,laptop,51390000.0,55990000.0,4600000.0,8.0,5.0,1.0,https://www.thegioididong.com/laptop/lenovo-gaming-loq-15iph11-ultra-7-356h-83sl000lvn,thegioididong,2026-09-21
thegioididong_366744,366744,,"Laptop Lenovo Gaming Legion 5 15AHP11 - 83Q7001JVN (R7 250, 16GB, 512GB, RTX 5060 8GB, WQXGA OLED 165Hz, OfficeH24, Win11)",Lenovo,laptop,55690000.0,58990000.0,3300000.0,5.0,,,https://www.thegioididong.com/laptop/lenovo-gaming-legion-5-15ahp11-r7-250-83q7001jvn,thegioididong,2026-09-21
thegioididong_366093,366093,,"Laptop Acer Gaming Predator Helios Neo 16 PHN16-I31-74MN - NH.U4SSV.002 (i7 14650HX, 32GB, 512GB, RTX 5050 8GB, Full HD+ 180Hz, Win11)",Acer,laptop,56390000.0,66990000.0,10600000.0,15.0,,,https://www.thegioididong.com/laptop/acer-gaming-predator-helios-neo-16-phn16-i31-74mn-i7-14650hx-nh-u4ssv-002,thegioididong,2026-09-21
thegioididong_371127,371127,,"Laptop HP ProBook 4 G2i 16 - DK2Y5AT (Ultra 7 355, 16GB, 512GB, WUXGA, Win11)",HP,laptop,40590000.0,,,,,,https://www.thegioididong.com/laptop/hp-probook-4-g2i-16-ultra-7-355-dk2y5at,thegioididong,2026-09-21
thegioididong_371125,371125,,"Laptop HP Probook 4 G1ah 16 - D9CP8AT (R7 250, 16GB, 512GB, WUXGA, Win11)",HP,laptop,31990000.0,,,,,,https://www.thegioididong.com/laptop/hp-probook-4-g1ah-16-r7-250-d9cp8at,thegioididong,2026-09-21
thegioididong_371124,371124,,"Laptop HP ProBook 4 G1a 14 - D9CP7AT (R7 250, 16GB, 512GB, WUXGA, Win11)",HP,laptop,31990000.0,,,,,,https://www.thegioididong.com/laptop/hp-probook-4-g1a-14-r7-250-d9cp7at,thegioididong,2026-09-21
thegioididong_371123,371123,,"Laptop HP 15 fd2183TU - DP2C0PA (Ultra 7 255U, 16GB, 512GB, WUXGA, Win11)",HP,laptop,32990000.0,,,,,,https://www.thegioididong.com/laptop/hp-15-fd2183tu-ultra-7-255u-dp2c0pa,thegioididong,2026-09-21
thegioididong_370865,370865,,"Laptop Acer Swift Air 14 SFA14-I31-34NF - NX.W49SV.001 (Core 3 304, 12GB, 512GB, WUXGA 120Hz, Win11)",Acer,laptop,23090000.0,23990000.0,900000.0,4.0,,,https://www.thegioididong.com/laptop/acer-swift-air-14-sfa14-i31-34nf-core-3-304-nx-w49sv-001,thegioididong,2026-09-21
thegioididong_370864,370864,,"Laptop Acer Swift Air 14 SFA14-I31-52BV - NX.W49SV.002 (Core 5 320, 12GB, 512GB, Full HD 120Hz, Win11)",Acer,laptop,26090000.0,26990000.0,900000.0,3.0,,,https://www.thegioididong.com/laptop/acer-swift-air-14-sfa14-i31-52bv-core-5-320-nx-w49sv-002,thegioididong,2026-09-21
thegioididong_370582,370582,,"Laptop MSI Cyborg 15 Max C13WE - 422VN (i7 13620H, 16GB, 512GB, RTX 5050 8GB, Full HD 144Hz, Win11)",MSI,laptop,42990000.0,,,,,,https://www.thegioididong.com/laptop/msi-cyborg-15-max-c13we-422vn-i7-13620h,thegioididong,2026-09-21
thegioididong_370358,370358,,"Laptop Lenovo Yoga Slim 7 Ultra 14IPH11 - 83QK009PVN (Ultra X9 378H, 32GB, 1TB, WQXGA+ 120Hz, OfficeH24+365, Win11)",Lenovo,laptop,69690000.0,79990000.0,10300000.0,12.0,,,https://www.thegioididong.com/laptop/lenovo-yoga-slim-7-ultra-14iph11-ultra-x9-378h-83qk009pvn,thegioididong,2026-09-21
thegioididong_370354,370354,,"Laptop Lenovo Yoga Slim 7 14IPH11 - 83QM0075VN (Ultra 7 355, 16GB, 512GB, WUXGA, OfficeH24+365, Win11)",Lenovo,laptop,41690000.0,46990000.0,5300000.0,11.0,,,https://www.thegioididong.com/laptop/lenovo-yoga-slim-7-14iph11-ultra-7-355-83qm0075vn,thegioididong,2026-09-21
thegioididong_370353,370353,,"Laptop Lenovo ThinkPad E14 - 21SX002YVN (Gen 7 Ultra 255H, 16GB, 512GB, WUXGA, Win11)",Lenovo,laptop,40590000.0,,,,,,https://www.thegioididong.com/laptop/lenovo-thinkpad-e14-gen-7-ultra-255h-21sx002yvn,thegioididong,2026-09-21
thegioididong_370279,370279,,"Laptop Acer Gaming Nitro ProPanel ANV15-52-556L - NH.QZ9SV.006 (Core 5 210H, 16GB, 512GB, RTX 5050 8GB, Full HD 180Hz, Win11)",Acer,laptop,40390000.0,40990000.0,600000.0,1.0,,,https://www.thegioididong.com/laptop/acer-gaming-nitro-propanel-anv15-52-556l-core-5-210h-nh-qz9sv-006,thegioididong,2026-09-21
thegioididong_370278,370278,,"Laptop Acer Swift Go AI SFG14-75-765M - NX.JNBSV.004 (Ultra 7 258V, 32GB, 512GB, Full HD+, Win11)",Acer,laptop,41390000.0,41990000.0,600000.0,1.0,,,https://www.thegioididong.com/laptop/acer-swift-go-ai-sfg14-75-765m-ultra-7-258v-nx-jnbsv-004,thegioididong,2026-09-21
thegioididong_369982,369982,,"Laptop Acer Nitro ProPanel ANV16S-61-R7KQ - NH.QXPSV.001 (R5 AI 340, 16GB, 512GB, RTX 5060 8GB, Full HD 180Hz, Win11)",Acer,laptop,48390000.0,48990000.0,600000.0,1.0,,,https://www.thegioididong.com/laptop/acer-nitro-propanel-anv16s-61-r7kq-r5-ai-340-nhqxpsv001,thegioididong,2026-09-21
thegioididong_369981,369981,,"Laptop Acer Nitro ProPanel AN16S-61-R7ZJ - NH.QXFSV.002 (R7 AI 350, 16GB, 512GB, RTX 5060 8GB, 2K, Win11)",Acer,laptop,51390000.0,51990000.0,600000.0,1.0,,,https://www.thegioididong.com/laptop/acer-nitro-propanel-an16s-61-r7zj-r7-ai-350-nhqxfsv002,thegioididong,2026-09-21
thegioididong_369756,369756,,"Laptop Asus ProArt P1 H7606WP - SR335W (R9 AI HX 370, 64GB, 2TB, RTX 5070 8GB, 3K 120Hz, Cảm ứng, Win11)",Asus,laptop,114890000.0,124990000.0,10100000.0,6.0,,,https://www.thegioididong.com/laptop/asus-proart-p1-h7606wp-r9-ai-hx-370-sr335w,thegioididong,2026-09-21
thegioididong_369751,369751,,"Laptop MSI Modern 14S G3MG-003VN (Core 5 320, 16GB, 1TB, Full HD+ 120Hz, Win11)",MSI,laptop,29390000.0,31490000.0,2100000.0,6.0,,,https://www.thegioididong.com/laptop/msi-modern-14s-g3mg-003vn-core-5-320,thegioididong,2026-09-21
thegioididong_371309,371309,,"Laptop Acer Aspire Lite 14 AL14-57P-59HB - NX.X1XSV.002 (Core 5 320, 16GB, 512GB, WUXGA 120Hz, Win11)",Acer,laptop,24090000.0,26990000.0,2900000.0,10.0,,,https://www.thegioididong.com/laptop/acer-aspire-lite-14-al14-57p-59hb-core-5-320-nx-x1xsv-002,thegioididong,2026-09-21
thegioididong_371307,371307,,"Laptop Acer Gaming Aspire 7 A715-59G-53RH - NH.DV0SV.001 (Core 5 210H, 16GB, 512GB, RTX 4050 6GB, Full HD 144Hz, Win11)",Acer,laptop,31390000.0,35990000.0,4600000.0,12.0,,,https://www.thegioididong.com/laptop/acer-gaming-aspire-7-a715-59g-53rh-core-5-210h-nh-dv0sv-001,thegioididong,2026-09-21
thegioididong_371306,371306,,"Laptop Acer Swift Air 14 SFA14-I31-54A2 - NX.W4HSV.001 (Core 5 320, 12GB, 512GB, WUXGA 120Hz, Win11)",Acer,laptop,26090000.0,26990000.0,900000.0,3.0,,,https://www.thegioididong.com/laptop/acer-swift-air-14-sfa14-i31-54a2-core-5-320-nx-w4hsv-001,thegioididong,2026-09-21
thegioididong_371293,371293,,"Laptop Asus Zenbook S 14 UX5406AA - SU348W (Ultra 9 386H, 16GB, 512GB, 3K OLED 120Hz, Win11)",Asus,laptop,48390000.0,50990000.0,2600000.0,5.0,,,https://www.thegioididong.com/laptop/asus-zenbook-s-14-ux5406aa-ultra-9-386h-su348w,thegioididong,2026-09-21
thegioididong_371137,371137,,"Laptop HP ProBook 4 G2i 16 - DK2X9AT (Ultra 5 325, 16GB, 512GB, WUXGA, Win11)",HP,laptop,36590000.0,,,,,,https://www.thegioididong.com/laptop/hp-probook-4-g2i-16-ultra-5-325-dk2x9at,thegioididong,2026-09-21
thegioididong_371135,371135,,"Laptop HP OmniBook X Flip 14 kb0048TU - D72BYPA (Ultra 7 355, 32GB, 512GB, WUXGA, Cảm ứng, OfficeH24+365, Win11)",HP,laptop,49890000.0,,,,,,https://www.thegioididong.com/laptop/hp-omnibook-x-flip-14-kb0048tu-ultra-7-355-d72bypa,thegioididong,2026-09-21
thegioididong_371134,371134,,"Laptop HP OmniBook 5 14 hh0072TU - D72CQPA (Ultra 7 355, 16GB, 512GB, WUXGA, Cảm ứng, OfficeH24+365, Win11)",HP,laptop,40690000.0,,,,,,https://www.thegioididong.com/laptop/hp-omnibook-5-14-hh0072tu-ultra-7-355-d72cqpa,thegioididong,2026-09-21
thegioididong_371133,371133,,"Laptop HP OmniBook 5 14 hh0073TU - D72CRPA (Ultra 7 355, 16GB, 512GB, WUXGA, OfficeH24+365, Win11)",HP,laptop,39690000.0,,,,,,https://www.thegioididong.com/laptop/hp-omnibook-5-14-hh0073tu-ultra-7-355-d72crpa,thegioididong,2026-09-21
thegioididong_371132,371132,,"Laptop HP OmniBook 5 14 hh0074TU - D72CSPA (Ultra 5 322, 16GB, 512GB, WUXGA, Cảm ứng, OfficeH24+365, Win11)",HP,laptop,37690000.0,,,,,,https://www.thegioididong.com/laptop/hp-omnibook-5-14-hh0074tu-ultra-5-322-d72cspa,thegioididong,2026-09-21
thegioididong_371130,371130,,"Laptop HP OmniBook 5 14 hh0075TU - D72CTPA (Ultra 5 322, 16GB, 512GB, WUXGA, OfficeH24+365, Win11)",HP,laptop,36690000.0,,,,,,https://www.thegioididong.com/laptop/hp-omnibook-5-14-hh0075tu-ultra-5-322-d72ctpa,thegioididong,2026-09-21
thegioididong_371129,371129,,"Laptop HP OmniBook Ultra 14 kd0036TU - D72C6PA (Ultra 9 386H, 32GB, 1TB, 3K OLED 120Hz, Cảm ứng, OfficeH24+365, Win11)",HP,laptop,65890000.0,,,,,,https://www.thegioididong.com/laptop/hp-omnibook-ultra-14-kd0036tu-ultra-9-386h-d72c6pa,thegioididong,2026-09-21
thegioididong_371128,371128,,"Laptop HP OmniBook Ultra 14 kd0039TU - D72C7PA (Ultra 7 356H, 32GB, 1TB, 3K OLED 120Hz, Cảm ứng, OfficeH24+365, Win11)",HP,laptop,59890000.0,,,,,,https://www.thegioididong.com/laptop/hp-omnibook-ultra-14-kd0039tu-ultra-7-356h-d72c7pa,thegioididong,2026-09-21
thegioididong_369476,369476,,"Laptop Lenovo Gaming Legion 5 15AHP11 - 83Q7001HVN (R7 250, 16GB, 512GB, RTX 5050 8GB, WQXGA OLED 165Hz, OfficeH24, Win11)",Lenovo,laptop,53690000.0,56990000.0,3300000.0,5.0,,,https://www.thegioididong.com/laptop/lenovo-gaming-legion-5-15ahp11-r7-250-83q7001hvn,thegioididong,2026-09-21
thegioididong_369466,369466,,"Laptop Asus ExpertBook P5 P5406CCA - SF0241W (Ultra 7 255H, 16GB, 512GB, WUXGA, Win11)",Asus,laptop,37390000.0,37990000.0,600000.0,2.0,,,https://www.thegioididong.com/laptop/asus-expertbook-ultra-p5-p5406cca-ultra-7-255-sf0241w,thegioididong,2026-09-21
thegioididong_369465,369465,,"Laptop Asus ExpertBook P5 P5406CCA - SF0047W (Ultra 7 255H, 16GB, 512GB, WUXGA, Win11)",Asus,laptop,37390000.0,37990000.0,600000.0,2.0,,,https://www.thegioididong.com/laptop/asus-expertbook-ultra-p5-p5406cca-ultra-7-255h-sf0047w,thegioididong,2026-09-21
thegioididong_366092,366092,,"Laptop Acer Gaming Predator Helios Neo 16 PHN16-I31-72XE - NH.U4RSV.001 (i7 14650HX, 32GB, 512GB, RTX5060 8GB, 2K+ 180Hz, Win11)",Acer,laptop,61390000.0,71990000.0,10600000.0,14.0,,,https://www.thegioididong.com/laptop/acer-gaming-predator-helios-neo-16-phn16-i31-72xe-i7-14650hx-nh-u4rsv-001,thegioididong,2026-09-21
thegioididong_366091,366091,,"Laptop Acer Gaming Predator Helios Neo 16 PHN16-I31-50H7 - NH.U4SSV.001 (i5 14450HX, 32GB, 512GB, RTX 5050 8GB, Full HD+ 180Hz, Win11)",Acer,laptop,51390000.0,61990000.0,10600000.0,17.0,,,https://www.thegioididong.com/laptop/acer-gaming-predator-helios-neo-16-phn16-i31-50h7-i5-14450hx-nh-u4ssv-001,thegioididong,2026-09-21
thegioididong_366066,366066,,"Laptop Asus TUF Gaming FA401EA - RG034W (RYZEN AI MAX+ 392, 64GB, 1TB, WQXGA 165Hz, Win11)",Asus,laptop,64990000.0,,,,,,https://www.thegioididong.com/laptop/asus-tuf-gaming-fa401ea-ryzen-ai-max-392-rg034w,thegioididong,2026-09-21
thegioididong_370356,370356,,"Laptop Lenovo Yoga Slim 7 Ultra 14IPH11 - 83QK0015VN (Ultra 7 355, 32GB, 1TB, WQXGA+ 120Hz, Cảm ứng, OfficeH24+365, Win11)",Lenovo,laptop,63690000.0,72990000.0,9300000.0,12.0,,,https://www.thegioididong.com/laptop/lenovo-yoga-slim-7-ultra-14iph11-ultra-7-355-83qk0015vn,thegioididong,2026-09-21
thegioididong_370349,370349,,"Laptop Lenovo IdeaPad Slim 3 16IPH11 - 83US0040VN (Ultra 5 322, 16GB, 512GB, WUXGA, Win11)",Lenovo,laptop,25090000.0,31990000.0,6900000.0,21.0,,,https://www.thegioididong.com/laptop/lenovo-ideapad-slim-3-16iph11-ultra-5-322-83us0040vn,thegioididong,2026-09-21
thegioididong_367347,367347,,"Laptop Dell Pro 14 PC14250 - PC14250-235U-16512WP-2Y (Ultra 5 235U, 16GB, 512GB, Full HD+, Win11Pro)",Dell,laptop,38690000.0,39990000.0,1300000.0,3.0,5.0,6.0,https://www.thegioididong.com/laptop/dell-pro-14-pc14250-ultra-5-235u-pc14250-235u-16512wp-2y,thegioididong,2026-09-21
thegioididong_369983,369983,,"Laptop MSI Cyborg 15 C13WEO - 418VN (i5 13420H, 16GB, 512GB, RTX 5050 8GB, Full HD 144Hz, Win11)",MSI,laptop,32990000.0,34990000.0,2000000.0,5.0,,,https://www.thegioididong.com/laptop/msi-cyborg-15-c13weo-i5-13420h-418vn,thegioididong,2026-09-21
thegioididong_363509,363509,,Laptop MacBook Air 15 inch M5 24GB/512GB 35W,MacBook,laptop,45790000.0,47490000.0,1700000.0,4.0,5.0,54.0,https://www.thegioididong.com/laptop/macbook-air-15-inch-m5-24gb-512gb,thegioididong,2026-09-21
thegioididong_369749,369749,,"Laptop Dell Pro 15 Essential PV15250 - PV15250-100U-8512W-2Y (Core 3 100U, 8GB, 512GB, Full HD, OfficeH24+365, Win11)",Dell,laptop,22890000.0,23990000.0,1100000.0,5.0,,,https://www.thegioididong.com/laptop/dell-pro-15-essential-pv15250-core-3-100u-pv15250-100u-8512w-2y,thegioididong,2026-09-21
thegioididong_368657,368657,,"Laptop Acer Aspire Lite 15 AL15-53P-56EC - NX.DG3SV.002.16G (Core 5 120U, 16GB, 512GB, Full HD, Win11)",Acer,laptop,23090000.0,24990000.0,1900000.0,7.0,5.0,3.0,https://www.thegioididong.com/laptop/acer-aspire-lite-15-al15-53p-56ec-core-5-120u-nx-dg3sv-002-16g,thegioididong,2026-09-21
thegioididong_360418,360418,,"Laptop Asus Vivobook 15 X1504VA - BQ185W (Core 5 120U, 16GB, 512GB, Full HD, Win11)",Asus,laptop,20090000.0,20990000.0,900000.0,4.0,5.0,939.0,https://www.thegioididong.com/laptop/asus-vivobook-15-x1504va-core-5-120u-bq185w,thegioididong,2026-09-21
thegioididong_368146,368146,,"Laptop Asus Vivobook Go 14 E1404FA - EB1832W (R5 40, 8GB, 512GB, Full HD, Win11)",Asus,laptop,19890000.0,22990000.0,3100000.0,13.0,5.0,425.0,https://www.thegioididong.com/laptop/asus-vivobook-go-14-e1404fa-r5-40-eb1832w,thegioididong,2026-09-21
thegioididong_368301,368301,,"Laptop Asus Vivobook 14 X1407CA - LY203W (Ultra 5 225H, 16GB, 512GB, WUXGA, Win11)",Asus,laptop,25490000.0,,,,5.0,28.0,https://www.thegioididong.com/laptop/asus-vivobook-14-x1407ca-ultra-5-225h-ly203w,thegioididong,2026-09-21
thegioididong_369758,369758,,"Laptop Asus Vivobook 15 X1504MA - BQ893W (Core 3 304, 8GB, 512GB, Full HD, Win 11)",Asus,laptop,19090000.0,22990000.0,3900000.0,16.0,,,https://www.thegioididong.com/laptop/asus-vivobook-go-15-x1504ma-core-3-304-bq893w,thegioididong,2026-09-21
thegioididong_358795,358795,,"Laptop HP OmniBook 7 16 az0043TU - C2CX3PA (Core 7 240H, 32GB, 512GB, WUXGA, OfficeH24, Win11)",HP,laptop,35690000.0,38590000.0,2900000.0,7.0,5.0,18.0,https://www.thegioididong.com/laptop/hp-omnibook-7-16-az0043tu-core-7-240h-c2cx3pa,thegioididong,2026-09-21
thegioididong_341268,341268,,"Laptop HP OmniBook UF 14 fh0095TU - BZ7S2PA (Ultra 9 288V, 32GB, 1TB, 2.8K OLED 120Hz, Cảm ứng, OfficeH24, Win11)",HP,laptop,60690000.0,63590000.0,2900000.0,5.0,5.0,14.0,https://www.thegioididong.com/laptop/hp-omnibook-uf-14-fh0095tu-ultra-9-288v-bz7s2pa,thegioididong,2026-09-21
thegioididong_367021,367021,,"Laptop Lenovo IdeaPad Slim 5 14AGP11 - 83S1006RVN (R7 AI 445, 16GB, 512GB, WUXGA OLED, Win11)",Lenovo,laptop,32390000.0,36990000.0,4600000.0,12.0,5.0,2.0,https://www.thegioididong.com/laptop/lenovo-ideapad-slim-5-14agp11-r7-ai-445-83s1006rvn,thegioididong,2026-09-21
thegioididong_367013,367013,,"Laptop Lenovo IdeaPad 5 2in1 14IPH11 - 83UG0027VN (Ultra 7 355, 16GB, 512GB, WUXGA, Cảm ứng, Win11)",Lenovo,laptop,36390000.0,,,,5.0,5.0,https://www.thegioididong.com/laptop/lenovo-ideapad-5-2in1-14iph11-ultra-7-355-83ug0027vn,thegioididong,2026-09-21
thegioididong_368221,368221,,"Laptop Lenovo ThinkBook 14 Gen 9 IRL - 21UY008TVN (i5 13420H, 16GB, 512GB, WUXGA, Win11)",Lenovo,laptop,32590000.0,,,,5.0,2.0,https://www.thegioididong.com/laptop/lenovo-thinkbook-14-gen-9-irl-i5-13420h-21uy008tvn,thegioididong,2026-09-21
thegioididong_362626,362626,,"Laptop Asus Zenbook 14 UM3406GA - QD073WS (R7 AI 445, 32GB, 1TB, WUXGA OLED, OfficeH24+365, Win11)",Asus,laptop,36790000.0,39990000.0,3200000.0,8.0,5.0,54.0,https://www.thegioididong.com/laptop/asus-zenbook-14-um3406ga-r7-ai-445-qd073ws,thegioididong,2026-09-21
thegioididong_359928,359928,,"Laptop GIGABYTE Gaming A16 GA6H - CWHI3VNC94SH (i7 13620H, 16GB, 1TB, RTX 5070 8GB, WQXGA 165Hz, Win11)",GIGABYTE,laptop,42890000.0,43990000.0,1100000.0,3.0,5.0,5.0,https://www.thegioididong.com/laptop/gigabyte-gaming-a16-ga6h-i7-13620h-cwhi3vnc94sh,thegioididong,2026-09-21
thegioididong_368209,368209,,"Laptop Lenovo ThinkBook 16 G9 - 21UT005MVN (R7 250, 16GB, 512GB, WUXGA, Win11)",Lenovo,laptop,31590000.0,,,,5.0,18.0,https://www.thegioididong.com/laptop/lenovo-thinkbook-16-g9-r7-250-21ut005mvn,thegioididong,2026-09-21
thegioididong_363826,363826,,"Laptop Dell Pro 13 Plus PB13250 - 71084491 (Ultra 5 235U, 16GB, 512GB, Full HD+, Win11)",Dell,laptop,31890000.0,32890000.0,1000000.0,3.0,5.0,43.0,https://www.thegioididong.com/laptop/dell-pro-13-plus-pb13250-ultra-5-235u-71084491,thegioididong,2026-09-21
thegioididong_345506,345506,,"Laptop HP EliteBook 6 G1i 13 - BQ9L8PT (Ultra 5 225U, 16GB, 512GB, WUXGA, Win11)",HP,laptop,33390000.0,34790000.0,1400000.0,4.0,5.0,132.0,https://www.thegioididong.com/laptop/hp-elitebook-6-g1i-13-ultra-5-225u-bq9l8pt,thegioididong,2026-09-21
thegioididong_363898,363898,,"Laptop Lenovo ThinkPad E14 Gen 7 - 21U2003SVN (Ultra 5 228V, 32GB, 512GB, WUXGA, Win11)",Lenovo,laptop,39790000.0,,,,5.0,90.0,https://www.thegioididong.com/laptop/lenovo-thinkpad-e14-gen-7-ultra-5-228v-21u2003svn,thegioididong,2026-09-21
thegioididong_359298,359298,,"Laptop MSI Gaming Katana 15 HX B14WGK - 023VN (i7 14650HX, 16GB, 1TB, RTX 5070 8GB, QHD, 165Hz, Win11)",MSI,laptop,49990000.0,,,,5.0,2.0,https://www.thegioididong.com/laptop/msi-gaming-katana-15-hx-b14wgk-i7-14650hx-023vn,thegioididong,2026-09-21
thegioididong_365305,365305,,"Laptop Dell 14 DC14250 - 71092478 (Core 7 150U, 16GB, 512GB, Full HD+ 120Hz, OfficeHS24+365, Win11)",Dell,laptop,30690000.0,,,,5.0,70.0,https://www.thegioididong.com/laptop/dell-14-dc14250-core-7-150u-71092478,thegioididong,2026-09-21
thegioididong_332397,332397,,"Laptop Acer Swift AI SF14 51 53P9 - NX.J2KSV.002 (Ultra 5 226V, 16GB, 1TB, 2.8K OLED 90Hz, Win11)",Acer,laptop,31390000.0,35990000.0,4600000.0,12.0,5.0,10.0,https://www.thegioididong.com/laptop/acer-swift-ai-sf14-51-53p9-ultra-5-nxj2ksv002,thegioididong,2026-09-21
thegioididong_335015,335015,,"Laptop MSI Gaming Vector 16 HX AI A2XWIG - 062VN (Ultra 9 275HX, 16GB, 1TB, RTX 5080 16GB, QHD+ 240Hz, Win11)",MSI,laptop,80990000.0,,,,5.0,2.0,https://www.thegioididong.com/laptop/msi-vector-16-hx-ai-a2xwig-ultra-9-062vn,thegioididong,2026-09-21
thegioididong_326280,326280,,"Laptop MSI Gaming Katana A15 AI B8VG - 465VN (R7 8845HS, 16GB, 1TB, RTX 4070 8GB, Full HD 144Hz, Win11)",MSI,laptop,39190000.0,,,,5.0,21.0,https://www.thegioididong.com/laptop/msi-katana-a15-ai-b8vg-r7-465vn,thegioididong,2026-09-21
thegioididong_340479,340479,,"Laptop HP Pavilion 15 eg3112TU - 8U6L9PA (i7 1355U, 16GB, 512GB, Full HD, Win11)",HP,laptop,25390000.0,,,,5.0,885.0,https://www.thegioididong.com/laptop/hp-pavilion-15-eg3112tu-i7-8u6l9pa,thegioididong,2026-09-21
thegioididong_362408,362408,,"Laptop Asus Vivobook 14 M1407GA - LY270W (R7 AI 445, 16GB, 512GB, WUXGA, Win11)",Asus,laptop,24790000.0,26990000.0,2200000.0,8.0,5.0,58.0,https://www.thegioididong.com/laptop/asus-vivobook-14-m1407ga-r7-ai-445-ly270w,thegioididong,2026-09-21
thegioididong_368555,368555,,"Laptop Dell 15 DC15250 - DC5C3259W1-2Y (Core 3 100U, 8GB, 512GB, Full HD 120Hz, OfficeHS24+365, Win11)",Dell,laptop,21890000.0,22590000.0,700000.0,3.0,5.0,33.0,https://www.thegioididong.com/laptop/dell-15-dc15250-core-3-100u-dc5c3259w1-2y,thegioididong,2026-09-21
thegioididong_364399,364399,,"Laptop Asus Vivobook S16 M3607GA - SH034W (R7 AI 445, 16GB, 512GB, WUXGA OLED, Win11)",Asus,laptop,29390000.0,30990000.0,1600000.0,5.0,5.0,38.0,https://www.thegioididong.com/laptop/asus-vivobook-s16-m3607ga-r7-ai-445-sh034w,thegioididong,2026-09-21
thegioididong_341564,341564,,"Laptop Dell Gaming Alienware 16 Aurora AC16250 - C7H161W11II5050 (Core 7 240H, 16GB, 1TB, RTX 5050 8GB, WQXGA 120Hz, OfficeH24+365, Win11)",Dell,laptop,41690000.0,43290000.0,1600000.0,4.0,5.0,197.0,https://www.thegioididong.com/laptop/dell-alienware-16-aurora-ac16250-core-7-240h-c7h161w11ii5050,thegioididong,2026-09-21
thegioididong_368220,368220,,"Laptop Lenovo ThinkPad E14 Gen 7 - 21SX005NVN (Ultra 5 225U, 16GB, 512GB, WUXGA, Win11)",Lenovo,laptop,37890000.0,38390000.0,500000.0,1.0,5.0,17.0,https://www.thegioididong.com/laptop/lenovo-thinkpad-e14-gen-7-ultra-5-225u-21sx005nvn,thegioididong,2026-09-21
thegioididong_365609,365609,,"Laptop HP 240R G10 - C3SG9AT (Core 5 120U, 8GB, 512GB, Full HD, Win11)",HP,laptop,22590000.0,25490000.0,2900000.0,11.0,5.0,76.0,https://www.thegioididong.com/laptop/hp-240r-g10-core-5-120u-c3sg9at,thegioididong,2026-09-21
thegioididong_340560,340560,,"Laptop Dell Inspiron 15 3530 - 71070372 (i5 1334U, 16GB, 512GB, Full HD 120Hz, OfficeH24+365, Win11)",Dell,laptop,22390000.0,24490000.0,2100000.0,8.0,5.0,3818.0,https://www.thegioididong.com/laptop/dell-inspiron-15-3530-i5-71070372,thegioididong,2026-09-21
thegioididong_365311,365311,,"Laptop Dell 15 DC15250 - DC15250-i7U161W11SLU-27 (i7 1355U, 16GB, 1TB, Full HD 120Hz, OfficeHS24+365, Win11)",Dell,laptop,28890000.0,,,,5.0,105.0,https://www.thegioididong.com/laptop/dell-15-dc15250-i7-1355u-dc15250-i7u161w11slu-27,thegioididong,2026-09-21
thegioididong_362399,362399,,"Laptop HP 15 fd1490TU - D0BH5PA (Ultra 7 155H, 24GB, 512GB, Full HD, Win11)",HP,laptop,29090000.0,29590000.0,500000.0,2.0,5.0,111.0,https://www.thegioididong.com/laptop/hp-15-fd1490tu-ultra-7-155h-d0bh5pa,thegioididong,2026-09-21
thegioididong_341751,341751,,"Laptop GIGABYTE Gaming A16 GA6H - GAMING-A16-CTHH3VN893SH (i5 13420H, 16GB, 512GB, RTX5050 8GB, WUXGA 165Hz, Win11)",GIGABYTE,laptop,35890000.0,36990000.0,1100000.0,3.0,5.0,98.0,https://www.thegioididong.com/laptop/gigabyte-a16-ga6h-i5-13420h-gaming-a16-cthh3vn893sh,thegioididong,2026-09-21
thegioididong_368559,368559,,"Laptop Dell 14 DC14250 - 71100515 (Core 7 150U, 16GB, 512GB, Full HD+ 120Hz, OfficeH24+365, Win11)",Dell,laptop,32690000.0,35490000.0,2800000.0,7.0,5.0,10.0,https://www.thegioididong.com/laptop/dell-14-dc14250-core-7-150u-71100515,thegioididong,2026-09-21
thegioididong_360417,360417,,"Laptop Asus Vivobook 14 X1404VA - EB260W (Core 5 120U, 16GB, 512GB, Full HD, Win11)",Asus,laptop,20590000.0,22990000.0,2400000.0,10.0,5.0,549.0,https://www.thegioididong.com/laptop/asus-vivobook-14-x1404va-core-5-120u-eb260w,thegioididong,2026-09-21
thegioididong_341611,341611,,"Laptop MSI Gaming Katana 15 HX B14WEK - 286VN (i5 14450HX, 16GB, 512GB, RTX5050 8GB, QHD 165Hz, Win11)",MSI,laptop,41390000.0,41990000.0,600000.0,1.0,5.0,47.0,https://www.thegioididong.com/laptop/msi-katana-15-hx-b14wek-i5-14450hx-286vn,thegioididong,2026-09-21
thegioididong_339951,339951,,"Laptop MSI Venture A14 AI+ A3HMG - 004VN (R5 AI 340, 16GB, 512GB, 2.8K OLED 120Hz, Win11)",MSI,laptop,26090000.0,26990000.0,900000.0,3.0,5.0,13.0,https://www.thegioididong.com/laptop/msi-venture-a14-ai-a3hmg-r5-ai-340-004vn,thegioididong,2026-09-21
thegioididong_358080,358080,,"Laptop HP OmniBook X Flip 14 fm0088TU - BZ7Q2PA (Ultra 5 226V, 16GB, 512GB, WUXGA, Cảm ứng, OfficeH24+365B, Win11)",HP,laptop,32090000.0,32590000.0,500000.0,2.0,5.0,286.0,https://www.thegioididong.com/laptop/hp-omnibook-x-flip-14-fm0088tu-ultra-5-226v-bz7q2pa,thegioididong,2026-09-21
thegioididong_367574,367574,,"Laptop HP 15 fd2126TU - D72CBPA (Ultra 5 225U, 16GB, 512GB, Full HD, Win11)",HP,laptop,25290000.0,26990000.0,1700000.0,6.0,5.0,50.0,https://www.thegioididong.com/laptop/hp-15-fd2126tu-ultra-5-225u-d72cbpa,thegioididong,2026-09-21
thegioididong_368654,368654,,"Laptop Acer Aspire Lite 15 AL15-36P-30TN - NX.DDASV.001 (Core 3 N350, 8GB, 512GB, Full HD, Win11)",Acer,laptop,17890000.0,18990000.0,1100000.0,5.0,5.0,761.0,https://www.thegioididong.com/laptop/acer-aspire-lite-15-al15-36p-30tn-core-3-n350-nx-ddasv-001,thegioididong,2026-09-21
thegioididong_366741,366741,,"Laptop Lenovo IdeaPad Slim 5 OLED 14IPH11 - 83S5000DVN (Ultra 5 322, 16GB, 512GB, WUXGA OLED, Win11)",Lenovo,laptop,31390000.0,32990000.0,1600000.0,5.0,5.0,16.0,https://www.thegioididong.com/laptop/lenovo-ideapad-slim-5-oled-14iph11-ultra-5-322-83s5000dvn,thegioididong,2026-09-21
thegioididong_362020,362020,,"Laptop Dell 15 DC15250 - CPH991 (i7 1355U, 16GB, 1TB, Full HD 120Hz, OfficeHS24+365, Win11)",Dell,laptop,27890000.0,28490000.0,600000.0,2.0,5.0,542.0,https://www.thegioididong.com/laptop/dell-15-dc15250-i7-1355u-cph991,thegioididong,2026-09-21
thegioididong_360691,360691,,"Laptop Dell 15 DC15250 - 71084746 (i5 1334U, 16GB, 512GB, Full HD 120Hz, OfficeHS24+365, Win11)",Dell,laptop,22890000.0,24490000.0,1600000.0,6.0,5.0,1520.0,https://www.thegioididong.com/laptop/dell-15-dc15250-i5-1334u-71084746,thegioididong,2026-09-21
thegioididong_367575,367575,,"Laptop HP 15 fd2127TU - D72CCPA (Ultra 5 225U, 16GB, 512GB, Full HD, Win11)",HP,laptop,25290000.0,26990000.0,1700000.0,6.0,5.0,85.0,https://www.thegioididong.com/laptop/hp-15-fd2127tu-ultra-5-225u-d72ccpa,thegioididong,2026-09-21
thegioididong_338320,338320,,"Laptop Asus Vivobook S14 S3407CA - LY095WS (Ultra 5 225H, 16GB, 512GB, WUXGA, OfficeH24+365, Win11)",Asus,laptop,24090000.0,,,,4.9,1534.0,https://www.thegioididong.com/laptop/asus-s3407ca-ultra-5-ly095ws,thegioididong,2026-09-21
thegioididong_365624,365624,,"Laptop HP 15 fd1487TU - D0BH4PA (Ultra 5 125H, 24GB, 512GB, Full HD, Win11)",HP,laptop,25090000.0,26690000.0,1600000.0,5.0,5.0,200.0,https://www.thegioididong.com/laptop/hp-15-fd1487tu-ultra-5-125h-d0bh4pa,thegioididong,2026-09-21
thegioididong_341266,341266,,"Laptop HP OmniBook 5 AI 16 af1046TU - BZ7Q8PA (Ultra 5 225U, 16GB, 512GB, WUXGA, Cảm ứng, OfficeH24, Win11)",HP,laptop,27690000.0,31990000.0,4300000.0,13.0,5.0,417.0,https://www.thegioididong.com/laptop/hp-omnibook-5-ai-16-af1046tu-ultra-5-225u-bz7q8pa,thegioididong,2026-09-21
thegioididong_364183,364183,,"Laptop Asus VivoBook Go 14 E1404FA - EB945W (R5 40, 16GB, 512GB, Full HD, Win11)",Asus,laptop,21790000.0,28490000.0,6700000.0,23.0,5.0,490.0,https://www.thegioididong.com/laptop/asus-vivobook-go-14-e1404fa-r5-40-eb945w,thegioididong,2026-09-21
thegioididong_362406,362406,,"Laptop Asus Vivobook Go 15 E1504FA - BQ350W (R5 40, 16GB, 512GB, Full HD, Win11)",Asus,laptop,21890000.0,28490000.0,6600000.0,23.0,4.9,499.0,https://www.thegioididong.com/laptop/asus-vivobook-go-15-e1504fa-r5-40-bq350w,thegioididong,2026-09-21
thegioididong_368208,368208,,"Laptop Lenovo IdeaPad Slim 3 14IWC11 - 83RQ002PVN (Core 5 320, 8GB, 512GB, WUXGA, Win11)",Lenovo,laptop,19990000.0,,,,5.0,33.0,https://www.thegioididong.com/laptop/lenovo-ideapad-slim-3-14iwc11-core-5-320-83rq002pvn,thegioididong,2026-09-21
thegioididong_362410,362410,,"Laptop Asus Vivobook 14 X1407CA - LY008W (Ultra 5 225H, 16GB, 512GB, WUXGA, Win11)",Asus,laptop,23790000.0,,,,5.0,544.0,https://www.thegioididong.com/laptop/asus-vivobook-14-x1407ca-ultra-5-225h-ly008w,thegioididong,2026-09-21
thegioididong_362024,362024,,"Laptop Dell Pro 14 Essential PV14250 - PV14250-120U-16512W-BL (Core 5 120U, 16GB, 512GB, Full HD+, OfficeH24+365, Win11)",Dell,laptop,28390000.0,28990000.0,600000.0,2.0,5.0,838.0,https://www.thegioididong.com/laptop/dell-pro-14-essential-pv14250-core-5-120u-pv14250-120u-16512w-bl,thegioididong,2026-09-21
thegioididong_362621,362621,,"Laptop Asus TUF Gaming FA506NCQ - HN005W (R7 170, 16GB, 512GB, RTX 3050 4GB, Full HD 144Hz, Win11)",Asus,laptop,28590000.0,29990000.0,1400000.0,5.0,5.0,900.0,https://www.thegioididong.com/laptop/asus-tuf-gaming-fa506ncq-r7-170-hn005w,thegioididong,2026-09-21
thegioididong_358078,358078,,"Laptop HP OmniBook 5 Flip 14 fp0057TU - BZ7Q6PA (Core 5 120U, 16GB, 512GB, WUXGA, Cảm ứng, OfficeH24, Win11)",HP,laptop,26890000.0,29990000.0,3100000.0,10.0,5.0,770.0,https://www.thegioididong.com/laptop/hp-omnibook-5-flip-14-fp0057tu-core-5-120u-bz7q6pa,thegioididong,2026-09-21
thegioididong_338204,338204,,"Laptop HP Gaming VICTUS 15 fa2731TX - B85LNPA (i5 13420H, 16GB, 512GB, RTX 3050 6GB, Full HD 144Hz, Win11)",HP,laptop,27890000.0,,,,4.9,1652.0,https://www.thegioididong.com/laptop/hp-victus-15-fa2731tx-i5-b85lnpa,thegioididong,2026-09-21
thegioididong_360420,360420,,"Laptop Asus Vivobook 15 X1504VA - BQ295W (Core 7 150U, 16GB, 512GB, Full HD, Win11)",Asus,laptop,23190000.0,,,,5.0,839.0,https://www.thegioididong.com/laptop/asus-vivobook-15-x1504va-core-7-150u-bq295w,thegioididong,2026-09-21
thegioididong_368556,368556,,"Laptop Dell 15 DC15255 - DC5R5973W1-2Y (R5 7530U, 16GB, 512GB, Full HD 120Hz, OfficeHS24+365, Win11)",Dell,laptop,24390000.0,25690000.0,1300000.0,5.0,5.0,4.0,https://www.thegioididong.com/laptop/dell-15-dc15255-r5-7530u-dc5r5973w1-2y,thegioididong,2026-09-21
thegioididong_358132,358132,,"Laptop Asus Vivobook S14 S3407VA - LY146W (Core 5 210H, 16GB, 512GB, WUXGA, Win11)",Asus,laptop,22590000.0,22990000.0,400000.0,2.0,5.0,1650.0,https://www.thegioididong.com/laptop/asus-vivobook-s14-s3407va-core-5-210h-ly146w,thegioididong,2026-09-21
thegioididong_363537,363537,,Laptop MacBook Neo 13 inch A18 Pro 8GB/256GB,MacBook,laptop,19490000.0,,,,4.9,2832.0,https://www.thegioididong.com/laptop/macbook-neo-13-inch-a18-pro-8gb-256gb,thegioididong,2026-09-21
thegioididong_361311,361311,,"Laptop HP 15 fc0023AU - D0BH1PA (R5 7520U, 16GB, 512GB, Full HD, Win11)",HP,laptop,22390000.0,24290000.0,1900000.0,7.0,4.9,5055.0,https://www.thegioididong.com/laptop/hp-15-fc0023au-r5-7520u-d0bh1pa,thegioididong,2026-09-21
phongvu_220920819.0,464239,220920819.0,Laptop cũ Acer Swift 3 SF314-511-55QE (NX.ABNSV.003) (i5-1135G7) (Bạc) - Đã sử dụng,Acer,laptop,10490000.0,23790000.0,13300000.0,56.0,,,,phongvu,2026-09-21
phongvu_221002177.0,465607,221002177.0,Laptop cũ Dell Inspiron 3525 (3525 - N5R75825U106W) (AMD Ryzen 7 5825U) - Đã sử dụng,Dell,laptop,10990000.0,20490000.0,9500000.0,46.0,,,,phongvu,2026-09-21
phongvu_221100518.0,467997,221100518.0,Laptop cũ HP ProBook 450 G9 (6M0Z5PA) (i5-1240P ) (Bạc) - Demo,HP,laptop,11490000.0,22290000.0,10800000.0,48.0,,,,phongvu,2026-09-21
phongvu_221101138.0,468527,221101138.0,Laptop cũ Dell Vostro 14 3400 (YX51W5) (i5-1135G7) (Đen) - Đã sử dụng,Dell,laptop,7990000.0,18990000.0,11000000.0,58.0,,,,phongvu,2026-09-21
phongvu_221101139.0,468528,221101139.0,Laptop cũ HP 240 G8 (617L4PA) (i5-1135G7) (Bạc) - Đã sử dụng,HP,laptop,7990000.0,17490000.0,9500000.0,54.0,,,,phongvu,2026-09-21
phongvu_230300348.0,504990,230300348.0,Laptop cũ MSI Bravo 15 B5DD-276VN (AMD Ryzen 5 5600H) (Đen) - Hàng trưng bày,Msi,laptop,17990000.0,17990000.0,0.0,0.0,,,,phongvu,2026-09-21
phongvu_230402640.0,512788,230402640.0,Laptop cũ Acer Swift 3 SF314-511-55QE (NX.ABNSV.003) (i5-1135G7) (Bạc) - Demo,Acer,laptop,10490000.0,23790000.0,13300000.0,56.0,,,,phongvu,2026-09-21
phongvu_230700540.0,518251,230700540.0,Laptop cũ Gigabyte U4 UD-50S1823SO (i5-1155G7) (Đen) - Demo,Gigabyte,laptop,6990000.0,17490000.0,10500000.0,60.0,,,,phongvu,2026-09-21
phongvu_241101675.0,589797,241101675.0,Laptop Msi Stealth A16 AI+ A3XVGG - 208VN (Ryzen AI 9 HX 370/ GeForce RTX™ 4070/ 32GB/ 2TB/ Win 11 Home),Msi,laptop,68990000.0,72490000.0,3500000.0,5.0,,,,phongvu,2026-09-21
phongvu_250201008.0,616759,250201008.0,"Laptop Lenovo IdeaPad Slim 3 14IRH10 - 83K0004JVN (i5-13420H/ 16GB/ 512GB/ Win 11 Home SL, English)",Lenovo,laptop,20990000.0,20990000.0,0.0,0.0,,,,phongvu,2026-09-21
phongvu_250308176.0,628302,250308176.0,Laptop cũ Acer Swift Edge SFA16-41-R3L6 (NX.KABSV.002) (AMD Ryzen 7 6800U) (Xanh) - Demo,Acer,laptop,15490000.0,39990000.0,24500000.0,61.0,,,,phongvu,2026-09-21
phongvu_250308877.0,629004,250308877.0,Laptop Acer Aspire 5 A515-58P-9841 (i9-13900H/ 16GB/ 512GB/ Win 11 Home SL),Acer,laptop,21690000.0,22690000.0,1000000.0,4.0,,,,phongvu,2026-09-21
phongvu_250400647.0,632598,250400647.0,Laptop HP OmniBook X 14-fe1010QU - B53KBPA (Snapdragon X1P 42 100/ 16GB/ 512GB/ Win 11 Home SL + Office),HP,laptop,31490000.0,31990000.0,500000.0,2.0,,,,phongvu,2026-09-21
phongvu_250409681.0,641641,250409681.0,Laptop Acer Nitro Lite 16 NL16-71G-56WQ (i5-13420H/ GeForce RTX™ 3050/ 16GB/ 512GB/ Win 11 Home SL),Acer,laptop,29590000.0,29590000.0,0.0,0.0,,,,phongvu,2026-09-21
phongvu_250414090.0,646217,250414090.0,Laptop Asus ExpertBook B3405CCA-LY0077W (Ultra 5-225H/ 16GB/ 512GB/ Win 11 Home),Asus,laptop,25890000.0,29490000.0,3600000.0,12.0,,,,phongvu,2026-09-21
phongvu_250414094.0,646221,250414094.0,Laptop Acer Aspire 14 AI A14-52M-71YQ (Ultra 7-256V/ 16GB/ 1TB/ Win 11 Home SL),Acer,laptop,27090000.0,27990000.0,900000.0,3.0,,,,phongvu,2026-09-21
phongvu_250415718.0,647858,250415718.0,Laptop cũ Acer Swift 3 SF314-512-56QN (NX.K0FSV.002) (i5-1240P) (Bạc) - Demo,Acer,laptop,14990000.0,24790000.0,9800000.0,40.0,,,,phongvu,2026-09-21
phongvu_250512246.0,666265,250512246.0,Laptop Gigabyte Gaming A16 CMHI2VN893SH (i7-13620H/ GeForce RTX™ 4050/ 16GB/ 512GB/ Win 11 Home SL),Gigabyte,laptop,33990000.0,33990000.0,0.0,0.0,,,,phongvu,2026-09-21
phongvu_250517378.0,673058,250517378.0,Laptop Asus Vivobook S S3407CA-LY096WS (Ultra 7-255H/ 16GB/ 512GB/ Win 11 Home + Office + Microsoft),Asus,laptop,27890000.0,30990000.0,3100000.0,10.0,,,,phongvu,2026-09-21
phongvu_250637377.0,715435,250637377.0,Laptop Asus Gaming V16 V3607VH-RP024W (Core 5 210H/ GeForce RTX™ 5050/ 16GB/ 512GB/ Win 11 Home),Asus,laptop,28490000.0,28490000.0,0.0,0.0,,,,phongvu,2026-09-21
phongvu_250640718.0,719814,250640718.0,Laptop Lenovo ThinkPad X9-14 Gen 1 - 21QA006KVN (Ultra 7-258V/ 32GB/ 1TB/ Win 11 Pro),Lenovo,laptop,55990000.0,59490000.0,3500000.0,6.0,,,,phongvu,2026-09-21
phongvu_250640725.0,719821,250640725.0,Laptop Lenovo ThinkPad X9-14 Gen 1 - 21QA006LVN (Ultra 7-258V/ 32GB/ 1TB/ Win 11 Pro),Lenovo,laptop,61990000.0,63490000.0,1500000.0,2.0,,,,phongvu,2026-09-21
phongvu_250640733.0,719828,250640733.0,Laptop Dell Inspiron 5441 - 5MNK1 (Snapdragon X1P 64 100/ 16GB/ 512GB/ Win 11 Home SL + Office),Dell,laptop,28990000.0,30190000.0,1200000.0,4.0,,,,phongvu,2026-09-21
phongvu_250643177.0,722302,250643177.0,Laptop Msi Venture A15 AI A2HMG-003VN (Ryzen 7 260/ 16GB/ 512GB/ Win 11 Home SEA),Msi,laptop,22490000.0,22490000.0,0.0,0.0,,,,phongvu,2026-09-21
phongvu_250643178.0,722301,250643178.0,Laptop Msi Katana 15 HX B14WEK-027VN (i7-14650HX/ GeForce RTX™ 5050/ 32GB/ 512GB/ Win 11 Home),Msi,laptop,44990000.0,49990000.0,5000000.0,10.0,,,,phongvu,2026-09-21
phongvu_250645445.0,724633,250645445.0,laptop Dell XPS13 9340 - HXRGT (Ultra 7-155H) (Bạc) - Đã sử dụng,Dell,laptop,34990000.0,60990000.0,26000000.0,43.0,,,,phongvu,2026-09-21
phongvu_250716126.0,755363,250716126.0,Laptop Msi Katana B14WEK-286VN (i5-14450HX/ GeForce RTX™ 5050/ 16GB/ 512GB/ Win 11 Home),Msi,laptop,38990000.0,41990000.0,3000000.0,7.0,,,,phongvu,2026-09-21
phongvu_250716146.0,755383,250716146.0,Laptop Asus Vivobook 14 X1404VA-EB509W (i3-1315U/ 8GB/ 512GB/ Win 11 Home),Asus,laptop,15990000.0,18990000.0,3000000.0,16.0,,,,phongvu,2026-09-21
phongvu_250719798.0,759277,250719798.0,Laptop HP Omnibook 5 16-af1048TU - BZ7Q9PA (Ultra 5-225U/ 16GB/ 512GB/ Win 11 Home SL + Office),HP,laptop,26490000.0,31590000.0,5100000.0,16.0,,,,phongvu,2026-09-21
phongvu_250719864.0,759342,250719864.0,Laptop Asus Vivobook S14 S3407QA-SF043WS (Snapdragon X X1 26 100/ 16GB/ 512GB/ Win 11 Home + Office + Microsoft),Asus,laptop,23390000.0,25990000.0,2600000.0,10.0,,,,phongvu,2026-09-21
phongvu_250719877.0,759355,250719877.0,Laptop Asus Vivobook S16 S3607QA-SH040WS (Snapdragon X X1 26 100/ 16GB/ 512GB/ Win 11 Home + Office + Microsoft),Asus,laptop,23490000.0,23490000.0,0.0,0.0,,,,phongvu,2026-09-21
phongvu_250719886.0,759364,250719886.0,Laptop HP Victus 15-fb3116AX - BX8U4PA (Ryzen 7 7445HS/ GeForce RTX™ 3050/ 16GB/ 512GB/ Win 11 Home),HP,laptop,27490000.0,29490000.0,2000000.0,7.0,,,,phongvu,2026-09-21
phongvu_250800189.0,762657,250800189.0,Laptop Acer Nitro ProPanel ANV15-52-59AA (Core i5-13420H/ GeForce RTX™ 5050/ 16GB/ 512GB/ Win 11 Home SL),Acer,laptop,31990000.0,41990000.0,10000000.0,24.0,,,,phongvu,2026-09-21
phongvu_250801472.0,763965,250801472.0,Laptop HP Victus 15 fa2731TX (B85LNPA) (i5-13420H/ GeForce RTX™ 3050/ 16GB/ 512GB/ Win 11 Home SL),HP,laptop,25990000.0,30990000.0,5000000.0,16.0,,,,phongvu,2026-09-21
phongvu_250803168.0,765771,250803168.0,Laptop Acer Nitro ProPanel ANV15-41-R7CR (Ryzen 5 7535HS/ GeForce RTX™ 4050/ 16GB/ 512GB/ Win 11 Home SL),Acer,laptop,27490000.0,32990000.0,5500000.0,17.0,,,,phongvu,2026-09-21
phongvu_250803209.0,765814,250803209.0,Laptop Lenovo ThinkPad X9-15 Gen 1 - 21Q6004YVN (Ultra 5-226V/ 16GB/ 1TB/ Win 11 Pro),Lenovo,laptop,49990000.0,53890000.0,3900000.0,7.0,,,,phongvu,2026-09-21
phongvu_250803244.0,765850,250803244.0,"Laptop Lenovo LOQ 15IRX9 - 83DV01ALVN (i7-13650HX/ GeForce RTX™ 4050/ 16GB/ 512GB/ Win 11 Home SL, English)",Lenovo,laptop,33990000.0,48990000.0,15000000.0,31.0,,,,phongvu,2026-09-21
phongvu_250804402.0,767015,250804402.0,Laptop cũ MSI Sword 16 HX B14VFKG-045VN (i7-14700HX) (Xám) - Demo,Msi,laptop,39990000.0,39990000.0,0.0,0.0,,,,phongvu,2026-09-21
phongvu_250804488.0,767101,250804488.0,Laptop cũ MSI Sword 16 HX B14VFKG-045VN (i7-14700HX) (Xám) - Đã kích hoạt,Msi,laptop,39990000.0,39990000.0,0.0,0.0,,,,phongvu,2026-09-21
phongvu_250804678.0,767291,250804678.0,Laptop cũ Acer Swift Lite 14 SFL14-51M-56HS (Ultra 5-125U) (Bạc) - Đã kích hoạt,Acer,laptop,14990000.0,19690000.0,4700000.0,24.0,,,,phongvu,2026-09-21
phongvu_250804746.0,767359,250804746.0,Laptop cũ HP Pavilion 15-eg3093TU (8C5L4PA) (i5-1335U) (Vàng) - Đã sử dụng,HP,laptop,12990000.0,21290000.0,8300000.0,39.0,,,,phongvu,2026-09-21
phongvu_250804758.0,767371,250804758.0,Laptop cũ Acer Swift Lite 14 SFL14-51M-56HS (Ultra 5-125U) (Bạc) - Đã kích hoạt,Acer,laptop,15490000.0,19690000.0,4200000.0,21.0,,,,phongvu,2026-09-21
phongvu_250804766.0,767386,250804766.0,Laptop cũ HP Envy X360 14-fa0047AU - A19BPPA (AMD Ryzen 7 8840HS) (Bạc) - Đã sử dụng,HP,laptop,21990000.0,33990000.0,12000000.0,35.0,,,,phongvu,2026-09-21
phongvu_250809136.0,772401,250809136.0,Laptop Dell 15 DC15255 - X9YM41 (Ryzen 7 7730U/ 16GB/ 1TB/ Win 11 Home SL + Office),Dell,laptop,22990000.0,23990000.0,1000000.0,4.0,,,,phongvu,2026-09-21
phongvu_250900507.0,773076,250900507.0,Laptop Acer Nitro ProPanel ANV16S-61-R0B8 (Ryzen AI 5 340/ GeForce RTX™ 5050/ 16GB/ 512GB/ Win 11 Home SL),Acer,laptop,42990000.0,42990000.0,0.0,0.0,,,,phongvu,2026-09-21
phongvu_250902465.0,775160,250902465.0,Laptop HP OmniBook 5 16-ag1067AU - BZ7U5PA (Ryzen AI 7 350/ 16GB/ 512GB/ Win 11 Home + Office + Microsoft),HP,laptop,26490000.0,33990000.0,7500000.0,22.0,,,,phongvu,2026-09-21
phongvu_250902466.0,775161,250902466.0,Laptop HP OmniBook 7 Aero 13-bg1087AU - BZ7S1PA (Ryzen AI 5 340/ 16GB/ 512GB/ Win 11 Home + Office + Microsoft),HP,laptop,28990000.0,29790000.0,800000.0,3.0,,,,phongvu,2026-09-21
phongvu_250902468.0,775164,250902468.0,Laptop Asus ExpertBook P5 P5405CSA-NZ0016W (Ultra 5-226V/ 16GB/ 512GB/ Win 11 Home),Asus,laptop,29990000.0,30990000.0,1000000.0,3.0,,,,phongvu,2026-09-21
phongvu_250902473.0,775170,250902473.0,Laptop HP OmniBook 7 14-fr0033TU - C1MN2PA (Ultra 5-225U/ 16GB/ 512GB/ Win 11 Home + Office + Microsoft),HP,laptop,27490000.0,30990000.0,3500000.0,11.0,,,,phongvu,2026-09-21
phongvu_250902474.0,775171,250902474.0,Laptop HP OmniBook 7 Aero 13-bg1083AU - BZ7R9PA (Ryzen AI 7 350/ 32GB/ 512GB/ Win 11 Home + Office + Microsoft),HP,laptop,35990000.0,37190000.0,1200000.0,3.0,,,,phongvu,2026-09-21
phongvu_250902478.0,775175,250902478.0,Laptop HP OmniBook 7 Aero 13-bg1085AU - BZ7U6PA (Ryzen AI 7 350/ 16GB/ 512GB/ Win 11 Home + Office + Microsoft),HP,laptop,31490000.0,33190000.0,1700000.0,5.0,,,,phongvu,2026-09-21
phongvu_250904062.0,776757,250904062.0,Laptop cũ Asus TUF Gaming A14 FA401WV-RG062WS (AMD Ryzen AI 9 HX 370) (Xám) - Demo,Asus,laptop,44990000.0,44990000.0,0.0,0.0,,,,phongvu,2026-09-21
phongvu_250904169.0,776864,250904169.0,Laptop Asus ROG Strix G16 G615LR-S5238W (Core Ultra 7-255HX) (Xám) - Đã kích hoạt,Asus,laptop,58990000.0,58990000.0,0.0,0.0,,,,phongvu,2026-09-21
phongvu_250904247.0,776943,250904247.0,Laptop cũ Acer Aspire 5 A514-56P-55K5 (NX.KHRSV.003) (i5-1335U) (Xám) - Đã kích hoạt,Acer,laptop,10990000.0,16990000.0,6000000.0,35.0,,,,phongvu,2026-09-21
phongvu_250908221.0,780986,250908221.0,Laptop Dell 15 DC15250 - CPH997 (i7-1355U/ 16GB/ 1TB/ Win 11 Home SL + Office),Dell,laptop,24990000.0,27490000.0,2500000.0,9.0,,,,phongvu,2026-09-21
phongvu_250908233.0,780994,250908233.0,Laptop Acer Nitro ProPanel AN16S-61-R5F4 (Ryzen AI 7 350/ GeForce RTX™ 5060/ 16GB/ 512GB/ Win 11 Home SL),Acer,laptop,46990000.0,50990000.0,4000000.0,8.0,,,,phongvu,2026-09-21
phongvu_250911676.0,784534,250911676.0,Laptop Lenovo LOQ 15IRX10 - 83JE00PEVN (i7-13650HX/ GeForce RTX™ 5050/ 16GB/ 512GB/ Win 11 Home),Lenovo,laptop,39990000.0,46990000.0,7000000.0,15.0,,,,phongvu,2026-09-21
phongvu_251001972.0,788539,251001972.0,Laptop Dell 16 DC16250 - C7U161W11BLU (Core 7 150U/ 16GB/ 1TB/ Win 11 Home + Office + Microsoft),Dell,laptop,30990000.0,30990000.0,0.0,0.0,,,,phongvu,2026-09-21
phongvu_251001992.0,788558,251001992.0,Laptop Dell 16 DC16251 - DC6C7557W1 (Core 7 150U/ GeForce MX570A/ 16GB/ 1TB/ Win 11 Home + Office + Microsoft),Dell,laptop,31990000.0,35990000.0,4000000.0,11.0,,,,phongvu,2026-09-21
phongvu_251001999.0,788565,251001999.0,Laptop Dell 16 Plus DB16250 - DB6U5387W1 (Ultra 5-226V/ 16GB/ 1TB/ Win 11 Home + Office + Microsoft),Dell,laptop,33990000.0,37990000.0,4000000.0,11.0,,,,phongvu,2026-09-21
phongvu_251002010.0,788575,251002010.0,Laptop HP OmniBook 5 AI 16-af1054TU - C1MN8PA (Ultra 7-255U/ 32GB/ 512GB/ Win 11 Home SL + Office),HP,laptop,31690000.0,39990000.0,8300000.0,21.0,,,,phongvu,2026-09-21
phongvu_251002014.0,788581,251002014.0,Laptop HP OmniBook 5 AI 16-af1052TU - C1MN6PA (Ultra 7-255U/ 32GB/ 512GB/ Win 11 Home SL + Office),HP,laptop,31490000.0,40990000.0,9500000.0,23.0,,,,phongvu,2026-09-21
phongvu_251002018.0,788585,251002018.0,Laptop HP OmniBook X Flip 14-fm0076TU - BZ7P6PA (Ultra 7-258V/ 32GB/ 512GB/ Win 11 Home SL + Office),HP,laptop,44990000.0,45990000.0,1000000.0,2.0,,,,phongvu,2026-09-21
phongvu_251002166.0,788717,251002166.0,Laptop MSI Prestige 13 Evo A13M - 081VN ( i7-1360P) (Xám) - Đã kích hoạt,Msi,laptop,22990000.0,33990000.0,11000000.0,32.0,,,,phongvu,2026-09-21
phongvu_251002247.0,788798,251002247.0,Laptop Acer Aspire 14 AI A14-52M-585Y (Core Ultra 5-226V) (Xám) - Đã kích hoạt,Acer,laptop,24590000.0,24590000.0,0.0,0.0,,,,phongvu,2026-09-21
phongvu_251002250.0,788801,251002250.0,Laptop Acer Swift 14 AI OLED SF14-51-53P9 (Ultra 5-226V) (Xanh) - Đã kích hoạt,Acer,laptop,24990000.0,34390000.0,9400000.0,27.0,,,,phongvu,2026-09-21
phongvu_251012466.0,800642,251012466.0,Laptop Msi Cyborg 15 A13UC-2082VN (i7-13620H/ GeForce RTX™ 3050/ 16GB/ 512GB/ Win 11 Home SEA),Msi,laptop,27990000.0,30690000.0,2700000.0,9.0,,,,phongvu,2026-09-21
phongvu_251012474.0,800654,251012474.0,Laptop Dell 15 DC15250 - CPH99 (i5-1334U/ 16GB/ 512GB/ Win 11 Home SL + Office),Dell,laptop,21990000.0,22490000.0,500000.0,2.0,,,,phongvu,2026-09-21
phongvu_251012819.0,801032,251012819.0,Laptop HP ProBook 4 G1i - BQ5B4PT (Ultra 5-225H/ 16GB/ 512GB/ Win 11 Home SL),HP,laptop,30990000.0,36390000.0,5400000.0,15.0,,,,phongvu,2026-09-21
phongvu_251017439.0,807326,251017439.0,Laptop Acer Gaming Nitro V 15 - ANV15-41-R732 (Ryzen 5 6600H/ GeForce RTX™ 4050/ 16GB/ 512GB/ Win 11 Home SL),Acer,laptop,28990000.0,31990000.0,3000000.0,9.0,,,,phongvu,2026-09-21
phongvu_251019398.0,809533,251019398.0,Laptop Dell Pro 14 Plus PB14250-235U-16512W (U5-235U vPro/ 16GB/ 512GB/ Win 11 Home SL),Dell,laptop,35290000.0,35290000.0,0.0,0.0,,,,phongvu,2026-09-21
phongvu_251100594.0,811358,251100594.0,Laptop HP Pavilion 15-eg3093TU (8C5L4PA) (i5-1335U) (Vàng) - Demo,HP,laptop,12990000.0,21290000.0,8300000.0,39.0,,,,phongvu,2026-09-21
phongvu_251100597.0,811361,251100597.0,Laptop Asus Zenbook 14 UM3406KA-PP555WS (AMD Ryzen AI 7 350) (Đen) - Demo,Asus,laptop,31990000.0,31990000.0,0.0,0.0,,,,phongvu,2026-09-21
phongvu_251100690.0,811454,251100690.0,Laptop Acer Aspire Lite 14 - AL14-52M-32KV (i3-1305U) (Xám) - Đã kích hoạt,Acer,laptop,7490000.0,11290000.0,3800000.0,34.0,,,,phongvu,2026-09-21
phongvu_251100698.0,811462,251100698.0,Laptop Acer Swift Lite 14 SFL14-51M-56HS (Ultra 5-125U) (Bạc) - Đã kích hoạt,Acer,laptop,14990000.0,19690000.0,4700000.0,24.0,,,,phongvu,2026-09-21
phongvu_251100721.0,811485,251100721.0,Laptop Acer Nitro Lite 16 NL16-71G-71UJ (i7-13620H) (Trắng) - Đã sử dụng,Acer,laptop,23590000.0,23590000.0,0.0,0.0,,,,phongvu,2026-09-21
phongvu_251100733.0,811497,251100733.0,Laptop HP Victus 16-s0140AX - 9Q987PA (AMD Ryzen 7 7840HS) (Đen) - Demo,HP,laptop,24990000.0,35890000.0,10900000.0,30.0,,,,phongvu,2026-09-21
phongvu_251100923.0,811695,251100923.0,Laptop Msi Cyborg 15 A13UC-2088VN (i5-13420H/ GeForce RTX™ 3050/ 16GB/ 512GB/ Win 11 Home),Msi,laptop,25990000.0,29690000.0,3700000.0,12.0,,,,phongvu,2026-09-21
phongvu_251100924.0,811698,251100924.0,Laptop Msi Cyborg 15 B13WFKG-658VN (Core i7-13620H/ GeForce RTX™ 5060/ 16GB/ 1TB/ Win 11 Home),Msi,laptop,35990000.0,40490000.0,4500000.0,11.0,,,,phongvu,2026-09-21
phongvu_251100926.0,811697,251100926.0,Laptop Msi Cyborg 15 B13WEKG-676VN (i5-13420H/ GeForce RTX™ 5050/ 16GB/ 512GB/ Win 11 Home),Msi,laptop,31990000.0,37490000.0,5500000.0,15.0,,,,phongvu,2026-09-21
phongvu_251104418.0,815145,251104418.0,Laptop HP EliteBook 6 G1i 13 - BQ9M6PT (Ultra 7-255U/ 16GB/ 512GB/ Win 11 Home),HP,laptop,35990000.0,38990000.0,3000000.0,8.0,,,,phongvu,2026-09-21
phongvu_251106306.0,817201,251106306.0,Laptop Gigabyte Gaming A16 CTHH3VN893SH (i5-13420H/ GeForce RTX™ 5050/ 16GB/ 512GB/ Win 11 Home SL),Gigabyte,laptop,33990000.0,36990000.0,3000000.0,8.0,,,,phongvu,2026-09-21
phongvu_251106310.0,817204,251106310.0,Laptop Gigabyte Gaming A16 CVHI3VNC94SH (i7-13620H/ GeForce RTX™ 5060/ 16GB/ 1TB/ Win 11 Home SL),Gigabyte,laptop,39990000.0,42990000.0,3000000.0,7.0,,,,phongvu,2026-09-21
phongvu_251107244.0,818400,251107244.0,Laptop Lenovo LOQ Essential 15IRX11 - 83SC003RVN (i5-13450HX/ GeForce RTX™ 5050/ 16GB/ 512GB/ Win 11 Home SL),Lenovo,laptop,38590000.0,42990000.0,4400000.0,10.0,,,,phongvu,2026-09-21
phongvu_251107254.0,818414,251107254.0,Laptop Acer Nitro ProPanel ANV16S-41-R337 (Ryzen 7 260/ GeForce RTX™ 5050/ 16GB/ 1TB/ Win 11 Home SL),Acer,laptop,42590000.0,43990000.0,1400000.0,3.0,,,,phongvu,2026-09-21
phongvu_251109448.0,820541,251109448.0,Laptop HP 15-fd0823TU - C81NMPA (i7-1355U/ 16GB/ 512GB/ Win 11 Home),HP,laptop,22990000.0,24490000.0,1500000.0,6.0,,,,phongvu,2026-09-21
phongvu_251109453.0,820547,251109453.0,Laptop HP OmniBook 5 Flip 14-fp0057TU - BZ7Q6PA (Core 5 120U/ 16GB/ 512GB/ Win 11 Home SL + Office),HP,laptop,27990000.0,31590000.0,3600000.0,11.0,,,,phongvu,2026-09-21
phongvu_251109456.0,820548,251109456.0,Laptop HP OmniBook 5 Flip 14-fp0055TU - BZ7Q4PA (Core 7 150U/ 24GB/ 512GB/ Win 11 Home SL + Office),HP,laptop,36990000.0,36990000.0,0.0,0.0,,,,phongvu,2026-09-21
phongvu_251109457.0,820550,251109457.0,Laptop HP Victus 15 fa2732TX - B85LPPA (i5-13420H/ GeForce RTX™ 4050/ 16GB/ 512GB/ Win 11 Home SL),HP,laptop,29990000.0,31990000.0,2000000.0,6.0,,,,phongvu,2026-09-21
phongvu_251113271.0,824406,251113271.0,Laptop Lenovo Ideapad Slim 5 14AKP10 - 83HX00ABVN (Ryzen AI 5 330/ 16GB/ 512GB/ Win 11 Home SL),Lenovo,laptop,23990000.0,30990000.0,7000000.0,23.0,,,,phongvu,2026-09-21
phongvu_251113506.0,824662,251113506.0,Laptop Acer Swift Edge 14 AI SFE14-51T-52KD (Ultra 5-228V/ 32GB/ 512GB/ Win 11 Home SL),Acer,laptop,41990000.0,42990000.0,1000000.0,2.0,,,,phongvu,2026-09-21
phongvu_251202421.0,828040,251202421.0,Laptop Acer Predator Triton 14 AI PT14-52T-99TU (Ultra 9-288V/ GeForce RTX™ 5070/ 32GB/ 2TB/ Win 11 Home SL),Acer,laptop,91990000.0,95990000.0,4000000.0,4.0,,,,phongvu,2026-09-21
phongvu_251203613.0,829451,251203613.0,Laptop Asus Vivobook S S3407CA-LY095WS (Core Ultra 5-225H) (Xám) - Đã kích hoạt,Asus,laptop,19190000.0,22490000.0,3300000.0,15.0,,,,phongvu,2026-09-21
phongvu_251203633.0,829471,251203633.0,Laptop Dell Inspiron 14 5440 - N4I7204W1 (Core 7-150U) (Xanh) - Đã kích hoạt,Dell,laptop,20990000.0,26490000.0,5500000.0,21.0,,,,phongvu,2026-09-21
phongvu_251203653.0,829491,251203653.0,Laptop Acer Aspire Lite 15 AL15-41P-R3U5 (AMD Ryzen 7-5700U) (Bạc) - Đã kích hoạt,Acer,laptop,10790000.0,12790000.0,2000000.0,16.0,,,,phongvu,2026-09-21
phongvu_251203677.0,829515,251203677.0,Laptop MSI Katana 15 B13UDXK-2410VN ( i5-13420H) (Đen) - Đã kích hoạt,Msi,laptop,23990000.0,23990000.0,0.0,0.0,,,,phongvu,2026-09-21
phongvu_251203692.0,829530,251203692.0,Laptop Lenovo LOQ 15IRX9 - 83DV013PVN (i5-13450HX) (Xám) - Đã kích hoạt,Lenovo,laptop,25990000.0,25990000.0,0.0,0.0,,,,phongvu,2026-09-21
phongvu_251203697.0,829535,251203697.0,Laptop Lenovo LOQ 15IRX9 - 83DV013PVN (i5-13450HX) (Xám) - Đã kích hoạt,Lenovo,laptop,25990000.0,25990000.0,0.0,0.0,,,,phongvu,2026-09-21
phongvu_251203714.0,829552,251203714.0,Laptop HP 15s-fq5228TU - 8U240PA (i3-1215U) (Xanh) - Đã sử dụng,HP,laptop,8790000.0,11990000.0,3200000.0,27.0,,,,phongvu,2026-09-21
phongvu_251203847.0,829685,251203847.0,Laptop MSI Sword 16 HX B14VFKG-045VN (i7-14700HX) (Xám) - Demo,Msi,laptop,39990000.0,39990000.0,0.0,0.0,,,,phongvu,2026-09-21
phongvu_251203866.0,829704,251203866.0,Laptop MSI Prestige 13 AI Evo A1MG-062VN (Ultra 7 155H) (Xám) - Demo,Msi,laptop,24990000.0,33990000.0,9000000.0,26.0,,,,phongvu,2026-09-21
phongvu_251203884.0,829722,251203884.0,Laptop MSI Cyborg 15 AI A1VEK-053VN (Ultra 7 155H) (Đen) - Demo,Msi,laptop,22990000.0,30990000.0,8000000.0,26.0,,,,phongvu,2026-09-21
phongvu_251203913.0,829751,251203913.0,Laptop MSI Cyborg 15 AI A1VEK-053VN (Ultra 7 155H) (Đen) - Demo,Msi,laptop,30990000.0,30990000.0,0.0,0.0,,,,phongvu,2026-09-21
phongvu_251203919.0,829757,251203919.0,Laptop MSI Prestige 13 AI Evo A1MG-062VN (Ultra 7 155H) (Xám) - Demo,Msi,laptop,22990000.0,33990000.0,11000000.0,32.0,,,,phongvu,2026-09-21
phongvu_251203923.0,829761,251203923.0,Laptop MSI Cyborg 15 AI A1VEK-053VN (Ultra 7 155H) (Đen) - Demo,Msi,laptop,30990000.0,30990000.0,0.0,0.0,,,,phongvu,2026-09-21
phongvu_251203925.0,829763,251203925.0,Laptop MSI Sword 16 HX B14VFKG-045VN (i7-14700HX) (Xám) - Demo,Msi,laptop,39990000.0,39990000.0,0.0,0.0,,,,phongvu,2026-09-21
phongvu_251203982.0,829820,251203982.0,Laptop Acer Swift 14 AI OLED SF14-51-75VP (Ultra 7-258V) (Xanh) - Đã kích hoạt,Acer,laptop,27990000.0,39290000.0,11300000.0,29.0,,,,phongvu,2026-09-21
phongvu_251203989.0,829827,251203989.0,Laptop Acer Swift 14 AI OLED SF14-51-53P9 (Ultra 5-226V) (Xanh) - Đã kích hoạt,Acer,laptop,24990000.0,34390000.0,9400000.0,27.0,,,,phongvu,2026-09-21
phongvu_251206294.0,832141,251206294.0,Laptop Dell 14 DC14250 DC4C5386W (Core 5 120U/ 16GB/ 512GB/ Win 11 Home SL + Office),Dell,laptop,24990000.0,28990000.0,4000000.0,14.0,,,,phongvu,2026-09-21
phongvu_251207551.0,833426,251207551.0,Laptop Acer Aspire 7 A715-59G-55MD (i5-13420H/ GeForce RTX™ 3050/ 16GB/ 512GB/ Win 11 Home SL),Acer,laptop,24990000.0,27990000.0,3000000.0,11.0,,,,phongvu,2026-09-21
phongvu_251207558.0,833436,251207558.0,Laptop Acer Aspire 7 A715-59G-78WG (i7-13620H/ GeForce RTX™ 3050/ 16GB/ 512GB/ Win 11 Home SL),Acer,laptop,26990000.0,29990000.0,3000000.0,10.0,,,,phongvu,2026-09-21
phongvu_251207559.0,833439,251207559.0,Laptop Acer Nitro ProPanel AN16S-61-R193 (Ryzen AI 9 365/ GeForce RTX™ 5070/ 16GB/ 512GB/ Win 11 Home SL),Acer,laptop,57990000.0,59990000.0,2000000.0,3.0,,,,phongvu,2026-09-21
phongvu_251208700.0,834866,251208700.0,Laptop Msi Prestige 14 AI+ Evo C2VMG-020VN (Ultra 7-258V/ 32GB/ 1TB/ Win 11 Home),Msi,laptop,34490000.0,35990000.0,1500000.0,4.0,,,,phongvu,2026-09-21
phongvu_251208701.0,834867,251208701.0,Laptop Msi Modern 15 H AI C2HMG-220VN (Ultra 7-255H/ 16GB/ 512GB/ Win 11 Home SL),Msi,laptop,22490000.0,23990000.0,1500000.0,6.0,,,,phongvu,2026-09-21
phongvu_251208702.0,834868,251208702.0,Laptop Msi Modern 15 H C2RMG-287VN (Core 7 240H/ 16GB/ 1TB/ Win 11 Home SL),Msi,laptop,20990000.0,24990000.0,4000000.0,16.0,,,,phongvu,2026-09-21
phongvu_251211508.0,837900,251211508.0,Laptop Dell 14 DC14255-R7165W11SLU (Ryzen 7 250/ 16GB/ 512GB/ Win 11 Home + Office + Microsoft),Dell,laptop,25490000.0,27490000.0,2000000.0,7.0,,,,phongvu,2026-09-21
phongvu_260101199.0,840016,260101199.0,Laptop Dell 14 DC14250 - F0FTK5 (Core 5 120U/ 16GB/ 1TB/ Win 11 Home + Office),Dell,laptop,25990000.0,27990000.0,2000000.0,7.0,,,,phongvu,2026-09-21
phongvu_260101201.0,840015,260101201.0,Laptop Dell 16 Plus DB16250 - X65NW7 (Ultra 7-256V/ 16GB/ 1TB/ Win 11 Home + Office),Dell,laptop,41290000.0,42990000.0,1700000.0,4.0,,,,phongvu,2026-09-21
phongvu_260101203.0,840014,260101203.0,Laptop Dell 14 DC14250 -  F0FTK7 (Core 7 150U/ GeForce MX570A/ 16GB/ 512GB/ Win 11 Home + Office),Dell,laptop,28990000.0,30990000.0,2000000.0,6.0,,,,phongvu,2026-09-21
phongvu_260102037.0,840876,260102037.0,Laptop Asus Vivobook 15 M1502NAQ-BQ031W (Ryzen 7 170/ 16GB/ 512GB/ Windows 11 Home),Asus,laptop,20490000.0,21690000.0,1200000.0,6.0,,,,phongvu,2026-09-21
phongvu_260102080.0,840916,260102080.0,Laptop Asus Vivobook 14 X1404VA-EB355W (Core 7 150U/ 16GB/ 512GB/ Win 11 Home),Asus,laptop,21490000.0,25990000.0,4500000.0,17.0,,,,phongvu,2026-09-21
phongvu_260102090.0,840924,260102090.0,Laptop Asus Gaming V16 V3607VJ-RP071W (Core 5 210H/ GeForce RTX™ 3050/ 16GB/ 512GB/ Win 11 Home),Asus,laptop,25990000.0,29990000.0,4000000.0,13.0,,,,phongvu,2026-09-21
phongvu_260102100.0,840939,260102100.0,Laptop Asus Vivobook 14 M1407GA-LY270W (Ryzen AI 7 445/ 16GB/ 512GB/ Windows 11 Home),Asus,laptop,24190000.0,26990000.0,2800000.0,10.0,,,,phongvu,2026-09-21
phongvu_260105198.0,844008,260105198.0,Laptop HP OmniBook 7 Aero 13-bg1085AU - BZ7U6PA (AMD Ryzen Al 7 350) (Bạc) - Đã kích hoạt,HP,laptop,31190000.0,31190000.0,0.0,0.0,,,,phongvu,2026-09-21
phongvu_260105215.0,844025,260105215.0,Laptop Asus ExpertBook P1 P1403CVA-S61134W (i5-13420H) (Xám) - Đã sử dụng,Asus,laptop,14490000.0,15990000.0,1500000.0,9.0,,,,phongvu,2026-09-21
phongvu_260105250.0,844060,260105250.0,Laptop HP OmniBook 7 14-fr0033TU - C1MN2PA (Core Ultra 5-225U) (Bạc) - Đã kích hoạt,HP,laptop,22490000.0,25290000.0,2800000.0,11.0,,,,phongvu,2026-09-21
phongvu_260105252.0,844062,260105252.0,Laptop HP Victus 16-R0302TX - AE0N9PA (I5-13500HX) (Đen) - Đã kích hoạt,HP,laptop,32290000.0,32290000.0,0.0,0.0,,,,phongvu,2026-09-21
phongvu_260105261.0,844071,260105261.0,Laptop Acer Nitro Lite 16 NL16-71G-71UJ (i7-13620H) (Trắng) - Đã kích hoạt,Acer,laptop,24590000.0,24590000.0,0.0,0.0,,,,phongvu,2026-09-21
phongvu_260105339.0,844149,260105339.0,Laptop Acer Nitro V 16 ProPanel ANV16-41-R36Y (AMD Ryzen™ 7 8845HS) (Đen) - Đã kích hoạt,Acer,laptop,30490000.0,31490000.0,1000000.0,3.0,,,,phongvu,2026-09-21
phongvu_260105494.0,844304,260105494.0,Laptop HP Victus 16-r0298TX - AE0N5PA (i5-13500HX) (Đen) - Đã kích hoạt,HP,laptop,24990000.0,35290000.0,10300000.0,29.0,,,,phongvu,2026-09-21
phongvu_260105501.0,844311,260105501.0,Laptop Lenovo Legion Pro 5 16IAX10 - 83F3002GVN (Core Ultra 9-275HX) (Đen) - Đã kích hoạt,Lenovo,laptop,59990000.0,66990000.0,7000000.0,10.0,,,,phongvu,2026-09-21
phongvu_260105504.0,844314,260105504.0,Laptop Acer Gaming Nitro V ProPanel ANV15-52-59AA (i5-13420H) (Đen) - Đã sử dụng,Acer,laptop,30990000.0,30990000.0,0.0,0.0,,,,phongvu,2026-09-21
phongvu_260105505.0,844315,260105505.0,Laptop Asus ROG Zephyrus G14 GA403WM-QS058WS (AMD Ryzen AI 9 HX 370) (Trắng) - Đã sử dụng,Asus,laptop,58990000.0,58990000.0,0.0,0.0,,,,phongvu,2026-09-21
phongvu_260105516.0,844326,260105516.0,Laptop HP 240 G9 - AG2J7AT (i5-1235U) (Bạc) - Demo,HP,laptop,12990000.0,19790000.0,6800000.0,34.0,,,,phongvu,2026-09-21
phongvu_260105625.0,844435,260105625.0,Laptop Asus Vivobook S S3407CA-LY095WS (Core Ultra 5-225H) (Xám) - Demo,Asus,laptop,18990000.0,23990000.0,5000000.0,21.0,,,,phongvu,2026-09-21
phongvu_260105640.0,844450,260105640.0,Laptop HP Victus 15-fb1023AX - 94F20PA (AMD Ryzen 5 7535HS) (Bạc) - Demo,HP,laptop,13990000.0,24490000.0,10500000.0,43.0,,,,phongvu,2026-09-21
phongvu_260105644.0,844454,260105644.0,Laptop Asus Vivobook S S3407CA-LY095WS (Core Ultra 5-225H) (Xám) - Demo,Asus,laptop,18990000.0,23990000.0,5000000.0,21.0,,,,phongvu,2026-09-21
phongvu_260105680.0,844490,260105680.0,Laptop Asus Vivobook 15 X1504VA-BQ265W (Core 5 120U/ 16GB/ 512GB/ Win 11 Home),Asus,laptop,19590000.0,22990000.0,3400000.0,15.0,,,,phongvu,2026-09-21
phongvu_260105689.0,844497,260105689.0,Laptop Asus Vivobook 16 X1607CA-MB980W (Ultra 5-225H/ 16GB/ 512GB/ Windows 11 Home SL),Asus,laptop,22190000.0,25990000.0,3800000.0,15.0,,,,phongvu,2026-09-21
phongvu_260105706.0,844515,260105706.0,Laptop Acer Aspire Go 15 AG15-72P-54GY (Core 5 120U/ 16GB/ 512GB/ Windows 11),Acer,laptop,19990000.0,24990000.0,5000000.0,20.0,,,,phongvu,2026-09-21
phongvu_260105713.0,844523,260105713.0,Laptop Acer Nitro ProPanel ANV15-52-50VA (Core 5 210H/ GeForce RTX™ 3050/ 16GB/ 512GB/ Win 11 Home SL),Acer,laptop,29490000.0,33990000.0,4500000.0,13.0,,,,phongvu,2026-09-21
phongvu_260105720.0,844530,260105720.0,Laptop Acer Nitro ProPanel ANV15-52-73Z8 (Core 7 240H/ GeForce RTX™ 4050/ 16GB/ 512GB/ Win 11 Home SL),Acer,laptop,35990000.0,37990000.0,2000000.0,5.0,,,,phongvu,2026-09-21
phongvu_260108963.0,847838,260108963.0,Laptop MSI Cyborg 15 AI A1VEK-053VN (Ultra 7 155H) (Đen) - Demo,Msi,laptop,22990000.0,30990000.0,8000000.0,26.0,,,,phongvu,2026-09-21
phongvu_260108973.0,847848,260108973.0,Laptop Acer Swift X 14 OLED SFX14-72G-77F9 (Ultra 7-155H) - Đã kích hoạt,Acer,laptop,33990000.0,44190000.0,10200000.0,23.0,,,,phongvu,2026-09-21
phongvu_260108975.0,847850,260108975.0,Laptop Asus Vivobook S S3407CA-LY095WS (Core Ultra 5-225H) (Xám) - Demo,Asus,laptop,19990000.0,23990000.0,4000000.0,17.0,,,,phongvu,2026-09-21
phongvu_260108991.0,847866,260108991.0,Laptop MSI Katana 15 HX B14WEK-027VN (i7-14650HX) (Đen) - Đã kích hoạt,Msi,laptop,38990000.0,42690000.0,3700000.0,9.0,,,,phongvu,2026-09-21
phongvu_260109013.0,847888,260109013.0,Laptop Acer Nitro V 15 ProPanel ANV15-41-R7CR (AMD Ryzen 5-7535HS) (Đen) - Đã kích hoạt,Acer,laptop,25990000.0,26990000.0,1000000.0,4.0,,,,phongvu,2026-09-21
phongvu_260109045.0,847920,260109045.0,Laptop HP 15s-fq5160TU (7C0S1PA) (i5-1235U) (Bạc) - Đã sử dụng,HP,laptop,13790000.0,19990000.0,6200000.0,31.0,,,,phongvu,2026-09-21
phongvu_260200472.0,848798,260200472.0,Laptop Acer Nitro ProPanel ANV15-52-59RR (Core 5 210H/ GeForce RTX™ 5050/ 16GB/ 512GB/ Win 11 Home SL),Acer,laptop,31990000.0,42990000.0,11000000.0,26.0,,,,phongvu,2026-09-21
phongvu_260200477.0,848808,260200477.0,Laptop Acer Nitro ProPanel ANV15-52-74UM (Core 7 240H/ GeForce RTX™ 3050/ 16GB/ 512GB/ Win 11 Home SL),Acer,laptop,32490000.0,38990000.0,6500000.0,17.0,,,,phongvu,2026-09-21
phongvu_260200481.0,848813,260200481.0,Laptop Acer Nitro ProPanel ANV16-72-782F (Core 7 240H/ GeForce RTX™ 5050/ 16GB/ 512GB/ Windows 11 Home Single Language),Acer,laptop,40990000.0,42990000.0,2000000.0,5.0,,,,phongvu,2026-09-21
phongvu_260201135.0,849470,260201135.0,Laptop Asus Vivobook S14 M3407GA-SF030W (Ryzen AI 7 445/ 16GB/ 512GB/ Windows 11 Home),Asus,laptop,27890000.0,30990000.0,3100000.0,10.0,,,,phongvu,2026-09-21
phongvu_260202421.0,850778,260202421.0,Laptop Asus ExpertBook P1 P1503CVA-C5H16-63WS (Core 5 210H/ 16GB/ 512GB/ Win 11 Home + Office + Microsoft),Asus,laptop,22490000.0,26990000.0,4500000.0,17.0,,,,phongvu,2026-09-21
phongvu_260202422.0,850781,260202422.0,Laptop Asus ExpertBook P1 P1403CVA-C5H16-63WS (Core 5 210H/ 16GB/ 512GB/ Win 11 Home + Office + Microsoft),Asus,laptop,24290000.0,26990000.0,2700000.0,10.0,,,,phongvu,2026-09-21
phongvu_260202424.0,850780,260202424.0,Laptop Asus ExpertBook P5 P5405CSA-NZ0017W (Ultra 7-258V/ 32GB/ 1TB/ Win 11 Home),Asus,laptop,36990000.0,38990000.0,2000000.0,5.0,,,,phongvu,2026-09-21
phongvu_260202510.0,850866,260202510.0,Laptop Dell 15 DC15250-CPH991 (i7-1355U/ 16GB/ 1TB/ Win 11 Home SL + Office),Dell,laptop,27490000.0,28290000.0,800000.0,3.0,,,,phongvu,2026-09-21
phongvu_260203204.0,851577,260203204.0,Laptop Lenovo Ideapad Slim 3 16ARP10 - 83K8008WVN (Ryzen 7 7735HS/ 24GB/ 512GB/ Win 11 Home SL),Lenovo,laptop,23990000.0,23990000.0,0.0,0.0,,,,phongvu,2026-09-21
phongvu_260203208.0,851580,260203208.0,Laptop Lenovo V14 G5 IRL - 83HD0035VN (Core 7 240H/ 16GB/ 512GB/ Windows 11 Home SL),Lenovo,laptop,26990000.0,32790000.0,5800000.0,18.0,,,,phongvu,2026-09-21
phongvu_260203236.0,851611,260203236.0,Laptop Acer Aspire Go 14 AG14-72P-563L (Core 5 120U/ 16GB/ 512GB/ Windows 11 Home SL),Acer,laptop,19990000.0,20490000.0,500000.0,2.0,,,,phongvu,2026-09-21
phongvu_260204231.0,852609,260204231.0,Laptop Dell Pro 14 Essential PV14250-150U-161TBW (Core 7 150U/ 16GB/ 1TB/ Windows 11 Home SL),Dell,laptop,31290000.0,32390000.0,1100000.0,3.0,,,,phongvu,2026-09-21
phongvu_260300867.0,853555,260300867.0,Laptop Asus Expertbook B1 BM1403CDA-S61611W (Ryzen 5 150/ 16GB/ 512GB/ Windows 11 Home Single Language),Asus,laptop,19990000.0,21990000.0,2000000.0,9.0,,,,phongvu,2026-09-21
phongvu_260300963.0,853651,260300963.0,Laptop MSI Prestige 13 AI Evo A1MG-062VN (Ultra 7 155H) (Xám) - Demo,Msi,laptop,22990000.0,36990000.0,14000000.0,38.0,,,,phongvu,2026-09-21
phongvu_260301044.0,853732,260301044.0,Laptop MSI Cyborg 15 AI A1VEK-053VN (Ultra 7 155H) (Đen) - Demo,Msi,laptop,30990000.0,30990000.0,0.0,0.0,,,,phongvu,2026-09-21
phongvu_260301076.0,853764,260301076.0,Laptop HP 14-ep1007TU - 9Z2W1PA (Core 7-150U) (Bạc) - Đã kích hoạt,HP,laptop,18990000.0,27990000.0,9000000.0,32.0,,,,phongvu,2026-09-21
phongvu_260301079.0,853767,260301079.0,Laptop Asus TUF Gaming A14 FA401KM-RG010WS (AMD Ryzen AI 7 350) (Xám) - Đã kích hoạt,Asus,laptop,45190000.0,45190000.0,0.0,0.0,,,,phongvu,2026-09-21
phongvu_260301090.0,853778,260301090.0,Laptop MSI Prestige 13 AI Evo A1MG-062VN (Ultra 7 155H) (Xám) - Demo,Msi,laptop,36990000.0,36990000.0,0.0,0.0,,,,phongvu,2026-09-21
phongvu_260301093.0,853781,260301093.0,Laptop Lenovo ThinkPad T14s Gen 5 - 21LS0062VN (Ultra 7 155U) (Đen) - Demo,Lenovo,laptop,34990000.0,47190000.0,12200000.0,26.0,,,,phongvu,2026-09-21
phongvu_260301642.0,854333,260301642.0,Laptop Asus Vivobook Go 14 E1404FA-EB935W (Ryzen 5 40/ 16GB/ 512GB/ Windows 11 Home),Asus,laptop,19490000.0,28490000.0,9000000.0,32.0,,,,phongvu,2026-09-21
phongvu_260301649.0,854340,260301649.0,Laptop Asus TUF Gaming A16 FA607NUQ-RL007W (Ryzen 7 170/ GeForce RTX™ 4050/ 16GB/ 512GB/ Windows 11 Home),Asus,laptop,35990000.0,44490000.0,8500000.0,19.0,,,,phongvu,2026-09-21
phongvu_260301668.0,854356,260301668.0,Laptop Acer Aspire Go 14 AG14-72P-34M4 (i3-1305U/ 8GB/ 512GB/ Windows 11 Home Single Language),Acer,laptop,13990000.0,14490000.0,500000.0,3.0,,,,phongvu,2026-09-21
phongvu_260301675.0,854366,260301675.0,Laptop Acer Aspire Go 15 AG15-72P-776J (Core 7 150U/ 16GB/ 512GB/ Windows 11 Home SL),Acer,laptop,22990000.0,26990000.0,4000000.0,15.0,,,,phongvu,2026-09-21
phongvu_260301687.0,854378,260301687.0,Laptop Acer Swift Go 14 AI SFG14-75-5264 (Ultra 5-226V/ 16GB/ 512GB/ Windows 11 Home SL),Acer,laptop,29990000.0,30990000.0,1000000.0,3.0,,,,phongvu,2026-09-21
phongvu_260302468.0,855327,260302468.0,Laptop Acer Nitro ProPanel ANV16-72-71T9 (Core 7 240H/ GeForce RTX™ 5060/ 16GB/ 512GB/ Windows 11 Home Single Language),Acer,laptop,43990000.0,43990000.0,0.0,0.0,,,,phongvu,2026-09-21
phongvu_260302474.0,855336,260302474.0,Laptop Msi Katana 15 B13VEK-2440VN (i7-13620H/ GeForce RTX™ 4050/ 16GB/ 1TB/ Win 11 Home),Msi,laptop,34990000.0,35490000.0,500000.0,1.0,,,,phongvu,2026-09-21
phongvu_260302478.0,855344,260302478.0,Laptop Msi Stealth 16 AI+ B3WF-007VN (Ultra 9-386H/ GeForce RTX™ 5060/ 32GB/ 1TB/ Win 11 Home),Msi,laptop,79990000.0,79990000.0,0.0,0.0,,,,phongvu,2026-09-21
phongvu_260302484.0,855353,260302484.0,Laptop Msi Stealth 16 AI+ B3WG-008VN (Ultra 9-386H/ GeForce RTX™ 5070/ 32GB/ 1TB/ Win 11 Home),Msi,laptop,84590000.0,85990000.0,1400000.0,2.0,,,,phongvu,2026-09-21
phongvu_260302495.0,855365,260302495.0,Laptop Asus Vivobook Go 15 E1504FA-BQ340W (Ryzen 5 40/ 16GB/ 512GB/ Win 11 Home),Asus,laptop,19690000.0,28490000.0,8800000.0,31.0,,,,phongvu,2026-09-21
phongvu_260302507.0,855378,260302507.0,Laptop Lenovo V15 G5 IRL - 83HF00BSVA (i5-13420H/ 16GB/ 512GB/ No OS),Lenovo,laptop,23990000.0,24990000.0,1000000.0,4.0,,,,phongvu,2026-09-21
phongvu_260302512.0,855380,260302512.0,Laptop Asus Vivobook S14 S3407CA-SF913W (Ultra 5-225H/ 16GB/ 512GB/ Win 11 Home),Asus,laptop,27790000.0,35990000.0,8200000.0,23.0,,,,phongvu,2026-09-21
phongvu_260302514.0,855385,260302514.0,Laptop Lenovo ThinkPad X9-14 Gen 1 - 21QA006JVN (Ultra 7-258V/ 32GB/ 512GB/ Windows 11 Pro),Lenovo,laptop,53990000.0,55190000.0,1200000.0,2.0,,,,phongvu,2026-09-21
phongvu_260302518.0,855390,260302518.0,Laptop Asus Vivobook S14 S3407CA-SF923W (Ultra 7-255H/ 16GB/ 512GB/ Win 11 Home),Asus,laptop,28790000.0,31990000.0,3200000.0,10.0,,,,phongvu,2026-09-21
phongvu_260302524.0,855396,260302524.0,Laptop Asus TUF Gaming F16 FX608JHI-TU209W (i7-14650HX/ GeForce RTX™ 5050/ 16GB/ 512GB/ Win 11 Home),Asus,laptop,44990000.0,49990000.0,5000000.0,10.0,,,,phongvu,2026-09-21
phongvu_260302527.0,855399,260302527.0,Laptop Acer Aspire 7 A715-59G-53GZ (Core 5 210H/ GeForce RTX™ 3050/ 16GB/ 512GB/ Win 11 Home SL),Acer,laptop,25990000.0,28990000.0,3000000.0,10.0,,,,phongvu,2026-09-21
phongvu_260302528.0,855401,260302528.0,Laptop Asus TUF Gaming F16 FX608JMI-TU241W (i7-14650HX/ GeForce RTX™ 5060/ 16GB/ 512GB/ Win 11 Home),Asus,laptop,44990000.0,52990000.0,8000000.0,15.0,,,,phongvu,2026-09-21
phongvu_260302532.0,855405,260302532.0,Laptop Acer Nitro ProPanel ANV16S-71-58WQ (Core 5 210H/ GeForce RTX™ 5050/ 32GB/ 512GB/ Win 11 Home SL),Acer,laptop,44990000.0,44990000.0,0.0,0.0,,,,phongvu,2026-09-21
phongvu_260303285.0,856162,260303285.0,Laptop Lenovo Thinkpad X9-14 Gen 1 - 21QA006DVN (Ultra 5-226V/ 16GB/ 512GB/ Windows 11 Pro),Lenovo,laptop,43990000.0,46990000.0,3000000.0,6.0,,,,phongvu,2026-09-21
phongvu_260303603.0,856586,260303603.0,Laptop Msi Prestige 14 Flip AI+ D3MTG-021VN (Ultra 9-386H/ 32GB/ 1TB/ Windows 11 Home),Msi,laptop,52990000.0,54990000.0,2000000.0,4.0,,,,phongvu,2026-09-21
phongvu_260303605.0,856587,260303605.0,Laptop Msi Prestige 14 AI+ D3MG-022VN (Ultra 7-355/ 32GB/ 1TB/ Windows 11 Home),Msi,laptop,44490000.0,48990000.0,4500000.0,9.0,,,,phongvu,2026-09-21
phongvu_260303867.0,856850,260303867.0,Laptop HP ProBook 4 G1i - BQ5C7PT (Ultra 7-255U/ 16GB/ 512GB/ Win 11 Home SL),HP,laptop,32490000.0,39190000.0,6700000.0,17.0,,,,phongvu,2026-09-21
phongvu_260303868.0,856851,260303868.0,Laptop HP Elitebook 640 G11 - A7LB4PT (Ultra 7-165U/ 16GB/ 512GB/ Win 11 Home SL),HP,laptop,33990000.0,36090000.0,2100000.0,6.0,,,,phongvu,2026-09-21
phongvu_260304104.0,857087,260304104.0,Laptop Lenovo V14 G5 IRL - 83HD005JVN (Core i5-13420H/ 16GB/ 512GB/ Windows 11 Home SL),Lenovo,laptop,23990000.0,29090000.0,5100000.0,18.0,,,,phongvu,2026-09-21
phongvu_260304532.0,857541,260304532.0,Laptop Asus Vivobook S14 S3407AA-SF945W (Ultra 5-325/ 16GB/ 512GB/ Windows 11 Home),Asus,laptop,29690000.0,37490000.0,7800000.0,21.0,,,,phongvu,2026-09-21
phongvu_260305106.0,858122,260305106.0,Laptop MSI Cyborg 15 A13UC-2088VN (i5-13420H) (Đen) - Đã kích hoạt,Msi,laptop,21290000.0,28690000.0,7400000.0,26.0,,,,phongvu,2026-09-21
phongvu_260305528.0,858545,260305528.0,Laptop HP 250R G10 - C3SH7AT (Core 5 120U/ 16GB/ 512GB/ Windows 11 Home SL),HP,laptop,22990000.0,29190000.0,6200000.0,21.0,,,,phongvu,2026-09-21
phongvu_260305633.0,858648,260305633.0,Laptop Acer Gaming Nitro ProPanel ANV15-42-R0QM (Ryzen 5 7640HS/ GeForce RTX™ 3050/ 16GB/ 512GB/ Windows 11 Home SL),Acer,laptop,29990000.0,34990000.0,5000000.0,14.0,,,,phongvu,2026-09-21
phongvu_260305634.0,858649,260305634.0,Laptop Asus TUF Gaming A14 FA401GM-RG013W (Ryzen AI 9 465/ GeForce RTX™ 5060/ 32GB/ 1TB/ Windows 11 Home),Asus,laptop,56990000.0,57990000.0,1000000.0,2.0,,,,phongvu,2026-09-21
phongvu_260305640.0,858657,260305640.0,Laptop Acer Gaming Nitro ProPanel ANV15-52-50RB (Core 5 210H/ GeForce RTX™ 4050/ 16GB/ 512GB/ Windows 11 Home SL),Acer,laptop,33490000.0,37990000.0,4500000.0,12.0,,,,phongvu,2026-09-21
phongvu_260305647.0,858664,260305647.0,Laptop Lenovo IdeaPad Slim 5 14IMH10 - 83V6001GVN (Ultra 5-135H/ 16GB/ 512GB/ Windows 11 Home SL),Lenovo,laptop,27990000.0,31990000.0,4000000.0,13.0,,,,phongvu,2026-09-21
phongvu_260305673.0,858690,260305673.0,Laptop Dell 15 DC15250-DC5I7952W1 (i7-1355U/ 16GB/ 512GB/ Win 11 Home SL + Office + Microsoft),Dell,laptop,25490000.0,25490000.0,0.0,0.0,,,,phongvu,2026-09-21
phongvu_260305688.0,858707,260305688.0,Laptop Dell 16 DC16250 - 71092481 (Core 5 120U/ 16GB/ 1TB/ Windows 11 Home + Office + Microsoft),Dell,laptop,27990000.0,28990000.0,1000000.0,3.0,,,,phongvu,2026-09-21
phongvu_260305689.0,858706,260305689.0,Laptop Dell 15 DC15250 - 71092479 (i5-1334U/ 16GB/ 512GB/ Windows 11 Home + Office + Microsoft),Dell,laptop,21990000.0,23090000.0,1100000.0,5.0,,,,phongvu,2026-09-21
phongvu_260305690.0,858705,260305690.0,Laptop Dell 15 DC15250 - 71092480 (i7-1355U/ 16GB/ 512GB/ Windows 11 Home + Office + Microsoft),Dell,laptop,24990000.0,25990000.0,1000000.0,4.0,,,,phongvu,2026-09-21
phongvu_260400568.0,860348,260400568.0,Laptop Asus ExpertBook P1503CVA-S72922W (Core 5 210H/ 16GB/ 512GB/ Windows 11 Home),Asus,laptop,21990000.0,26790000.0,4800000.0,18.0,,,,phongvu,2026-09-21
phongvu_260402929.0,862735,260402929.0,Laptop Dell 15 DC15250 - i5U165W11SLU-27 (i5-1334U/ 16GB/ 512GB/ Win 11 Home SL + Office + Microsoft),Dell,laptop,21990000.0,23090000.0,1100000.0,5.0,,,,phongvu,2026-09-21
phongvu_260402938.0,862742,260402938.0,Laptop Dell 15 DC15250 - i7U161W11SLU-27 (i7-1355U/ 16GB/ 1TB/ Win 11 Home + Office + Microsoft),Dell,laptop,27490000.0,28290000.0,800000.0,3.0,,,,phongvu,2026-09-21
phongvu_260404884.0,864730,260404884.0,Laptop Asus Vivobook S14 S3407AA-SF032W (Ultra 7-355/ 16GB/ 512GB/ Windows 11 Home),Asus,laptop,31490000.0,40490000.0,9000000.0,22.0,,,,phongvu,2026-09-21
phongvu_260404891.0,864739,260404891.0,Laptop Asus Vivobook 14 X1407AA-LY360W (Ultra 5-325/ 16GB/ 512GB/ Windows 11 Home),Asus,laptop,24390000.0,26990000.0,2600000.0,10.0,,,,phongvu,2026-09-21
phongvu_260404899.0,864746,260404899.0,Laptop Asus TUF Gaming A14 FA401EA-RG034W (Ryzen AI MAX+ 392/ 64GB/ 1TB/ Windows 11 Home),Asus,laptop,62990000.0,64990000.0,2000000.0,3.0,,,,phongvu,2026-09-21
phongvu_260404909.0,864754,260404909.0,Laptop Dell 15 DC15250 - CPH992 (i5-1334U/ 16GB/ 512GB/ Windows 11 Home + Office),Dell,laptop,22990000.0,22990000.0,0.0,0.0,,,,phongvu,2026-09-21
phongvu_260404916.0,864764,260404916.0,Laptop Msi Cyborg 15 Black Edition A13VE-2410VN (i5-13420H/ GeForce RTX™ 4050/ 16GB/ 512GB/ Windows 11 Home),Msi,laptop,28590000.0,31990000.0,3400000.0,11.0,,,,phongvu,2026-09-21
phongvu_260404920.0,864766,260404920.0,Laptop Lenovo Yoga Slim 7 14AGP11 - 83QS001DVN (Ryzen AI 7 445/ 16GB/ 512GB/ Windows 11 Home + Office + Microsoft),Lenovo,laptop,37990000.0,43990000.0,6000000.0,14.0,,,,phongvu,2026-09-21
phongvu_260404925.0,864773,260404925.0,Laptop Lenovo Ideapad Slim 3 16ARP10 - 83K800GTVN (R5 7535HS/ 16GB/ 512GB/ Windows 11 Home SL),Lenovo,laptop,24990000.0,24990000.0,0.0,0.0,,,,phongvu,2026-09-21
phongvu_260404927.0,864775,260404927.0,Laptop Lenovo Ideapad Slim 5 14AGP11 - 83S1003GVN (Ryzen AI 7 445/ 32GB/ 1TB/ Windows 11 Home SL),Lenovo,laptop,41690000.0,44990000.0,3300000.0,7.0,,,,phongvu,2026-09-21
phongvu_260406734.0,866687,260406734.0,Laptop Asus ROG Zephyrus Duo 2026 GX651AX-SR050WS (Intel Core Ultra 9 386H/ GeForce RTX 5090/ 64GB/ 2TB SSD M.2 NVMe/ Win 11 Home),Asus,laptop,199990000.0,199990000.0,0.0,0.0,,,,phongvu,2026-09-21
phongvu_260407198.0,867178,260407198.0,Laptop Asus TUF Gaming A15 FA506NCG-HN329W (Ryzen 7 8845HS/ GeForce RTX™ 3050/ 16GB/ 512GB/ Win 11 Home),Asus,laptop,27990000.0,37490000.0,9500000.0,25.0,,,,phongvu,2026-09-21
phongvu_260407204.0,867188,260407204.0,Laptop Acer Predator Helios Neo - PHN16-I31-50H7 (i5-14450HX/ GeForce RTX™ 5050/ 32GB/ 512GB/ Windows 11 Home SL),Acer,laptop,49990000.0,51990000.0,2000000.0,4.0,,,,phongvu,2026-09-21
phongvu_260407205.0,867189,260407205.0,Laptop Asus TUF Gaming F16 FX608JHI-TU210W (i5-14450HX/ GeForce RTX™ 5050/ 16GB/ 512GB/ Win 11 Home),Asus,laptop,42990000.0,47990000.0,5000000.0,10.0,,,,phongvu,2026-09-21
phongvu_260407211.0,867195,260407211.0,Laptop Acer Predator Helios Neo - PHN16-I31-74MN (i7-14650HX/ GeForce RTX™ 5050/ 32GB/ 512GB/ Windows 11 Home SL),Acer,laptop,54990000.0,56990000.0,2000000.0,4.0,,,,phongvu,2026-09-21
phongvu_260407212.0,867196,260407212.0,Laptop Asus Zenbook S 16 UM5606GA-SS441W (Ryzen AI 9 465/ 16GB/ 512GB/ Win 11 Home),Asus,laptop,45690000.0,49490000.0,3800000.0,8.0,,,,phongvu,2026-09-21
phongvu_260407220.0,867202,260407220.0,Laptop Acer Predator Helios Neo - PHN16-I31-72XE (i7-14650HX/ GeForce RTX™ 5060/ 32GB/ 512GB/ Windows 11 Home SL),Acer,laptop,59990000.0,61990000.0,2000000.0,3.0,,,,phongvu,2026-09-21
phongvu_260407231.0,867211,260407231.0,Laptop Acer Aspire Lite 15 AL15-48P-R86Q (Ryzen 7 5825U/ 8GB/ 512GB/ Windows 11 Home SL),Acer,laptop,18990000.0,21990000.0,3000000.0,14.0,,,,phongvu,2026-09-21
phongvu_260407237.0,867222,260407237.0,Laptop Acer Aspire Go 15 AI AG15-52P-52WT (Ultra 5-115U/ 16GB/ 512GB/ Windows 11 Home SL),Acer,laptop,22990000.0,24990000.0,2000000.0,8.0,,,,phongvu,2026-09-21
phongvu_260407238.0,867221,260407238.0,Laptop Lenovo IdeaPad Slim 3 14IPH11 - 83UQ002GVN (Ultra 7-355/ 16GB/ 512GB/ Windows 11 Home SL),Lenovo,laptop,28990000.0,32990000.0,4000000.0,12.0,,,,phongvu,2026-09-21
phongvu_260407247.0,867231,260407247.0,Laptop Lenovo LOQ Essential 15ARP10E - 83S0000DVN (Ryzen 5 7535HS/ GeForce RTX™ 3050/ 16GB/ 512GB/ Win 11 Home SL),Lenovo,laptop,26290000.0,35990000.0,9700000.0,27.0,,,,phongvu,2026-09-21
phongvu_260407624.0,867729,260407624.0,Laptop HP OmniBook 7 14-fr0027TU - C1MN1PA (Ultra 7-255U/ 16GB/ 512GB/ Windows 11 Home + Office 2024 + Microsoft),HP,laptop,31590000.0,35290000.0,3700000.0,10.0,,,,phongvu,2026-09-21
phongvu_260407626.0,867731,260407626.0,Laptop HP OmniBook 5 16 ag1069AU - BZ7T1PA (Ryzen AI 5 340/ 16GB/ 512GB/ Windows 11 Home + Office + Microsoft),HP,laptop,25990000.0,30490000.0,4500000.0,15.0,,,,phongvu,2026-09-21
phongvu_260407627.0,867732,260407627.0,Laptop HP OmniBook 7 14-fs0042TU - C1MP3PA (Core 5 210H/ 24GB/ 512GB/ Windows 11 Home + Office 2024 + Microsoft),HP,laptop,28990000.0,32690000.0,3700000.0,11.0,,,,phongvu,2026-09-21
phongvu_260407771.0,867884,260407771.0,Laptop Lenovo V15 G5 IRL - 83HF00BXVN (i7-13620H/ 16GB/ 512GB/ Windows 11 Home SL),Lenovo,laptop,24990000.0,28590000.0,3600000.0,13.0,,,,phongvu,2026-09-21
phongvu_260501439.0,869599,260501439.0,Laptop Acer Aspire 14 AI A14-11M-X8FP (Snapdragon X X1 26 100/ 16GB/ 512GB/ Windows 11 Home SL),Acer,laptop,22990000.0,25990000.0,3000000.0,12.0,,,,phongvu,2026-09-21
phongvu_260501467.0,869634,260501467.0,Laptop Lenovo Yoga Slim 7 14IPH11 - 83QM002EVN (Ultra 7-355/ 32GB/ 1TB/ Windows 11 Home + Microsoft + Office),Lenovo,laptop,54490000.0,64990000.0,10500000.0,16.0,,,,phongvu,2026-09-21
phongvu_260501475.0,869634,260501475.0,Laptop Lenovo Yoga Slim 7 14IPH11 - 83QM002FVN (Ultra 7-355/ 32GB/ 1TB/ Windows 11 Home + Microsoft + Office),Lenovo,laptop,54490000.0,64990000.0,10500000.0,16.0,,,,phongvu,2026-09-21
phongvu_260501485.0,869645,260501485.0,Laptop Lenovo IdeaPad 5 2in1 14IPH11 - 83UG0026VN (Ultra 5-322/ 16GB/ 512GB/ Windows 11 Home),Lenovo,laptop,31290000.0,32990000.0,1700000.0,5.0,,,,phongvu,2026-09-21
phongvu_260501570.0,869730,260501570.0,Laptop HP 14-ep1179TU - C89ZSPA (Core 5-120U) (Bạc) - Đã sử dụng,HP,laptop,17990000.0,20190000.0,2200000.0,11.0,,,,phongvu,2026-09-21
phongvu_260501579.0,869739,260501579.0,Laptop MSI Modern 15 F13MG-667VN_16G (i5-1334U) (Bạc) - Demo,Msi,laptop,18990000.0,18990000.0,0.0,0.0,,,,phongvu,2026-09-21
phongvu_260501654.0,869814,260501654.0,Laptop Dell 15 DC15250 - CPH997 (i7-1355U) (Bạc) - Đã kích hoạt,Dell,laptop,23990000.0,24490000.0,500000.0,2.0,,,,phongvu,2026-09-21
phongvu_260501698.0,869858,260501698.0,Laptop HP OmniBook 5 AI 16-af1052TU - C1MN6PA (Core Ultra 7-255U) (Bạc) - Đã sử dụng,HP,laptop,26490000.0,34990000.0,8500000.0,24.0,,,,phongvu,2026-09-21
phongvu_260501700.0,869860,260501700.0,Laptop Asus ExpertBook P1 P1503CVA-S71559W (i5-13420H) (Xám) - Demo,Asus,laptop,14490000.0,15990000.0,1500000.0,9.0,,,,phongvu,2026-09-21
phongvu_260501705.0,869865,260501705.0,Laptop Dell 16 DC16251 - DC6C7557W1 (Core 7-150U) Silver - Đã kích hoạt,Dell,laptop,27990000.0,35990000.0,8000000.0,22.0,,,,phongvu,2026-09-21
phongvu_260501723.0,869883,260501723.0,Laptop Dell Inspiron 14 5440 - N4I7204W1 (Core 7-150U) (Xanh) - Đã sử dụng,Dell,laptop,22990000.0,26490000.0,3500000.0,13.0,,,,phongvu,2026-09-21
phongvu_260501731.0,869891,260501731.0,Laptop MSI Cyborg 15 A13UC-861VN (i5-13420H) (Đen) - Demo,Msi,laptop,17990000.0,21990000.0,4000000.0,18.0,,,,phongvu,2026-09-21
phongvu_260501732.0,869892,260501732.0,Laptop Lenovo IdeaPad Slim 3 14IRH10 - 83K0004JVN (i5-13420H) (Xám) - Demo,Lenovo,laptop,20990000.0,20990000.0,0.0,0.0,,,,phongvu,2026-09-21
phongvu_260501750.0,869910,260501750.0,Laptop Asus ROG Strix Scar 18 G834JYR-R6011W (i9-14900HX) (Đen) - Demo,Asus,laptop,130000000.0,130000000.0,0.0,0.0,,,,phongvu,2026-09-21
phongvu_260501751.0,869911,260501751.0,Laptop MSI Cyborg 15 A13UC-861VN (i5-13420H) (Đen) - Demo,Msi,laptop,21990000.0,21990000.0,0.0,0.0,,,,phongvu,2026-09-21
phongvu_260501756.0,869916,260501756.0,Laptop MSI Cyborg 15 A13UC-861VN (i5-13420H) (Đen) - Demo,Msi,laptop,17990000.0,21990000.0,4000000.0,18.0,,,,phongvu,2026-09-21
phongvu_260501761.0,869921,260501761.0,Laptop MSI Cyborg 15 A13UC-861VN (i5-13420H) (Đen) - Demo,Msi,laptop,17990000.0,21990000.0,4000000.0,18.0,,,,phongvu,2026-09-21
phongvu_260501767.0,869927,260501767.0,Laptop MSI Cyborg 15 A13UC-861VN (i5-13420H) (Đen) - Demo,Msi,laptop,17990000.0,21990000.0,4000000.0,18.0,,,,phongvu,2026-09-21
phongvu_260501776.0,869936,260501776.0,Laptop MSI Cyborg 15 A13UC-861VN (i5-13420H) (Đen) - Demo,Msi,laptop,17990000.0,21990000.0,4000000.0,18.0,,,,phongvu,2026-09-21
phongvu_260501786.0,869946,260501786.0,Laptop Asus ExpertBook P1 P1503CVA-S71559W (i5-13420H) (Xám) - Demo,Asus,laptop,14990000.0,15990000.0,1000000.0,6.0,,,,phongvu,2026-09-21
phongvu_260501789.0,869949,260501789.0,Laptop Asus ExpertBook P1 P1503CVA-S71559W (i5-13420H) (Xám) - Demo,Asus,laptop,15990000.0,15990000.0,0.0,0.0,,,,phongvu,2026-09-21
phongvu_260501790.0,869950,260501790.0,Laptop HP OmniBook X Flip 14-fm0076TU - BZ7P6PA (Core Ultra 7-258V) (Xanh) - Đã kích hoạt,HP,laptop,34490000.0,40890000.0,6400000.0,16.0,,,,phongvu,2026-09-21
phongvu_260501795.0,869955,260501795.0,Laptop Dell 15 DC15255 DC5R5802W1-Silver (AMD Ryzen 5-7530U) (Bạc) - Đã kích hoạt,Dell,laptop,15990000.0,19490000.0,3500000.0,18.0,,,,phongvu,2026-09-21
phongvu_260501815.0,869975,260501815.0,Laptop MSI Cyborg 15 A13UC-861VN (i5-13420H) (Đen) - Demo,Msi,laptop,17990000.0,21990000.0,4000000.0,18.0,,,,phongvu,2026-09-21
phongvu_260501817.0,869977,260501817.0,Laptop Asus ExpertBook P1 P1503CVA-S71559W (i5-13420H) (Xám) - Demo,Asus,laptop,14990000.0,15990000.0,1000000.0,6.0,,,,phongvu,2026-09-21
phongvu_260501877.0,870037,260501877.0,Laptop Asus ExpertBook P1 P1503CVA-S71559W (i5-13420H) (Xám) - Demo,Asus,laptop,14990000.0,15990000.0,1000000.0,6.0,,,,phongvu,2026-09-21
phongvu_260501879.0,870039,260501879.0,Laptop Asus ExpertBook P1 P1503CVA-S71559W (i5-13420H) (Xám) - Demo,Asus,laptop,14490000.0,15990000.0,1500000.0,9.0,,,,phongvu,2026-09-21
phongvu_260501880.0,870040,260501880.0,Laptop Asus ExpertBook P1 P1503CVA-S71559W (i5-13420H) (Xám) - Demo,Asus,laptop,14990000.0,15990000.0,1000000.0,6.0,,,,phongvu,2026-09-21
phongvu_260501892.0,870052,260501892.0,Laptop Asus ExpertBook P1 P1503CVA-S71559W (i5-13420H) (Xám) - Demo,Asus,laptop,14990000.0,15990000.0,1000000.0,6.0,,,,phongvu,2026-09-21
phongvu_260502319.0,870454,260502319.0,Laptop Asus Vivobook S16 S3607AA-SH042W (Ultra 5-325/ 16GB/ 512GB/ Windows 11 Home),Asus,laptop,29790000.0,37490000.0,7700000.0,21.0,,,,phongvu,2026-09-21
phongvu_260502320.0,870453,260502320.0,Laptop Asus ExpertBook P1 P1503CVA-C3U08-50W (Core 3 100U/ 8GB/ 512GB/ Windows 11 Home),Asus,laptop,15990000.0,15990000.0,0.0,0.0,,,,phongvu,2026-09-21
phongvu_260502321.0,870458,260502321.0,Laptop Asus ROG Strix G16 G614PH-TS118W (Ryzen 9 8940HX/ GeForce RTX™ 5050/ 16GB/ 512GB/ Windows 11 Home),Asus,laptop,50990000.0,52990000.0,2000000.0,4.0,,,,phongvu,2026-09-21
phongvu_260502322.0,870455,260502322.0,Laptop Asus ROG Strix G16 G614PP-TS112W (Ryzen 9 8940HX/ GeForce RTX™ 5070/ 16GB/ 512GB/ Windows 11 Home),Asus,laptop,59990000.0,62990000.0,3000000.0,5.0,,,,phongvu,2026-09-21
phongvu_260502324.0,870457,260502324.0,Laptop Asus ROG Strix G16 G614PM-TS147W (Ryzen 9 8940HX/ GeForce RTX™ 5060/ 16GB/ 512GB/ Windows 11 Home),Asus,laptop,54990000.0,57990000.0,3000000.0,5.0,,,,phongvu,2026-09-21
phongvu_260502325.0,870456,260502325.0,Laptop Asus Vivobook S16 S3607AA-SH043W (Ultra 7-355/ 16GB/ 512GB/ Windows 11 Home),Asus,laptop,31490000.0,40490000.0,9000000.0,22.0,,,,phongvu,2026-09-21
phongvu_260502326.0,870460,260502326.0,Laptop Asus Vivobook 16 X1607CA-MB990W (Ultra 7-255H/ 16GB/ 512GB/ Windows 11 Home),Asus,laptop,25490000.0,27990000.0,2500000.0,9.0,,,,phongvu,2026-09-21
phongvu_260503899.0,872079,260503899.0,Laptop Lenovo Yoga Slim 7 14IPH11 -   83QM0075VN (Ultra 7-355/ 16GB/ 512GB/ Windows 11 Home + Microsoft + Office),Lenovo,laptop,41990000.0,46990000.0,5000000.0,11.0,,,,phongvu,2026-09-21
phongvu_260503906.0,872092,260503906.0,Laptop Lenovo IdeaPad Slim 5 14AGP11 - 83S1006RVN (Ryzen AI 7 445/ 16GB/ 512GB/ Windows 11 Home SL),Lenovo,laptop,30990000.0,32990000.0,2000000.0,6.0,,,,phongvu,2026-09-21
phongvu_260503913.0,872099,260503913.0,Laptop Lenovo IdeaPad Slim 5 14IPH11 - 83S5000DVN (Ultra 5-322/ 16GB/ 512GB/ Windows 11 Home SL),Lenovo,laptop,29990000.0,32990000.0,3000000.0,9.0,,,,phongvu,2026-09-21
phongvu_260503920.0,872106,260503920.0,Laptop HP 14-ep1012TU - D72CPPA (Core 5 120U/ 16GB/ 512GB/ Win 11 Home SL),HP,laptop,22990000.0,25590000.0,2600000.0,10.0,,,,phongvu,2026-09-21
phongvu_260503930.0,872113,260503930.0,Laptop HP 14-hc0028TU - D72BJPA (Ultra 5-225U/ 16GB/ 512GB/ Win 11 Home SL),HP,laptop,24190000.0,29290000.0,5100000.0,17.0,,,,phongvu,2026-09-21
phongvu_260503946.0,872132,260503946.0,Laptop Acer Aspire Lite 15 AL15-21P-R91W (Ryzen 5 40/ 16GB/ 512GB/ Windows 11 Home SL),Acer,laptop,19990000.0,23990000.0,4000000.0,17.0,,,,phongvu,2026-09-21
phongvu_260507122.0,875463,260507122.0,Laptop Asus Zenbook A14 UX3407NA-QD254W (Snapdragon X2 Elite X2E88100/ 32GB/ 1TB/ Windows 11 Home),Asus,laptop,59090000.0,63990000.0,4900000.0,8.0,,,,phongvu,2026-09-21
phongvu_260507128.0,875472,260507128.0,Laptop Asus ROG Strix G16 G614PR-TS103W (Ryzen 9 8940HX/ GeForce RTX™ 5070Ti/ 16GB/ 512GB/ Windows 11 Home),Asus,laptop,68990000.0,71990000.0,3000000.0,4.0,,,,phongvu,2026-09-21
phongvu_260507129.0,875473,260507129.0,Laptop Asus ExpertBook B9 B9406CAA-X7321TW (Ultra X7-358H/ 32GB/ 1TB/ Windows 11 Home),Asus,laptop,65890000.0,68990000.0,3100000.0,4.0,,,,phongvu,2026-09-21
phongvu_260507135.0,875479,260507135.0,Laptop Asus ROG Strix G16 G614PW-TS051W (Ryzen 9 8940HX/ GeForce RTX™ 5080/ 16GB/ 1TB/ Windows 11 Home),Asus,laptop,94990000.0,94990000.0,0.0,0.0,,,,phongvu,2026-09-21
phongvu_260507136.0,875480,260507136.0,Laptop Asus ExpertBook Ultra B9406CAA-X7642TW (Ultra X7-358H/ 64GB/ 2TB/ Windows 11 Home),Asus,laptop,96990000.0,100000000.0,3010000.0,3.0,,,,phongvu,2026-09-21
phongvu_260507140.0,875482,260507140.0,Laptop Lenovo IdeaPad Slim 3 14IPH11 - 83UQ003NVN (Ultra 5-322/ 16GB/ 512GB/ Windows 11 Home SL),Lenovo,laptop,23490000.0,27990000.0,4500000.0,16.0,,,,phongvu,2026-09-21
phongvu_260507143.0,875486,260507143.0,Laptop Asus ROG Zephyrus G14 GU405AW-SY029W (Ultra 9-386H/ GeForce RTX™ 5080/ 32GB/ 1TB/ Windows 11 Home),Asus,laptop,119990000.0,119990000.0,0.0,0.0,,,,phongvu,2026-09-21
phongvu_260507150.0,875493,260507150.0,Laptop Asus Zenbook A14 UX3407NA-QD132WS (Snapdragon X2 Elite X2E88100/ 16GB/ 512GB/ Windows 11 Home),Asus,laptop,39990000.0,48990000.0,9000000.0,18.0,,,,phongvu,2026-09-21
phongvu_260507152.0,875495,260507152.0,Laptop Dell Pro 14 Essential PV14250 PV14250-120U-16512W (Core 5 120U/ 16GB/ 512GB/ Windows 11 Home SL),Dell,laptop,25990000.0,27990000.0,2000000.0,7.0,,,,phongvu,2026-09-21
phongvu_260508270.0,876676,260508270.0,Laptop Asus Zenbook Duo UX8407AA-SN439WS (Ultra X7-358H/ 32GB/ 512GB/ Windows 11 Home),Asus,laptop,78990000.0,82990000.0,4000000.0,5.0,,,,phongvu,2026-09-21
phongvu_260508562.0,876967,260508562.0,Laptop Lenovo IdeaPad Slim 3 15ARP10 - 83K700YWVN (Ryzen 5 7535HS/ 16GB/ 512GB/ Windows 11 Home SL),Lenovo,laptop,22490000.0,25490000.0,3000000.0,12.0,,,,phongvu,2026-09-21
phongvu_260508594.0,876999,260508594.0,Laptop Acer Swift Go 14 AI SFG14-74T-55HD (Ultra 5-225H/ 16GB/ 1TB/ Windows 11 Home SL),Acer,laptop,31990000.0,32990000.0,1000000.0,3.0,,,,phongvu,2026-09-21
phongvu_260600361.0,877868,260600361.0,Laptop Msi Modern 14 F1MG-432VN (Core 5 120U/ 16GB/ 512GB/ Windows 11 Home),Msi,laptop,19190000.0,21990000.0,2800000.0,13.0,,,,phongvu,2026-09-21
phongvu_260600939.0,878537,260600939.0,Laptop LG Gram Book 15U50U-G.AV55A5 (Ultra 5-115U/ 16GB/ 512GB/ Windows 11 Home),LG,laptop,23490000.0,24490000.0,1000000.0,4.0,,,,phongvu,2026-09-21
phongvu_260600946.0,878550,260600946.0,Laptop Lenovo IdeaPad Slim 3 14IWC11 - 83RQ002NVN (Core 5 320/ 16GB/ 512GB/ Windows 11 Home SL),Lenovo,laptop,22490000.0,26490000.0,4000000.0,15.0,,,,phongvu,2026-09-21
phongvu_260600953.0,878557,260600953.0,Laptop Acer Aspire Lite 15 AL15-36P-30TN (Core 3 N350/ 8GB/ 512GB/ Windows 11 Home SL),Acer,laptop,16990000.0,16990000.0,0.0,0.0,,,,phongvu,2026-09-21
phongvu_260600971.0,878573,260600971.0,Laptop Acer Aspire Lite 16 AI AL16-71P-582Q (Ultra 5-125H/ 16GB/ 512GB/ Win 11 Home SL),Acer,laptop,24990000.0,24990000.0,0.0,0.0,,,,phongvu,2026-09-21
phongvu_260602203.0,879834,260602203.0,Laptop Lenovo Yoga Slim 7 14IPH11 - 83QM0076VN (Ultra 7-355/ 16GB/ 512GB/ Windows 11 + Office + Microsoft),Lenovo,laptop,41990000.0,46990000.0,5000000.0,11.0,,,,phongvu,2026-09-21
phongvu_260602215.0,879841,260602215.0,Laptop Lenovo Yoga Slim 7 Ultra 14IPH11 - 83QK0015VN (Ultra 7-355/ 32GB/ 1TB/ Windows 11 Home + Microsoft + Office),Lenovo,laptop,62990000.0,72990000.0,10000000.0,14.0,,,,phongvu,2026-09-21
phongvu_260602380.0,880003,260602380.0,Laptop Asus ROG Zephyrus G16 GU606AM-TB032W (Ultra 9-386H/ GeForce RTX™ 5060/ 32GB/ 1TB/ Windows 11 Home),Asus,laptop,87990000.0,89990000.0,2000000.0,2.0,,,,phongvu,2026-09-21
phongvu_260602383.0,880005,260602383.0,Laptop Asus ROG Zephyrus G14 GU405AR-SY016W (Ultra 9-386H/ GeForce RTX™ 5070Ti/ 32GB/ 1TB/ Windows 11 Home),Asus,laptop,96990000.0,96990000.0,0.0,0.0,,,,phongvu,2026-09-21
phongvu_260602384.0,880004,260602384.0,Laptop Asus ROG Zephyrus G16 GU606AR-TB027W (Ultra 9-386H/ GeForce RTX™ 5070Ti/ 32GB/ 1TB/ Windows 11 Home),Asus,laptop,99990000.0,99990000.0,0.0,0.0,,,,phongvu,2026-09-21
phongvu_260602400.0,880017,260602400.0,Laptop Msi Modern 14 H1M-014VN (Core 7 150U/ 16GB/ 512GB/ Windows 11 Home),Msi,laptop,22390000.0,25490000.0,3100000.0,12.0,,,,phongvu,2026-09-21
phongvu_260602401.0,880022,260602401.0,Laptop Gigabyte Gaming A16 3THK3VN893SH (Ryzen 7 260/ GeForce RTX™ 5050/ 16GB/ 512GB/ Windows 11 Home SL),Gigabyte,laptop,38990000.0,38990000.0,0.0,0.0,,,,phongvu,2026-09-21
phongvu_260602407.0,880029,260602407.0,Laptop Asus ROG Zephyrus G14 GA403GM-SY164W (Ryzen AI 9 465/ GeForce RTX™ 5060/ 16GB/ 512GB/ Windows 11 Home),Asus,laptop,64990000.0,65990000.0,1000000.0,2.0,,,,phongvu,2026-09-21
phongvu_260602408.0,880028,260602408.0,Laptop Msi Modern 14S G3MG-003VN (Core 5 320/ 16GB/ 1TB/ Windows 11 Home),Msi,laptop,27990000.0,31490000.0,3500000.0,11.0,,,,phongvu,2026-09-21
phongvu_260602409.0,880030,260602409.0,Laptop Gigabyte Gaming A16 3VHK3VN893SH (Ryzen 7 260/ GeForce RTX™ 5060/ 16GB/ 512GB/ Windows 11 Home SL),Gigabyte,laptop,40990000.0,40990000.0,0.0,0.0,,,,phongvu,2026-09-21
phongvu_260602411.0,880031,260602411.0,"Laptop Lenovo ThinkBook 16 G9 IRL - 21US008FVN (i5-13420H/ 16GB/ 512GB/ Windows 11 Home SL, English)",Lenovo,laptop,26990000.0,33390000.0,6400000.0,19.0,,,,phongvu,2026-09-21
phongvu_260602419.0,880040,260602419.0,"Laptop Lenovo LOQ 15IPH11 - 83SL000LVN (Ultra 7-356H/ GeForce RTX™ 5060/ 16GB/ 512GB/ Windows 11 Home SL, English)",Lenovo,laptop,49990000.0,55990000.0,6000000.0,11.0,,,,phongvu,2026-09-21
phongvu_260602423.0,880042,260602423.0,Laptop Dell 15 DC15255 - DC5R5973W1 (Ryzen 5 7530U/ 16GB/ 512GB/ Win 11 Home SL + Office + Microsoft),Dell,laptop,23990000.0,25290000.0,1300000.0,5.0,,,,phongvu,2026-09-21
phongvu_260602424.0,880044,260602424.0,Laptop LG Gram 14Z90U-G.AN55A5 (Ultra 5-325/ 16GB/ 512GB/ Win 11 Home SL),LG,laptop,37990000.0,49990000.0,12000000.0,24.0,,,,phongvu,2026-09-21
phongvu_260602427.0,880047,260602427.0,Laptop Acer Aspire Lite 14 AL14-45P-R7Z3 (Ryzen 3 5400U/ 8GB/ 512GB/ Windows 11 Home SL),Acer,laptop,15990000.0,16990000.0,1000000.0,6.0,,,,phongvu,2026-09-21
phongvu_260602429.0,880050,260602429.0,Laptop Dell 14 DC14250 - DC4C5375W1 (Core 5 120U/ 16GB/ 512GB/ Win 11 Home SL + Office + Microsoft),Dell,laptop,29990000.0,32690000.0,2700000.0,8.0,,,,phongvu,2026-09-21
phongvu_260602430.0,880051,260602430.0,Laptop Asus Zenbook S14 UX5406AA-SU348W (Ultra 9-386H/ 16GB/ 512GB/ Windows 11 Home),Asus,laptop,48990000.0,50990000.0,2000000.0,4.0,,,,phongvu,2026-09-21
phongvu_260602432.0,880052,260602432.0,Laptop LG Gram Pro 16Z90U-G.AN55A5 (Ultra 5-325/ 16GB/ 512GB/ Win 11 Home SL),LG,laptop,39990000.0,51990000.0,12000000.0,23.0,,,,phongvu,2026-09-21
phongvu_260602434.0,880055,260602434.0,Laptop Acer Aspire Lite 14 AL14-44P-R0SP (Ryzen 7 7730U/ 8GB/ 512GB/ Windows 11 Home SL),Acer,laptop,20490000.0,22990000.0,2500000.0,11.0,,,,phongvu,2026-09-21
phongvu_260602435.0,880056,260602435.0,Laptop Dell 14 DC14255-DC4A5330W1 (Ryzen 5 330/ 16GB/ 512GB/ Win 11 Home SL + Office + Microsoft),Dell,laptop,30990000.0,34590000.0,3600000.0,10.0,,,,phongvu,2026-09-21
phongvu_260602436.0,880057,260602436.0,Laptop LG Gram Pro 16Z90U-G.AV85A5 (Ultra 7-355/ 32GB/ 512GB/ Win 11 Home SL),LG,laptop,49990000.0,53990000.0,4000000.0,7.0,,,,phongvu,2026-09-21
phongvu_260602437.0,880058,260602437.0,Laptop Gigabyte Gaming A16 CMHH2MY893SH (i5-13420H/ GeForce RTX™ 4050/ 16GB/ 512GB/ Windows 11 Home SL),Gigabyte,laptop,26990000.0,30990000.0,4000000.0,13.0,,,,phongvu,2026-09-21
phongvu_260602438.0,880059,260602438.0,Laptop HP Elitebook 6 G1i - BQ9N4PT (Ultra 7-255H/ 16GB/ 512GB/ Windows 11 Home),HP,laptop,42590000.0,43490000.0,900000.0,2.0,,,,phongvu,2026-09-21
phongvu_260602439.0,880060,260602439.0,Laptop Asus Gaming V16 V3607VJ-TK189W (Core 5 210H/ GeForce RTX™ 3050/ 16GB/ 512GB/ Windows 11 Home),Asus,laptop,26490000.0,36990000.0,10500000.0,28.0,,,,phongvu,2026-09-21
phongvu_260602916.0,880546,260602916.0,Laptop HP 14 em0023AU - D0BG7PA (Ryzen 5 7520U/ 16GB/ 512GB/ Windows 11 Home SL),HP,laptop,21290000.0,25990000.0,4700000.0,18.0,,,,phongvu,2026-09-21
phongvu_260602917.0,880542,260602917.0,Laptop Lenovo IdeaPad Slim 3 16IPH11 - 83US002WVN (Ultra 7-355/ 16GB/ 512GB/ Windows 11 Home SL),Lenovo,laptop,28990000.0,32990000.0,4000000.0,12.0,,,,phongvu,2026-09-21
phongvu_260602918.0,880543,260602918.0,Laptop Lenovo IdeaPad Slim 5 14IPH11 - 83S5000CVN (Ultra 5-322/ 32GB/ 512GB/ Windows 11 Home SL),Lenovo,laptop,36990000.0,39990000.0,3000000.0,8.0,,,,phongvu,2026-09-21
phongvu_260602919.0,880544,260602919.0,Laptop Dell Pro 14 Essential PV14250 (Core 7 150U/ 16GB/ 1TB/ Unbuntu),Dell,laptop,28990000.0,31490000.0,2500000.0,8.0,,,,phongvu,2026-09-21
phongvu_260602920.0,880545,260602920.0,Laptop HP ProBook 4 G1i - BQ5B3PT (Ultra 5-225U/ 16GB/ 512GB/ Windows 11 Home SL),HP,laptop,34990000.0,34990000.0,0.0,0.0,,,,phongvu,2026-09-21
phongvu_260603062.0,880689,260603062.0,Laptop Lenovo ThinkBook 14 G9 IRL - 21UY008TVN (Core i5-13420H/ 16GB/ 512GB/ Windows 11 Home SL),Lenovo,laptop,27990000.0,32990000.0,5000000.0,15.0,,,,phongvu,2026-09-21
phongvu_260603076.0,880702,260603076.0,Laptop Msi Cyborg 15 C13WEO-417VN (i7-13620H/ GeForce RTX™ 5050/ 16GB/ 512GB/ Windows 11 Home),Msi,laptop,34590000.0,36990000.0,2400000.0,6.0,,,,phongvu,2026-09-21
phongvu_260603078.0,880705,260603078.0,Laptop Msi Crosshair 16 HX E14WEK-076VN (i9-14900HX/ GeForce RTX™ 5050/ 32GB/ 1TB/ Windows 11 Home),Msi,laptop,59990000.0,61990000.0,2000000.0,3.0,,,,phongvu,2026-09-21
phongvu_260603084.0,880711,260603084.0,Laptop Lenovo Legion 5 15AHP11 - 83Q7001HVN (Ryzen 7 250/ GeForce RTX™ 5050/ 16GB/ 512GB/ Windows 11 Home SL + Office),Lenovo,laptop,52690000.0,55990000.0,3300000.0,6.0,,,,phongvu,2026-09-21
phongvu_260603086.0,880713,260603086.0,Laptop Lenovo IdeaPad Slim 3 14IWC11 - 83RQ002PVN (Core 5 320/ 8GB/ 512GB/ Windows 11 Home SL),Lenovo,laptop,18790000.0,22990000.0,4200000.0,18.0,,,,phongvu,2026-09-21
phongvu_260603319.0,880974,260603319.0,Laptop Acer Aspire Lite 15 AL15-49P-R6XX (Ryzen 5 7430U/ 8GB/ 512GB/ Windows 11 Home SL),Acer,laptop,18690000.0,19990000.0,1300000.0,7.0,,,,phongvu,2026-09-21
phongvu_260603320.0,880975,260603320.0,Laptop Lenovo LOQ 15AHP11 - 83TN0040VN (Ryzen 7 250/ GeForce RTX™ 5050/ 16GB/ 512GB/ Windows 11 Home SL),Lenovo,laptop,41990000.0,46990000.0,5000000.0,11.0,,,,phongvu,2026-09-21
phongvu_260603575.0,881230,260603575.0,Laptop Msi Cyborg 15 C13WEO-418VN (Core i5-13420H/ GeForce RTX™ 5050/ 16GB/ 512GB/ Windows 11 Home),Msi,laptop,31590000.0,34990000.0,3400000.0,10.0,,,,phongvu,2026-09-21
phongvu_260700542.0,882029,260700542.0,Laptop HP Envy X360 14-fc0156TU - AY8W4PA (Core Ultra 7-155U) (Bạc) - Đã sử dụng,HP,laptop,25990000.0,32990000.0,7000000.0,21.0,,,,phongvu,2026-09-21
phongvu_260701722.0,883268,260701722.0,Laptop HP ProBook 4 G2i - DK2W9AT (Ultra 5-325/ 24GB/ 512GB/ Windows 11 Home SL),HP,laptop,42790000.0,42790000.0,0.0,0.0,,,,phongvu,2026-09-21
phongvu_260701729.0,883280,260701729.0,Laptop Acer Swift Go AI SFG14-75-765M (Ultra 7-258V/ 32GB/ 512GB/ Windows 11 Home SL),Acer,laptop,39990000.0,39990000.0,0.0,0.0,,,,phongvu,2026-09-21
phongvu_260701732.0,883285,260701732.0,Laptop Lenovo Yoga Slim 7 Ultra 14IPH11 - 83QK006GVN (Ultra 7-355/ 32GB/ 1TB/ Windows 11 Home + Office + Microsoft),Lenovo,laptop,64990000.0,66990000.0,2000000.0,3.0,,,,phongvu,2026-09-21
phongvu_260701733.0,883286,260701733.0,Laptop Acer Swift Go 14 AI SFG14-I71-70RP (Ultra X7-358H/ 32GB/ 1TB/ Windows 11 Home SL),Acer,laptop,49990000.0,49990000.0,0.0,0.0,,,,phongvu,2026-09-21
phongvu_260701736.0,883291,260701736.0,Laptop Lenovo Yoga Slim 7 Ultra 14IPH11 - 83QK009PVN (Ultra X9-378H/ 32GB/ 1TB/ Windows 11 Home + Office + Microsoft),Lenovo,laptop,79990000.0,79990000.0,0.0,0.0,,,,phongvu,2026-09-21
phongvu_260701737.0,883292,260701737.0,Laptop Acer Predator Helios Neo 16S PHN16S-I51-98CX (Ultra 9-386H/ GeForce RTX™ 5060/ 16GB/ 512GB/ Windows 11 Home SL),Acer,laptop,72990000.0,77990000.0,5000000.0,6.0,,,,phongvu,2026-09-21
phongvu_260701739.0,883295,260701739.0,Laptop HP ProBook 4 G2i - DK2W4AT (Ultra 5-325/ 16GB/ 512GB/ Windows 11Home SL),HP,laptop,37290000.0,37290000.0,0.0,0.0,,,,phongvu,2026-09-21
phongvu_260701740.0,883296,260701740.0,Laptop Acer Predator Helios Neo 16S PHN16S-I51-97T9 (Ultra 9-386H/ GeForce RTX™ 5070/ 16GB/ 512GB/ Windows 11 Home SL),Acer,laptop,75990000.0,80990000.0,5000000.0,6.0,,,,phongvu,2026-09-21
phongvu_260701747.0,883299,260701747.0,Laptop Lenovo Yoga 7 2in1 14IPH11 - 83TC002LVN (Ultra 5-322/ 16GB/ 512GB/ Windows 11 Home SL + Office + Microsoft),Lenovo,laptop,41490000.0,44990000.0,3500000.0,8.0,,,,phongvu,2026-09-21
phongvu_260701754.0,883309,260701754.0,"Laptop Lenovo IdeaPad Slim 3 16IWC11 - 83RS002KVN (Core 5 320/ 8GB/ 512GB/ Windows 11 Home SL, English)",Lenovo,laptop,18990000.0,22990000.0,4000000.0,17.0,,,,phongvu,2026-09-21
phongvu_260701761.0,883317,260701761.0,"Laptop Lenovo IdeaPad Slim 3 16IPH11 - 83US003YVN (Ultra 7-355/ 16GB/ 512GB/ Windows 11 Home SL, English)",Lenovo,laptop,32990000.0,32990000.0,0.0,0.0,,,,phongvu,2026-09-21
phongvu_260701768.0,883323,260701768.0,"Laptop Lenovo IdeaPad Slim 3 16IPH11 - 83US0040VN (Ultra 5-322/ 16GB/ 512GB/ Windows 11 Home SL, English)",Lenovo,laptop,23990000.0,27990000.0,4000000.0,14.0,,,,phongvu,2026-09-21
phongvu_260701774.0,883330,260701774.0,Laptop Asus Vivobook 16 X1607CA-MB387W (Ultra 5-225H/ 16GB/ 512GB/ Windows 11 Home),Asus,laptop,24590000.0,33490000.0,8900000.0,27.0,,,,phongvu,2026-09-21
phongvu_260701776.0,883332,260701776.0,Laptop Lenovo Yoga 7 2-in-1 14IPH11 - 83TC002KVN (Ultra 5-322/ 16GB/ 512GB/ Windows 11 Home SL + Office + Microsoft),Lenovo,laptop,41490000.0,44990000.0,3500000.0,8.0,,,,phongvu,2026-09-21
phongvu_260701777.0,883333,260701777.0,Laptop Asus ROG Strix G16 G614PH-RV176W (Ryzen 9 8940HX/ GeForce RTX™ 5050/ 16GB/ 512GB/ Windows 11 Home),Asus,laptop,49990000.0,49990000.0,0.0,0.0,,,,phongvu,2026-09-21
phongvu_260703453.0,885287,260703453.0,"Laptop Lenovo V15 G5 IRL - 83HF00BYVN (i5-13420H/ 16GB/ 512GB/ Windows 11 Home SL, English)",Lenovo,laptop,24990000.0,25690000.0,700000.0,3.0,,,,phongvu,2026-09-21
phongvu_260703460.0,885297,260703460.0,Laptop Lenovo ThinkPad E14 Gen 7 - 21T90025VN (Core 7 240H/ 16GB/ 512GB/ Windows 11 Home SL),Lenovo,laptop,34190000.0,35990000.0,1800000.0,5.0,,,,phongvu,2026-09-21
phongvu_260703468.0,885304,260703468.0,Laptop Lenovo ThinkPad T14s Gen 6 - 21QX00LJVN (Ultra 5-228V/ 32GB/ 1TB/ Windows 11 Pro),Lenovo,laptop,50990000.0,50990000.0,0.0,0.0,,,,phongvu,2026-09-21
phongvu_260704564.0,886573,260704564.0,Laptop Acer Nitro ProPanel ANV15-52-556L (Core 5 210H/ GeForce RTX™ 5050/ 16GB/ 512GB/ Windows 11 Home SL),Acer,laptop,38990000.0,39990000.0,1000000.0,3.0,,,,phongvu,2026-09-21
phongvu_260704571.0,886584,260704571.0,Laptop Acer Nitro ProPanel AN16S-61-R7ZJ (Ryzen AI 7 350/ GeForce RTX™ 5060/ 16GB/ 512GB/ Windows 11 Home SL),Acer,laptop,51990000.0,51990000.0,0.0,0.0,,,,phongvu,2026-09-21
phongvu_260704577.0,886591,260704577.0,Laptop Dell 15 DC15250 - CPH993 (Core 3 100U/ 8GB/ 512GB/ Windows 11 Home SL + Office),Dell,laptop,22590000.0,22590000.0,0.0,0.0,,,,phongvu,2026-09-21
phongvu_260704585.0,886598,260704585.0,Laptop Dell 15 DC15250 - CPH995 (i5-1334U/ 16GB/ 512GB/ Windows 11 Home SL + Office),Dell,laptop,30690000.0,30690000.0,0.0,0.0,,,,phongvu,2026-09-21
phongvu_260704589.0,886602,260704589.0,Laptop Asus Zenbook 14 UX3405CA-ST1713W (Ultra 5-225H/ 16GB/ 512GB/ Windows 11 Home),Asus,laptop,29990000.0,38990000.0,9000000.0,23.0,,,,phongvu,2026-09-21
phongvu_260704593.0,886606,260704593.0,Laptop Dell 15 DC15250 - CPH996 (i7-1355U/ 16GB/ 1TB/ Windows 11 Home SL + Office),Dell,laptop,39590000.0,39590000.0,0.0,0.0,,,,phongvu,2026-09-21
phongvu_260704596.0,886610,260704596.0,Laptop Asus Zenbook 14 UX3405CA-ST630W (Ultra 7-255H/ 16GB/ 512GB/ Windows 11 Home),Asus,laptop,36490000.0,40990000.0,4500000.0,11.0,,,,phongvu,2026-09-21
phongvu_260704599.0,886612,260704599.0,Laptop Dell 15 DC15255 - X9YM42 (Ryzen 7 7730U/ 16GB/ 1TB/ Win 11 Home SL + Office),Dell,laptop,30690000.0,30690000.0,0.0,0.0,,,,phongvu,2026-09-21
phongvu_260704600.0,886614,260704600.0,Laptop Acer Nitro ProPanel ANV15-42-R9EH (Ryzen 7 7445HS/ GeForce RTX™ 4050/ 16GB/ 512GB/ Windows 11 Home SL),Acer,laptop,35990000.0,38990000.0,3000000.0,8.0,,,,phongvu,2026-09-21
phongvu_260705543.0,887685,260705543.0,Laptop Dell 15 DC15250 – 71100514 (i5-1334U/ 16GB/ 512GB/ Windows 11 Home SL + Office + Microsoft),Dell,laptop,27990000.0,30090000.0,2100000.0,7.0,,,,phongvu,2026-09-21
phongvu_260705959.0,888140,260705959.0,Laptop Lenovo ThinkPad P16v Gen 3 - 21RS0045VN (Ultra 7-255H/ NVIDIA® RTX PRO 2000/ 64GB/ 1TB/ Windows 11 Pro),Lenovo,laptop,126690000.0,126690000.0,0.0,0.0,,,,phongvu,2026-09-21
phongvu_260705966.0,888149,260705966.0,Laptop Msi Modern 14S AI+ G3MG-050VN (Ultra 7-355/ 16GB/ 1TB/ Windows 11 Home),Msi,laptop,36490000.0,36490000.0,0.0,0.0,,,,phongvu,2026-09-21
phongvu_260705974.0,888156,260705974.0,Laptop Asus Vivobook S14 S3407VA-LY147W (Core 5 210H/ 16GB/ 512GB/ Windows 11 Home),Asus,laptop,34990000.0,34990000.0,0.0,0.0,,,,phongvu,2026-09-21
phongvu_260705985.0,888165,260705985.0,Laptop Asus Vivobook S16 S5652MA-TK094W (Core 7 350/ 16GB/ 512GB/ Windows 11 Home),Asus,laptop,36990000.0,36990000.0,0.0,0.0,,,,phongvu,2026-09-21
phongvu_260705993.0,888175,260705993.0,Laptop Asus Zenbook 14 UX3405CA-ST1531W (Ultra 9-285H/ 16GB/ 512GB/ Windows 11 Home),Asus,laptop,42990000.0,42990000.0,0.0,0.0,,,,phongvu,2026-09-21
phongvu_260706001.0,888183,260706001.0,Laptop Asus TUF Gaming F16 FX607VJR-TU320W (Core 5 205H/ GeForce RTX™ 3050/ 16GB/ 512GB/ Windows 11 Home),Asus,laptop,39990000.0,39990000.0,0.0,0.0,,,,phongvu,2026-09-21
phongvu_260706009.0,888191,260706009.0,Laptop Asus TUF Gaming F16 FX607VJR-TU328W (Core 7 230H/ GeForce RTX™ 3050/ 16GB/ 512GB/ Windows 11 Home),Asus,laptop,43990000.0,43990000.0,0.0,0.0,,,,phongvu,2026-09-21
phongvu_260706016.0,888199,260706016.0,Laptop Asus TUF Gaming 16 FX610JH-TU008W (i5-14450HX/ GeForce RTX™ 5050/ 16GB/ 512GB/ Windows 11 Home),Asus,laptop,43990000.0,43990000.0,0.0,0.0,,,,phongvu,2026-09-21
phongvu_260706024.0,888206,260706024.0,Laptop Asus TUF Gaming 16 FX610JH-TU009W (i7-14650HX/ GeForce RTX™ 5050/ 16GB/ 512GB/ Windows 11 Home),Asus,laptop,47990000.0,47990000.0,0.0,0.0,,,,phongvu,2026-09-21
phongvu_260706029.0,888212,260706029.0,Laptop Asus TUF Gaming 16 FX610JM-TU004W (i7-14650HX/ GeForce RTX™ 5060/ 16GB/ 512GB/ Windows 11 Home),Asus,laptop,52990000.0,52990000.0,0.0,0.0,,,,phongvu,2026-09-21
phongvu_260706030.0,888213,260706030.0,Laptop Lenovo ThinkPad P16v Gen 3 - 21RS0043VA (Ultra 7-255H/ NVIDIA® RTX PRO 2000/ 64GB/ 1TB/ No OS),Lenovo,laptop,107290000.0,107290000.0,0.0,0.0,,,,phongvu,2026-09-21
phongvu_260706031.0,888214,260706031.0,Laptop Asus ROG Zephyrus G16 GU605CP-QR115W (Ultra 7-255H/ GeForce RTX™ 5070/ 16GB/ 512GB/ Windows 11 Home),Asus,laptop,74990000.0,74990000.0,0.0,0.0,,,,phongvu,2026-09-21
phongvu_260801469.0,890602,260801469.0,Laptop Acer Swift Air 14 SFA14-I31-55NR (Core 5 320/ 12GB/ 512GB/ Windows 11 Home),Acer,laptop,24990000.0,24990000.0,0.0,0.0,,,,phongvu,2026-09-21
phongvu_260801476.0,890611,260801476.0,Laptop Acer Predator Helios Neo PHN16-I71-9779 (Ultra 9-290HX Plus/ GeForce RTX™ 5070/ 64GB/ 2TB/ Windows 11 Home),Acer,laptop,109990000.0,109990000.0,0.0,0.0,,,,phongvu,2026-09-21
phongvu_260801494.0,890625,260801494.0,Laptop Asus Vivobook 14 X1407CA-LY203W (Ultra 5-225H/ 16GB/ 512GB/ Windows 11 Home),Asus,laptop,33490000.0,33490000.0,0.0,0.0,,,,phongvu,2026-09-21
phongvu_260801499.0,890638,260801499.0,Laptop Asus Zenbook 14 UM3406GA-QD075W (Ryzen AI 7 445/ 16GB/ 512GB/ Windows 11 Home),Asus,laptop,39990000.0,39990000.0,0.0,0.0,,,,phongvu,2026-09-21
phongvu_260801505.0,890642,260801505.0,Laptop HP 15-fd2184TU - DP2C1PA (Ultra 7-255U/ 16GB/ 512GB/ Windows 11 Home SL),HP,laptop,35990000.0,35990000.0,0.0,0.0,,,,phongvu,2026-09-21
phongvu_260801507.0,890645,260801507.0,Laptop Asus TUF Gaming A14 FA401UH-RG001W (Ryzen 7 260/ GeForce RTX™ 5050/ 16GB/ 512GB/ Windows 11 Home),Asus,laptop,49990000.0,49990000.0,0.0,0.0,,,,phongvu,2026-09-21
phongvu_260801512.0,890651,260801512.0,Laptop Msi Modern 16S G3MG-016VN (Core 7 350/ 16GB/ 1TB/ Windows 11 Home),Msi,laptop,33490000.0,33490000.0,0.0,0.0,,,,phongvu,2026-09-21
phongvu_260801516.0,890653,260801516.0,Laptop Asus ROG Strix SCAR 18 G835LXG-TQ473W (Ultra 9-290HX Plus/ GeForce RTX™ 5090/ 64GB/ 2TB/ Windows 11 Home),Asus,laptop,179990000.0,179990000.0,0.0,0.0,,,,phongvu,2026-09-21
phongvu_260801521.0,890658,260801521.0,Laptop Msi Modern 16S AI+ G3MG-058VN (Ultra 7-355/ 32GB/ 1TB/ Windows 11 Home),Msi,laptop,44990000.0,44990000.0,0.0,0.0,,,,phongvu,2026-09-21
phongvu_260801531.0,890668,260801531.0,Laptop Acer Aspire Go 14 AI AG14-I71M-977M (Ultra 9-185H/ 16GB/ 512GB/ Windows 11 Home SL),Acer,laptop,29990000.0,29990000.0,0.0,0.0,,,,phongvu,2026-09-21
phongvu_260801536.0,890676,260801536.0,Laptop Acer Swift Air 14 SFA14-I31-52BV (Core 5 320/ 12GB/ 512GB/ Windows 11 Home),Acer,laptop,24990000.0,24990000.0,0.0,0.0,,,,phongvu,2026-09-21
phongvu_260801559.0,890706,260801559.0,Laptop Acer Swift Air 14 SFA14-I31-54A2 (Core 5 320/ 12GB/ 512GB/ Windows 11 Home),Acer,laptop,24990000.0,24990000.0,0.0,0.0,,,,phongvu,2026-09-21
phongvu_260801615.0,890763,260801615.0,Laptop Asus ExpertBook P3 G1 P3606CCAP-U716S8W (Ultra 7-255H/ 16GB/ 512GB/ Windows 11 Home),Asus,laptop,34990000.0,34990000.0,0.0,0.0,,,,phongvu,2026-09-21
phongvu_260802535.0,891731,260802535.0,Laptop Asus Vivobook S16 S3607CA-SH083WS (Core Ultra 7-255H) (Xám) - Demo,Asus,laptop,27990000.0,27990000.0,0.0,0.0,,,,phongvu,2026-09-21
phongvu_260802536.0,891732,260802536.0,Laptop Asus TUF Gaming F16 FX608JH-RV039W (i5-13450HX) (Xám) - Demo,Asus,laptop,33390000.0,33390000.0,0.0,0.0,,,,phongvu,2026-09-21
phongvu_260802587.0,891783,260802587.0,Laptop Asus TUF Gaming F16 FX608JH-RV039W (i5-13450HX) (Xám) - Demo,Asus,laptop,33390000.0,33390000.0,0.0,0.0,,,,phongvu,2026-09-21
phongvu_260802593.0,891789,260802593.0,Laptop Asus Gaming V16 V3607VU-RP343W (Core 5- 210H) (Đen) - Demo,Asus,laptop,26990000.0,26990000.0,0.0,0.0,,,,phongvu,2026-09-21
phongvu_260802599.0,891795,260802599.0,Laptop Asus Vivobook S16 S3607CA-SH083WS (Core Ultra 7-255H) (Xám) - Demo,Asus,laptop,27990000.0,27990000.0,0.0,0.0,,,,phongvu,2026-09-21
phongvu_260802600.0,891796,260802600.0,Laptop Asus Gaming V16 V3607VU-RP343W (Core 5- 210H) (Đen) - Demo,Asus,laptop,24990000.0,26990000.0,2000000.0,7.0,,,,phongvu,2026-09-21
phongvu_260802606.0,891802,260802606.0,Laptop Asus TUF Gaming F16 FX608JH-RV039W (i5-13450HX) (Xám) - Demo,Asus,laptop,33390000.0,33390000.0,0.0,0.0,,,,phongvu,2026-09-21
phongvu_260802613.0,891809,260802613.0,Laptop Asus TUF Gaming F16 FX608JH-RV039W (i5-13450HX) (Xám) - Demo,Asus,laptop,33390000.0,33390000.0,0.0,0.0,,,,phongvu,2026-09-21
phongvu_260802615.0,891811,260802615.0,Laptop Asus TUF Gaming F16 FX608JH-RV039W (i5-13450HX) (Xám) - Demo,Asus,laptop,33390000.0,33390000.0,0.0,0.0,,,,phongvu,2026-09-21
phongvu_260802623.0,891819,260802623.0,Laptop Asus Vivobook S16 S3607CA-SH083WS (Core Ultra 7-255H) (Xám) - Demo,Asus,laptop,22990000.0,27990000.0,5000000.0,18.0,,,,phongvu,2026-09-21
phongvu_260802627.0,891823,260802627.0,Laptop Asus Vivobook S16 S3607CA-SH083WS (Core Ultra 7-255H) (Xám) - Demo,Asus,laptop,22990000.0,27990000.0,5000000.0,18.0,,,,phongvu,2026-09-21
phongvu_260802628.0,891824,260802628.0,Laptop Asus Gaming V16 V3607VU-RP343W (Core 5- 210H) (Đen) - Demo,Asus,laptop,24990000.0,26990000.0,2000000.0,7.0,,,,phongvu,2026-09-21
phongvu_260802629.0,891825,260802629.0,Laptop Asus TUF Gaming F16 FX608JH-RV039W (i5-13450HX) (Xám) - Demo,Asus,laptop,33390000.0,33390000.0,0.0,0.0,,,,phongvu,2026-09-21
phongvu_260802634.0,891830,260802634.0,Laptop Asus Vivobook S S3407CA-LY095WS (Core Ultra 5-225H) (Xám) - Demo,Asus,laptop,22990000.0,22990000.0,0.0,0.0,,,,phongvu,2026-09-21
phongvu_260802636.0,891832,260802636.0,Laptop Asus Vivobook S16 S3607CA-SH083WS (Core Ultra 7-255H) (Xám) - Demo,Asus,laptop,22990000.0,27990000.0,5000000.0,18.0,,,,phongvu,2026-09-21
phongvu_260802639.0,891835,260802639.0,Laptop Asus TUF Gaming F16 FX608JH-RV039W (i5-13450HX) (Xám) - Demo,Asus,laptop,33390000.0,33390000.0,0.0,0.0,,,,phongvu,2026-09-21
phongvu_260802653.0,891849,260802653.0,Laptop Asus Vivobook S S3407CA-LY095WS (Core Ultra 5-225H) (Xám) - Demo,Asus,laptop,22990000.0,22990000.0,0.0,0.0,,,,phongvu,2026-09-21
phongvu_260802662.0,891858,260802662.0,Laptop Asus Vivobook S16 S3607CA-SH083WS (Core Ultra 7-255H) (Xám) - Demo,Asus,laptop,22990000.0,27990000.0,5000000.0,18.0,,,,phongvu,2026-09-21
phongvu_260802663.0,891859,260802663.0,Laptop Asus TUF Gaming F16 FX608JH-RV039W (i5-13450HX) (Xám) - Demo,Asus,laptop,33390000.0,33390000.0,0.0,0.0,,,,phongvu,2026-09-21
phongvu_260802688.0,891884,260802688.0,Laptop Asus TUF Gaming F16 FX608JH-RV039W (i5-13450HX) (Xám) - Demo,Asus,laptop,33390000.0,33390000.0,0.0,0.0,,,,phongvu,2026-09-21
phongvu_260802690.0,891886,260802690.0,Laptop Asus Vivobook S S3407CA-LY095WS (Core Ultra 5-225H) (Xám) - Demo,Asus,laptop,18990000.0,22990000.0,4000000.0,17.0,,,,phongvu,2026-09-21
phongvu_260802691.0,891887,260802691.0,Laptop Asus Gaming V16 V3607VU-RP343W (Core 5- 210H) (Đen) - Demo,Asus,laptop,24990000.0,26990000.0,2000000.0,7.0,,,,phongvu,2026-09-21
phongvu_260802692.0,891888,260802692.0,Laptop Asus Vivobook S16 S3607CA-SH083WS (Core Ultra 7-255H) (Xám) - Demo,Asus,laptop,27990000.0,27990000.0,0.0,0.0,,,,phongvu,2026-09-21
phongvu_260802752.0,891949,260802752.0,Laptop Asus Vivobook S16 S3607CA-SH083WS (Core Ultra 7-255H) (Xám) - Demo,Asus,laptop,22990000.0,27990000.0,5000000.0,18.0,,,,phongvu,2026-09-21
phongvu_260803513.0,892704,260803513.0,Laptop Lenovo IdeaPad Slim 3 14IPH11 - 83UQ006TVN (Ultra 5-322/ 16GB/ 512GB/ Windows 11 Home + Office + Microsoft),Lenovo,laptop,31990000.0,32990000.0,1000000.0,3.0,,,,phongvu,2026-09-21
phongvu_260803520.0,892716,260803520.0,Laptop Lenovo IdeaPad Slim 5 14AKP10 - 83HX00F5VN (Ryzen AI 5 330/ 16GB/ 512GB/ Windows 11 Home + Office + Microsoft),Lenovo,laptop,33990000.0,34990000.0,1000000.0,3.0,,,,phongvu,2026-09-21
phongvu_260803528.0,892723,260803528.0,Laptop Acer Aspire Lite 14 AL14-47P-R0TR (Ryzen 5 3500U/ 16GB/ 512GB/ Windows 11 Home),Acer,laptop,19990000.0,19990000.0,0.0,0.0,,,,phongvu,2026-09-21
phongvu_260803539.0,892732,260803539.0,Laptop Acer Aspire Lite 14 AI AL14-57P-59HB (Core 5 320/ 16GB/ 512GB/ Windows 11 Home),Acer,laptop,24990000.0,24990000.0,0.0,0.0,,,,phongvu,2026-09-21
phongvu_260803546.0,892743,260803546.0,Laptop Acer Aspire Lite 15 AL15-21P-R87W (Ryzen 3 30/ 8GB/ 512GB/ Windows 11 Home SL),Acer,laptop,18990000.0,18990000.0,0.0,0.0,,,,phongvu,2026-09-21
phongvu_260803553.0,892750,260803553.0,Laptop Acer Aspire Lite 15 AL15-410P-R1W8 (Ryzen 5 3500U/ 8GB/ 512GB/ Windows 11 Home),Acer,laptop,19990000.0,19990000.0,0.0,0.0,,,,phongvu,2026-09-21
phongvu_260803562.0,892758,260803562.0,Laptop Acer Gaming Nitro ProPanel ANV15-52-78MD (Core 7 240H/ GeForce RTX™ 5050/ 16GB/ 512GB/ Windows 11 Home SL),Acer,laptop,42990000.0,42990000.0,0.0,0.0,,,,phongvu,2026-09-21
phongvu_260803571.0,892767,260803571.0,Laptop Acer Predator Helios Neo 16 PHN16-I31-91K5 (i9-14900HX/ GeForce RTX™ 5070/ 32GB/ 1TB/ Windows 11 Home),Acer,laptop,91990000.0,91990000.0,0.0,0.0,,,,phongvu,2026-09-21
phongvu_260803572.0,892770,260803572.0,Laptop Asus ExpertBook P3 G1 P3406CCAP-U516W (Ultra 5-225H/ 16GB/ 512GB/ Windows 11 Home),Asus,laptop,29990000.0,29990000.0,0.0,0.0,,,,phongvu,2026-09-21
phongvu_260803578.0,892776,260803578.0,Laptop Acer Predator Helios 18 AI PH18-I71-91UX (Ultra 9-290HX Plus/ GeForce RTX™ 5080/ 64GB/ 3TB/ Windows 11 Home),Acer,laptop,181990000.0,181990000.0,0.0,0.0,,,,phongvu,2026-09-21
phongvu_260803581.0,892777,260803581.0,Laptop Gigabyte Gaming A16 - CVHI3MY893SH (i7-13620H/ GeForce RTX™ 5060/ 16GB/ 512GB/ Windows 11 Home SL),Gigabyte,laptop,37990000.0,39990000.0,2000000.0,5.0,,,,phongvu,2026-09-21
phongvu_260803589.0,892787,260803589.0,Laptop Lenovo IdeaPad Slim 3 14IWC11 - 83RQ00DBVN (Core 3 304/ 8GB/ 512GB/ Windows 11 Home + Office + Microsoft),Lenovo,laptop,24990000.0,24990000.0,0.0,0.0,,,,phongvu,2026-09-21
phongvu_260803593.0,892791,260803593.0,Laptop Lenovo IdeaPad Slim 3 16IWC11 - 83RS001NVN (Core 5 320/ 16GB/ 512GB/ Windows 11 Home SL),Lenovo,laptop,22990000.0,25990000.0,3000000.0,12.0,,,,phongvu,2026-09-21
phongvu_260805116.0,894418,260805116.0,Laptop Msi Prestige 14 Flip AI+ Vincent van Gogh Edition 14T235-259VN (Ultra X9-378H/ 32GB/ 1TB/ Windows 11 Home),Msi,laptop,59990000.0,59990000.0,0.0,0.0,,,,phongvu,2026-09-21
phongvu_260805117.0,894419,260805117.0,Laptop Msi Prestige 14 Flip AI+ Vincent van Gogh Edition 14T234-260VN (Ultra X9-378H/ 32GB/ 1TB/ Windows 11 Home),Msi,laptop,59990000.0,59990000.0,0.0,0.0,,,,phongvu,2026-09-21
phongvu_260805394.0,894698,260805394.0,Laptop Acer Gaming Aspire 7 A715-59G-59RD (Core 5 210H/ GeForce RTX™ 3050/ 16GB/ 512GB/ Windows 11 Home SL),Acer,laptop,25990000.0,27990000.0,2000000.0,7.0,,,,phongvu,2026-09-21
phongvu_260805395.0,894697,260805395.0,Laptop Gigabyte Gaming Eagle - 9LJR2VNF93SH (Ryzen 5 7533HS/ GeForce RTX™ 3050/ 16GB/ 512GB/ Windows 11 Home SL),Gigabyte,laptop,29990000.0,30990000.0,1000000.0,3.0,,,,phongvu,2026-09-21
phongvu_260805396.0,894699,260805396.0,Laptop Gigabyte Gaming Eagle - 9MJR2VNF93SH (Ryzen 5 7533HS/ GeForce RTX™ 4050/ 16GB/ 512GB/ Windows 11 Home SL),Gigabyte,laptop,31990000.0,33490000.0,1500000.0,4.0,,,,phongvu,2026-09-21
phongvu_260805895.0,895197,260805895.0,Laptop Asus V16 V3607VU-TK416W (Core 5 210H/ GeForce RTX™ 4050/ 16GB/ 512GB/ Windows 11 Home),Asus,laptop,41990000.0,41990000.0,0.0,0.0,,,,phongvu,2026-09-21
phongvu_260805903.0,895204,260805903.0,Laptop Msi Cyborg 15 Max C13WF-421VN (i7-13620H/ GeForce RTX™ 5060/ 8GB/ 512GB/ Windows® 11 Home),Msi,laptop,44990000.0,44990000.0,0.0,0.0,,,,phongvu,2026-09-21
phongvu_260901533.0,896920,260901533.0,Laptop Acer Gaming Aspire 7 A715-59G-53RH (Core 5 210H/ GeForce RTX™ 4050/ 16GB/ 512GB/ Windows 11 Home),Acer,laptop,29990000.0,33990000.0,4000000.0,12.0,,,,phongvu,2026-09-21
phongvu_260901534.0,896921,260901534.0,Laptop Asus Vivobook 14 X1404MA-EB027W (Core 3 304/ 8GB/ 512GB/ Windows 11 Home),Asus,laptop,17990000.0,22990000.0,5000000.0,22.0,,,,phongvu,2026-09-21
phongvu_260901535.0,896923,260901535.0,Laptop Asus ROG Zephyrus G16 GU605CP-QR141W (Ultra 7-255H/ GeForce RTX™ 5070/ 32GB/ 512GB/ Windows 11 Home),Asus,laptop,83990000.0,83990000.0,0.0,0.0,,,,phongvu,2026-09-21
phongvu_260901536.0,896922,260901536.0,Laptop Asus Vivobook 14 X1404MA-EB028W (Core 5 320/ 16GB/ 512GB/ Windows 11 Home),Asus,laptop,23990000.0,31990000.0,8000000.0,25.0,,,,phongvu,2026-09-21
phongvu_260901602.0,896986,260901602.0,Laptop Acer Predator Triton Neo 16 PTN16-51-78JQ (Ultra 7-155H/ GeForce RTX™ 4060/ 32GB/ 2TB/ Windows 11 Home SL),Acer,laptop,51990000.0,51990000.0,0.0,0.0,,,,phongvu,2026-09-21
phongvu_260901609.0,896996,260901609.0,Laptop Acer Aspire Lite 15 AL15-411P-R7YP (Ryzen 3 3200U/ 8GB/ 256GB/ Windows 11 Home),Acer,laptop,15990000.0,15990000.0,0.0,0.0,,,,phongvu,2026-09-21
phongvu_260901626.0,897011,260901626.0,Laptop Acer Nitro ProPanel ANV16-I51-71MF (Ultra 7-355/ GeForce RTX™ 5070/ 32GB/ 512GB/ Windows 11 Home),Acer,laptop,76990000.0,76990000.0,0.0,0.0,,,,phongvu,2026-09-21
phongvu_260901635.0,897021,260901635.0,Laptop Msi Crosshair A16 HX MLG Edition E8WFK - 067VN (Ryzen 9 8940HX/ GeForce RTX™ 5060/ 16GB/ 1TB/ Windows 11 Home),Msi,laptop,59990000.0,59990000.0,0.0,0.0,,,,phongvu,2026-09-21
phongvu_260901644.0,897031,260901644.0,Laptop Msi Crosshair A16 HX MLG Edition E8WGK - 093VN (Ryzen 9 8940HX/ GeForce RTX™ 5070/ 16GB/ 1TB/ Windows 11 Home),Msi,laptop,65990000.0,65990000.0,0.0,0.0,,,,phongvu,2026-09-21
phongvu_260901725.0,897115,260901725.0,Laptop Dell XPS 13 DX13260 TNR9K (Core 5 320/ 16GB/ 512GB/ Windows 11 + Office + Microsoft),Dell,laptop,46990000.0,46990000.0,0.0,0.0,,,,phongvu,2026-09-21
phongvu_260901734.0,897123,260901734.0,Laptop Asus Vivobook S16 S5608QA-MB354W (Snapdragon X X1 26 101/ 16GB/ 512GB/ Windows 11 Home),Asus,laptop,29990000.0,29990000.0,0.0,0.0,,,,phongvu,2026-09-21
phongvu_260901744.0,897132,260901744.0,Laptop Asus ExpertBook P1 P1503CVAY-308D4256-50W (Core 3 100U/ 8GB/ 256GB/ Windows 11 Home),Asus,laptop,14990000.0,14990000.0,0.0,0.0,,,,phongvu,2026-09-21
phongvu_260901751.0,897142,260901751.0,Laptop Asus ExpertBook P1 P1503CVAY-716D4-50W (Core 7 240H/ 16GB/ 512GB/ Windows 11 Home),Asus,laptop,27490000.0,27490000.0,0.0,0.0,,,,phongvu,2026-09-21
phongvu_260901761.0,897149,260901761.0,Laptop Asus ExpertBook P3 G1 P3606CCAP-U516S8W (Ultra 5-225H/ 16GB/ 512GB/ Windows 11 Home),Asus,laptop,29990000.0,29990000.0,0.0,0.0,,,,phongvu,2026-09-21
phongvu_260901767.0,897157,260901767.0,Laptop Asus ExpertBook P3 G1 P3406CCAP-U516S8W (Ultra 5-225H/ 16GB/ 512GB/ Windows 11 Home),Asus,laptop,29990000.0,29990000.0,0.0,0.0,,,,phongvu,2026-09-21
phongvu_260901771.0,897162,260901771.0,Laptop Asus ROG Strix SCAR 18 G835LWG-TQ383W (Ultra 9-290HX Plus/ GeForce RTX™ 5080/ 32GB/ 2TB/ Windows 11 Home),Asus,laptop,139990000.0,139990000.0,0.0,0.0,,,,phongvu,2026-09-21
phongvu_260901786.0,897178,260901786.0,Laptop Acer Nitro ProPanel AN16S-61-R9CN - 32GB (Ryzen AI 7 350/ GeForce RTX™ 5070/ 32GB/ 512GB/ Windows 11 Home SL),Acer,laptop,62990000.0,62990000.0,0.0,0.0,,,,phongvu,2026-09-21
