record_id,product_id,sku,name,brand,category,price_vnd,old_price_vnd,discount_amount_vnd,discount_percent,rating,review_count,url,source,crawl_date
thegioididong_351689,351689,,Bàn Phím Cơ Bluetooth Akko TAC87 Matcha Red Bean Stellar Rose,Akko,keyboard,1240000.0,1390000.0,150000.0,10.0,5.0,99.0,https://www.thegioididong.com/ban-phim/ban-phim-co-bluetooth-akko-tac87-matcha-red-bean-stellar-rose,thegioididong,2026-09-21
thegioididong_326735,326735,,Bàn Phím Bluetooth Logitech Signature K650,Logitech,keyboard,985000.0,,,,4.9,830.0,https://www.thegioididong.com/ban-phim/ban-phim-bluetooth-logitech-signature-k650,thegioididong,2026-09-21
thegioididong_357643,357643,,Bàn Phím Cơ Có Dây Gaming Razer BlackWidow V4 Pro Yellow Switch,Razer,keyboard,5340000.0,5890000.0,550000.0,9.0,5.0,3.0,https://www.thegioididong.com/ban-phim/ban-phim-co-co-day-gaming-razer-blackwidow-v4-pro-yellow-switch,thegioididong,2026-09-21
thegioididong_357642,357642,,Bàn Phím Cơ Có Dây Gaming Razer BlackWidow V4 Pro Green Switch,Razer,keyboard,4990000.0,5890000.0,900000.0,15.0,5.0,8.0,https://www.thegioididong.com/ban-phim/ban-phim-co-co-day-gaming-razer-blackwidow-v4-pro-green-switch,thegioididong,2026-09-21
thegioididong_357645,357645,,Bàn Phím Cơ Bluetooth Razer BlackWidow V4 Tenkeyless HyperSpeed Orange Tactile Switch,Razer,keyboard,3740000.0,3990000.0,250000.0,6.0,5.0,17.0,https://www.thegioididong.com/ban-phim/ban-phim-razer-blackwidow-v4-tenkeyless-hyperspeed-orange-tactile-switch,thegioididong,2026-09-21
thegioididong_342572,342572,,Bàn Phím Cơ Có Dây Akko FUN60 Pro SP Black Akko Glare Magnetic Switches 5943,Akko,keyboard,600000.0,700000.0,100000.0,14.0,5.0,97.0,https://www.thegioididong.com/ban-phim/ban-phim-co-co-day-akko-fun60-pro-sp-black,thegioididong,2026-09-21
thegioididong_342574,342574,,Bàn Phím Cơ Bluetooth Akko FUN60 Max SP Glare Magnetic Switches,Akko,keyboard,890000.0,1090000.0,200000.0,18.0,5.0,96.0,https://www.thegioididong.com/ban-phim/ban-phim-co-bluetooth-akko-fun60-max-sp-glare-magnetic-switches,thegioididong,2026-09-21
thegioididong_279466,279466,,Bàn Phím Có Dây Gaming Asus TUF K1,Asus,keyboard,825000.0,970000.0,145000.0,14.0,4.9,1847.0,https://www.thegioididong.com/ban-phim/co-day-gaming-asus-tuf-k1,thegioididong,2026-09-21
thegioididong_323008,323008,,Bàn Phím Bluetooth Logitech K380s,Logitech,keyboard,870000.0,970000.0,100000.0,10.0,4.9,3679.0,https://www.thegioididong.com/ban-phim/ban-phim-bluetooth-logitech-k380s,thegioididong,2026-09-21
thegioididong_357640,357640,,Bàn Phím Cơ Có Dây Gaming Razer BlackWidow V4 75% White Edition,Razer,keyboard,3690000.0,4490000.0,800000.0,17.0,5.0,4.0,https://www.thegioididong.com/ban-phim/ban-phim-co-co-day-gaming-razer-blackwidow-v4-75-white-edition,thegioididong,2026-09-21
thegioididong_357611,357611,,Bàn Phím Cơ Có Dây Gaming Razer BlackWidow V4 X Green Switch,Razer,keyboard,2590000.0,3290000.0,700000.0,21.0,4.8,20.0,https://www.thegioididong.com/ban-phim/ban-phim-co-co-day-gaming-razer-blackwidow-v4-x-green-switch,thegioididong,2026-09-21
thegioididong_359226,359226,,Bàn Phím Bluetooth Logitech Slim Solar K980,Logitech,keyboard,2390000.0,2690000.0,300000.0,11.0,5.0,17.0,https://www.thegioididong.com/ban-phim/ban-phim-bluetooth-logitech-slim-solar-k980,thegioididong,2026-09-21
thegioididong_332194,332194,,Bàn phím Apple Magic Keyboard USB C Touch ID MXCK3,Apple,keyboard,3490000.0,,,,5.0,196.0,https://www.thegioididong.com/ban-phim/ban-phim-apple-magic-keyboard-usb-c-touch-id-mxck3,thegioididong,2026-09-21
thegioididong_342573,342573,,Bàn Phím Cơ Có Dây Akko FUN60 Pro SP White Akko Glare Magnetic Switches 5936,Akko,keyboard,555000.0,,,,5.0,93.0,https://www.thegioididong.com/ban-phim/ban-phim-co-co-day-akko-fun60-pro-sp-white,thegioididong,2026-09-21
thegioididong_361813,361813,,Bàn Phím Cơ Bluetooth Machenike KG98 RGB Purple-Gold Switch,Machenike,keyboard,1405000.0,1590000.0,185000.0,11.0,5.0,136.0,https://www.thegioididong.com/ban-phim/ban-phim-co-bluetooth-machenike-kg98-rgb-purple-gold-switch,thegioididong,2026-09-21
thegioididong_325540,325540,,Magic Keyboard cho iPad Pro M4/M5 11 inch,Apple,keyboard,8190000.0,,,,5.0,1070.0,https://www.thegioididong.com/ban-phim/magic-keyboard-cho-ipad-pro-m4-11-inch,thegioididong,2026-09-21
thegioididong_366045,366045,,Bàn Phím Cơ Bluetooth Akko 5075 V3 Akko Piano,Akko,keyboard,835000.0,,,,5.0,88.0,https://www.thegioididong.com/ban-phim/ban-phim-co-bluetooth-akko-5075-v3-akko-piano,thegioididong,2026-09-21
thegioididong_344719,344719,,Bàn Phím Có Dây Gaming Rapoo V50s 98,Rapoo,keyboard,295000.0,,,,4.9,1265.0,https://www.thegioididong.com/ban-phim/ban-phim-co-day-gaming-rapoo-v50s-98,thegioididong,2026-09-21
thegioididong_368611,368611,,Bàn Phím Cơ Bluetooth EDRA EK375S,EDRA,keyboard,515000.0,,,,5.0,9.0,https://www.thegioididong.com/ban-phim/ban-phim-co-bluetooth-edra-ek375s?utm_flashsale=1,thegioididong,2026-09-21
thegioididong_361164,361164,,Bàn Phím Bluetooth Philips SPK6407,Philips,keyboard,335000.0,,,,5.0,200.0,https://www.thegioididong.com/ban-phim/ban-phim-bluetooth-philips-spk6407,thegioididong,2026-09-21
thegioididong_364801,364801,,Bàn Phím Cơ Có Dây Rapoo V501 87,Rapoo,keyboard,390000.0,,,,5.0,262.0,https://www.thegioididong.com/ban-phim/ban-phim-co-co-day-rapoo-v501-87,thegioididong,2026-09-21
thegioididong_339127,339127,,Bàn Phím Bluetooth Dareu LK160D,DareU,keyboard,520000.0,590000.0,70000.0,11.0,5.0,3015.0,https://www.thegioididong.com/ban-phim/ban-phim-bluetooth-dareu-lk160d?utm_flashsale=1,thegioididong,2026-09-21
thegioididong_362514,362514,,Bàn Phím Bluetooth HyperWork SilentKey,HyperWork,keyboard,790000.0,825000.0,35000.0,,5.0,153.0,https://www.thegioididong.com/ban-phim/ban-phim-bluetooth-hyperwork-silentkey,thegioididong,2026-09-21
thegioididong_361810,361810,,Bàn Phím Cơ Có Dây Machenike K500B B87 Wired Red switch LED Backlit,Machenike,keyboard,590000.0,610000.0,20000.0,,5.0,420.0,https://www.thegioididong.com/ban-phim/ban-phim-co-co-day-machenike-k500b-b87-wired-red-switch-led-backlit,thegioididong,2026-09-21
thegioididong_323001,323001,,Bàn Phím Có Dây Logitech K120,Logitech,keyboard,160000.0,195000.0,35000.0,17.0,4.9,57434.0,https://www.thegioididong.com/ban-phim/ban-phim-co-day-logitech-k120,thegioididong,2026-09-21
thegioididong_339154,339154,,Bàn Phím Cơ Có Dây Logitech G413 SE,Logitech,keyboard,1705000.0,1855000.0,150000.0,8.0,5.0,110.0,https://www.thegioididong.com/ban-phim/ban-phim-co-co-day-logitech-g413-se,thegioididong,2026-09-21
thegioididong_339121,339121,,Bàn Phím Cơ Bluetooth Dareu EK87 Pro,DareU,keyboard,1260000.0,1460000.0,200000.0,13.0,5.0,171.0,https://www.thegioididong.com/ban-phim/ban-phim-co-bluetooth-dareu-ek87-pro?utm_flashsale=1,thegioididong,2026-09-21
thegioididong_338172,338172,,Bộ Bàn Phím Chuột Không Dây Philips SPT6348,Philips,keyboard,430000.0,540000.0,110000.0,20.0,4.9,833.0,https://www.thegioididong.com/ban-phim/bo-ban-phim-chuot-khong-day-philips-spt6348,thegioididong,2026-09-21
thegioididong_339126,339126,,Bàn Phím Bluetooth Dareu LK150D,DareU,keyboard,555000.0,590000.0,35000.0,5.0,4.9,868.0,https://www.thegioididong.com/ban-phim/ban-phim-bluetooth-dareu-lk150d?utm_flashsale=1,thegioididong,2026-09-21
thegioididong_339155,339155,,Bàn Phím Cơ Bluetooth Logitech G515,Logitech,keyboard,2690000.0,,,,5.0,22.0,https://www.thegioididong.com/ban-phim/ban-phim-co-bluetooth-logitech-g515,thegioididong,2026-09-21
thegioididong_326669,326669,,Bàn Phím Bluetooth Asus Marshmallow KW100,Asus,keyboard,720000.0,970000.0,250000.0,25.0,4.9,1214.0,https://www.thegioididong.com/ban-phim/ban-phim-bluetooth-asus-marshmallow-kw100?utm_flashsale=1,thegioididong,2026-09-21
thegioididong_323006,323006,,Bộ Bàn Phím Chuột Không Dây Logitech MK240,Logitech,keyboard,570000.0,590000.0,20000.0,,4.9,3972.0,https://www.thegioididong.com/ban-phim/bo-ban-phim-chuot-khong-day-logitech-mk240,thegioididong,2026-09-21
thegioididong_296791,296791,,Bao Da Bàn Phím Magic Keyboard US iPad Gen 10/iPad A16 Apple MQDP3,Apple,keyboard,6890000.0,,,,5.0,357.0,https://www.thegioididong.com/ban-phim/magic-keyboard-folio-for-ipad,thegioididong,2026-09-21
thegioididong_370116,370116,,Bàn Phím Cơ Có Dây Logitech G316 X 98,Logitech,keyboard,1990000.0,2290000.0,300000.0,13.0,,,https://www.thegioididong.com/ban-phim/ban-phim-co-co-day-logitech-g316-x-98,thegioididong,2026-09-21
thegioididong_368616,368616,,Bàn Phím Cơ Bluetooth EDRA EK368WT,EDRA,keyboard,595000.0,,,,,,https://www.thegioididong.com/ban-phim/ban-phim-co-bluetooth-edra-ek368wt,thegioididong,2026-09-21
thegioididong_362904,362904,,Bàn Phím Bluetooth HyperWork HyperOne Gen 3,HyperWork,keyboard,845000.0,900000.0,55000.0,6.0,5.0,216.0,https://www.thegioididong.com/ban-phim/ban-phim-bluetooth-hyperwork-hyperone-gen-3,thegioididong,2026-09-21
thegioididong_335495,335495,,Bàn phím Apple Magic Keyboard iPad Air 13 inch,Apple,keyboard,8190000.0,,,,5.0,250.0,https://www.thegioididong.com/ban-phim/ban-phim-apple-magic-keyboard-ipad-air-13-inch,thegioididong,2026-09-21
thegioididong_368626,368626,,Bộ Bàn Phím Chuột Không Dây EDRA EC802W,EDRA,keyboard,395000.0,,,,,,https://www.thegioididong.com/ban-phim/bo-ban-phim-chuot-bluetooth-edra-ec802w,thegioididong,2026-09-21
thegioididong_368610,368610,,Bàn Phím Cơ Bluetooth EDRA EK368S,EDRA,keyboard,490000.0,600000.0,110000.0,18.0,5.0,5.0,https://www.thegioididong.com/ban-phim/ban-phim-co-bluetooth-edra-ek368s,thegioididong,2026-09-21
thegioididong_365035,365035,,Bàn Phím Bluetooth Dareu LK165D,DareU,keyboard,400000.0,570000.0,170000.0,29.0,5.0,148.0,https://www.thegioididong.com/ban-phim/ban-phim-bluetooth-dareu-lk165d,thegioididong,2026-09-21
thegioididong_335494,335494,,Bàn phím Apple Magic Keyboard iPad Air 11 inch,Apple,keyboard,7690000.0,,,,5.0,466.0,https://www.thegioididong.com/ban-phim/ban-phim-apple-magic-keyboard-ipad-air-11-inch,thegioididong,2026-09-21
thegioididong_325816,325816,,Bàn Phím iPad Logitech Combo Touch Gen 10TH/A16,Logitech,keyboard,3520000.0,4320000.0,800000.0,18.0,5.0,215.0,https://www.thegioididong.com/ban-phim/ban-phim-ipad-logitech-combo-touch-gen-10th,thegioididong,2026-09-21
thegioididong_314636,314636,,Bàn Phím Có Dây Gaming Rapoo V50S,Rapoo,keyboard,285000.0,385000.0,100000.0,25.0,4.9,6721.0,https://www.thegioididong.com/ban-phim/ban-phim-co-day-gaming-rapoo-v50s,thegioididong,2026-09-21
thegioididong_368614,368614,,Bàn Phím Cơ Không Dây EDRA EK368WA,EDRA,keyboard,490000.0,600000.0,110000.0,18.0,5.0,13.0,https://www.thegioididong.com/ban-phim/ban-phim-co-khong-day-edra-ek368wa,thegioididong,2026-09-21
thegioididong_331851,331851,,Bàn Phím Cơ Có Dây Akko 3098 Neon,Akko,keyboard,870000.0,970000.0,100000.0,10.0,5.0,397.0,https://www.thegioididong.com/ban-phim/ban-phim-co-co-day-akko-3098-neon,thegioididong,2026-09-21
thegioididong_325541,325541,,Magic Keybroad cho iPad Pro M4/M5 13 inch,Apple,keyboard,9590000.0,,,,5.0,659.0,https://www.thegioididong.com/ban-phim/magic-keybroad-cho-ipad-pro-m4-13-inch,thegioididong,2026-09-21
thegioididong_335191,335191,,Bàn Phím Cơ Có Dây Rapoo V500 Pro 98,Rapoo,keyboard,525000.0,,,,4.9,407.0,https://www.thegioididong.com/ban-phim/ban-phim-co-co-day-rapoo-v500-pro-98,thegioididong,2026-09-21
thegioididong_368606,368606,,Bàn Phím Có Dây EDRA EK506,EDRA,keyboard,150000.0,195000.0,45000.0,23.0,5.0,103.0,https://www.thegioididong.com/ban-phim/ban-phim-co-day-edra-ek506,thegioididong,2026-09-21
thegioididong_342558,342558,,Bàn Phím Cơ Bluetooth Akko 5075B Plus Black & Gold,Akko,keyboard,1290000.0,1490000.0,200000.0,13.0,5.0,107.0,https://www.thegioididong.com/ban-phim/ban-phim-co-bluetooth-akko-5075b-plus-black-gold,thegioididong,2026-09-21
thegioididong_339140,339140,,Bộ Bàn Phím Chuột Bluetooth Logitech Signature Slim MK950,Logitech,keyboard,2370000.0,2540000.0,170000.0,6.0,5.0,78.0,https://www.thegioididong.com/ban-phim/bo-ban-phim-chuot-bluetooth-logitech-signature-slim-mk950,thegioididong,2026-09-21
thegioididong_335543,335543,,Bàn Phím Tablet Xiaomi Pad 7 / 7 Pro,Xiaomi,keyboard,2790000.0,3425000.0,635000.0,18.0,5.0,88.0,https://www.thegioididong.com/ban-phim/ban-phim-tablet-xiaomi-pad-7-7-pro,thegioididong,2026-09-21
thegioididong_362530,362530,,Bộ Bàn Phím Chuột Không Dây MicroPack KM-205W,MICROPACK,keyboard,450000.0,,,,5.0,27.0,https://www.thegioididong.com/ban-phim/bo-ban-phim-chuot-khong-day-micropack-km-205w,thegioididong,2026-09-21
thegioididong_361811,361811,,Bàn Phím Cơ Bluetooth Machenike K600E B87W GR Silver switch RGB Side Printed,Machenike,keyboard,1195000.0,,,,5.0,27.0,https://www.thegioididong.com/ban-phim/ban-phim-co-bluetooth-machenike-k600e-b87w-gr-silver-switch-rgb,thegioididong,2026-09-21
thegioididong_339152,339152,,Bàn Phím Cơ Có Dây Logitech G413 TKL SE,Logitech,keyboard,1390000.0,,,,5.0,25.0,https://www.thegioididong.com/ban-phim/ban-phim-co-co-day-logitech-g413-tkl-se,thegioididong,2026-09-21
thegioididong_332195,332195,,Bàn Phím Apple Magic Keyboard USB C Touch ID có phím số,Apple,keyboard,4190000.0,,,,5.0,174.0,https://www.thegioididong.com/ban-phim/ban-phim-apple-magic-keyboard-usb-c-touch-id-co-phim-so,thegioididong,2026-09-21
thegioididong_368608,368608,,Bàn Phím Bluetooth EDRA EK507,EDRA,keyboard,405000.0,690000.0,285000.0,41.0,,,https://www.thegioididong.com/ban-phim/ban-phim-co-bluetooth-edra-ek507,thegioididong,2026-09-21
thegioididong_365034,365034,,Bàn Phím Cơ Bluetooth Dareu EK75 Pro Cloudy Aqua,DareU,keyboard,1090000.0,1190000.0,100000.0,8.0,5.0,57.0,https://www.thegioididong.com/ban-phim/ban-phim-co-bluetooth-dareu-ek75-pro-cloudy-aqua?utm_flashsale=1,thegioididong,2026-09-21
thegioididong_361558,361558,,Bàn Phím Bluetooth Keychron B1P-K2 Pro,Keychron,keyboard,655000.0,,,,5.0,5.0,https://www.thegioididong.com/ban-phim/ban-phim-bluetooth-keychron-b1p-k2-pro,thegioididong,2026-09-21
thegioididong_351682,351682,,Bàn Phím Cơ Có Dây Akko TAC87 Black&Gold Mirror,Akko,keyboard,960000.0,990000.0,30000.0,,4.9,128.0,https://www.thegioididong.com/ban-phim/ban-phim-co-co-day-akko-tac87-black-gold-mirror,thegioididong,2026-09-21
thegioididong_339147,339147,,Bàn Phím Bluetooth Logitech MX Keys Mini,Logitech,keyboard,2735000.0,2935000.0,200000.0,6.0,5.0,57.0,https://www.thegioididong.com/ban-phim/ban-phim-bluetooth-logitech-mx-keys-mini,thegioididong,2026-09-21
thegioididong_328212,328212,,Bàn Phím Bluetooth Logitech Keys-To-Go 2,Logitech,keyboard,1745000.0,2245000.0,500000.0,22.0,5.0,382.0,https://www.thegioididong.com/ban-phim/ban-phim-bluetooth-logitech-key-to-go-2,thegioididong,2026-09-21
thegioididong_362476,362476,,Bàn Phím Có Dây MicroPack K206,MICROPACK,keyboard,235000.0,,,,5.0,19.0,https://www.thegioididong.com/ban-phim/ban-phim-co-day-micropack-k206,thegioididong,2026-09-21
thegioididong_314635,314635,,Bàn Phím Cơ Bluetooth DareU EK75 Pro,DareU,keyboard,1065000.0,1265000.0,200000.0,15.0,4.9,743.0,https://www.thegioididong.com/ban-phim/ban-phim-co-bluetooth-dareu-ek75-pro?utm_flashsale=1,thegioididong,2026-09-21
thegioididong_366044,366044,,Bàn Phím Cơ Bluetooth Akko 5075 V3 Gradient Akko Frost Pink,Akko,keyboard,1000000.0,1190000.0,190000.0,15.0,5.0,24.0,https://www.thegioididong.com/ban-phim/ban-phim-co-bluetooth-akko-5075-v3-gradient-akko-frost-pink,thegioididong,2026-09-21
thegioididong_351687,351687,,Bàn Phím Cơ Bluetooth Akko TAC87 Black&Gold Mirror 3,Akko,keyboard,1335000.0,1390000.0,55000.0,,5.0,59.0,https://www.thegioididong.com/ban-phim/ban-phim-co-bluetooth-akko-tac87-black-gold-mirror-3,thegioididong,2026-09-21
thegioididong_342570,342570,,Bàn Phím Cơ Có Dây Akko TAC75 AstroAim Magnetic Switch,Akko,keyboard,1055000.0,,,,5.0,7.0,https://www.thegioididong.com/ban-phim/ban-phim-co-co-day-akko-tac75-astroaim-magnetic-switch,thegioididong,2026-09-21
thegioididong_339151,339151,,Bàn Phím Cơ Có Dây Logitech G512 Carbon Mechanical,Logitech,keyboard,2190000.0,2440000.0,250000.0,10.0,5.0,53.0,https://www.thegioididong.com/ban-phim/ban-phim-co-co-day-logitech-g512-carbon-mechanical,thegioididong,2026-09-21
thegioididong_339148,339148,,Bàn Phím Bluetooth Logitech MX Keys S,Logitech,keyboard,2660000.0,3325000.0,665000.0,20.0,5.0,102.0,https://www.thegioididong.com/ban-phim/ban-phim-bluetooth-logitech-mx-keys-s,thegioididong,2026-09-21
thegioididong_339122,339122,,Bàn Phím Cơ Bluetooth Dareu EK98 Pro,DareU,keyboard,1460000.0,1560000.0,100000.0,6.0,5.0,164.0,https://www.thegioididong.com/ban-phim/ban-phim-co-bluetooth-dareu-ek98-pro,thegioididong,2026-09-21
thegioididong_337341,337341,,Bàn Phím Cơ Bluetooth Asus ROG Azoth Wireless Mechanical Gaming Storm,Asus,keyboard,5990000.0,,,,5.0,6.0,https://www.thegioididong.com/ban-phim/ban-phim-co-bluetooth-asus-rog-azoth-wireless-mechanical-gaming-storm,thegioididong,2026-09-21
thegioididong_337339,337339,,Bàn Phím Cơ Bluetooth Asus ROG Azoth Wireless Mechanical Gaming Snow,Asus,keyboard,5990000.0,,,,5.0,18.0,https://www.thegioididong.com/ban-phim/ban-phim-co-bluetooth-asus-rog-azoth-wireless-mechanical-gaming-snow,thegioididong,2026-09-21
thegioididong_335542,335542,,Bàn Phím Tablet Xiaomi Pad 7 / 7 Pro Focus,Xiaomi,keyboard,4745000.0,4895000.0,150000.0,,5.0,67.0,https://www.thegioididong.com/ban-phim/ban-phim-tablet-xiaomi-pad-7-7-pro-focus,thegioididong,2026-09-21
thegioididong_328229,328229,,Bàn Phím Cơ Có Dây Gaming Corsair K70 CORE-BLK-CRSR MX-RGB,Corsair,keyboard,2310000.0,2610000.0,300000.0,11.0,5.0,37.0,https://www.thegioididong.com/ban-phim/ban-phim-co-day-gaming-corsair-k70-core-blk-crsr-mx-rgb,thegioididong,2026-09-21
thegioididong_328228,328228,,Bàn Phím Có Dây Gaming Corsair K55 CORE RGB,Corsair,keyboard,970000.0,1080000.0,110000.0,10.0,4.9,154.0,https://www.thegioididong.com/ban-phim/ban-phim-co-day-gaming-corsair-k55-core-rgb,thegioididong,2026-09-21
thegioididong_328174,328174,,Bàn Phím iPad Pro Logitech Combo Touch 11 inch M4/M5,Logitech,keyboard,5885000.0,6185000.0,300000.0,,5.0,46.0,https://www.thegioididong.com/ban-phim/ban-phim-ipad-pro-logitech-combo-touch-11inch-m4,thegioididong,2026-09-21
thegioididong_322597,322597,,Bàn Phím Có Dây Gaming Zadez G-850K,Zadez,keyboard,335000.0,385000.0,50000.0,12.0,4.9,3896.0,https://www.thegioididong.com/ban-phim/ba-n-phi-m-co-day-gaming-zadez-g-850k,thegioididong,2026-09-21
thegioididong_362472,362472,,Bộ Bàn Phím Chuột Không Dây MicroPack KM-237W - Xanh,MICROPACK,keyboard,635000.0,,,,5.0,4.0,https://www.thegioididong.com/ban-phim/bo-ban-phim-chuot-khong-day-micropack-km-237w-xanh,thegioididong,2026-09-21
thegioididong_337870,337870,,Bàn Phím Cơ Bluetooth Akko 5098B Green Ink Ice Cream Pink,Akko,keyboard,1890000.0,,,,5.0,76.0,https://www.thegioididong.com/ban-phim/ban-phim-co-bluetooth-akko-5098b-green-ink-ice-cream-pink,thegioididong,2026-09-21
thegioididong_370499,370499,,Bàn Phím Cơ Có Dây Philips SPK6508,Philips,keyboard,800000.0,,,,,,https://www.thegioididong.com/ban-phim/ban-phim-co-co-day-philips-spk6508,thegioididong,2026-09-21
thegioididong_368612,368612,,Bàn Phím Cơ Bluetooth EDRA EK398S,EDRA,keyboard,755000.0,800000.0,45000.0,5.0,5.0,17.0,https://www.thegioididong.com/ban-phim/ban-phim-co-bluetooth-edra-ek398s,thegioididong,2026-09-21
thegioididong_362469,362469,,Bộ Bàn Phím Chuột Không Dây MicroPack KM-237W - Đen,MICROPACK,keyboard,635000.0,,,,5.0,4.0,https://www.thegioididong.com/ban-phim/bo-ban-phim-chuot-khong-day-micropack-km-237w-den,thegioididong,2026-09-21
thegioididong_362389,362389,,Bàn Phím Có Dây Gaming Corsair K55 CORE TKL RGB/CH-9216065-NA,Corsair,keyboard,770000.0,,,,5.0,1.0,https://www.thegioididong.com/ban-phim/ban-phim-co-day-gaming-corsair-k55-core-tkl-rgb-ch-9216065-na,thegioididong,2026-09-21
thegioididong_361567,361567,,Bàn Phím Bluetooth Dell KB700,Dell,keyboard,1565000.0,,,,5.0,5.0,https://www.thegioididong.com/ban-phim/ban-phim-bluetooth-dell-kb700,thegioididong,2026-09-21
thegioididong_361496,361496,,Bàn Phím Bluetooth Keychron B6P-K9 B6 Pro,Keychron,keyboard,845000.0,,,,5.0,3.0,https://www.thegioididong.com/ban-phim/ban-phim-bluetooth-keychron-b6p-k9-b6-pro,thegioididong,2026-09-21
thegioididong_359548,359548,,Bàn Phím Cơ Bluetooth Asus ROG AZOTH X M704 Snow,Asus,keyboard,6490000.0,,,,5.0,3.0,https://www.thegioididong.com/ban-phim/ban-phim-co-bluetooth-asus-rog-azoth-x-m704,thegioididong,2026-09-21
thegioididong_359223,359223,,Bàn Phím iPad UniQ Venno Pro 13 inch M4 2024,UNIQ,keyboard,4040000.0,4390000.0,350000.0,7.0,5.0,13.0,https://www.thegioididong.com/ban-phim/ban-phim-ipad-uniq-venno-pro-13-inch-m4-2024,thegioididong,2026-09-21
thegioididong_359222,359222,,Bàn Phím iPad UniQ Venno Pro 11 inch M4 & M5 2024,UNIQ,keyboard,3190000.0,3790000.0,600000.0,15.0,5.0,21.0,https://www.thegioididong.com/ban-phim/ban-phim-ipad-uniq-venno-pro-11-inch-m4-2024,thegioididong,2026-09-21
thegioididong_357667,357667,,Bàn phím mô phỏng Cơ Có Dây Gaming Razer Ornata V3,Razer,keyboard,1320000.0,,,,5.0,19.0,https://www.thegioididong.com/ban-phim/ban-phim-co-co-day-gaming-razer-ornata-v3,thegioididong,2026-09-21
thegioididong_357664,357664,,Bàn Phím Cơ Có Dây Gaming Razer Huntsman V3 Pro Mini 60% Analog Optical,Razer,keyboard,4390000.0,4590000.0,200000.0,,5.0,9.0,https://www.thegioididong.com/ban-phim/ban-phim-co-co-day-gaming-razer-huntsman-v3-pro-mini-60-analog-optical,thegioididong,2026-09-21
thegioididong_357663,357663,,Bàn Phím Cơ Có Dây Gaming Razer Huntsman V3 Pro,Razer,keyboard,4990000.0,6590000.0,1600000.0,24.0,5.0,5.0,https://www.thegioididong.com/ban-phim/ban-phim-co-co-day-gaming-razer-huntsman-v3-pro,thegioididong,2026-09-21
thegioididong_357647,357647,,Bàn Phím Cơ Có Dây Gaming Razer BlackWidow V4 Yellow Switch,Razer,keyboard,3790000.0,4490000.0,700000.0,15.0,5.0,3.0,https://www.thegioididong.com/ban-phim/ban-phim-co-co-day-gaming-razer-blackwidow-v4-yellow-switch,thegioididong,2026-09-21
thegioididong_357646,357646,,Bàn Phím Cơ Có Dây Gaming Razer BlackWidow V4 Green Switch,Razer,keyboard,3690000.0,4490000.0,800000.0,17.0,5.0,3.0,https://www.thegioididong.com/ban-phim/ban-phim-co-co-day-gaming-razer-blackwidow-v4-green-switch,thegioididong,2026-09-21
thegioididong_357644,357644,,Bàn Phím Cơ Bluetooth Razer BlackWidow V4 Pro 75%,Razer,keyboard,7190000.0,7490000.0,300000.0,,5.0,12.0,https://www.thegioididong.com/ban-phim/ban-phim-co-bluetooth-razer-blackwidow-v4-pro-75,thegioididong,2026-09-21
thegioididong_357628,357628,,Bàn Phím Cơ Có Dây Gaming Razer BlackWidow V4 75% Phantom Green Edition,Razer,keyboard,5190000.0,5390000.0,200000.0,,5.0,5.0,https://www.thegioididong.com/ban-phim/ban-phim-co-co-day-gaming-razer-blackwidow-v4-75-phantom-green-edition,thegioididong,2026-09-21
thegioididong_357614,357614,,Bàn Phím Cơ Có Dây Gaming Razer BlackWidow V4 75%,Razer,keyboard,3630000.0,4390000.0,760000.0,17.0,5.0,3.0,https://www.thegioididong.com/ban-phim/ban-phim-co-co-day-gaming-razer-blackwidow-v4-75,thegioididong,2026-09-21
thegioididong_357612,357612,,Bàn Phím Cơ Có Dây Gaming Razer BlackWidow V4 X Yellow Switch,Razer,keyboard,2590000.0,3290000.0,700000.0,21.0,5.0,12.0,https://www.thegioididong.com/ban-phim/ban-phim-co-co-day-gaming-razer-blackwidow-v4-x-yellow-switch,thegioididong,2026-09-21
thegioididong_334430,334430,,Bàn Phím Cơ Không Dây Akko 3087 RF Dragon Ball Z - Goku Cream Yellow,Akko,keyboard,1355000.0,1665000.0,310000.0,18.0,5.0,6.0,https://www.thegioididong.com/ban-phim/ban-phim-co-khong-day-akko-3087-rf-dragon-ball-z-goku-cream-yellow,thegioididong,2026-09-21
thegioididong_331850,331850,,Bàn Phím Cơ Bluetooth Akko 5075B Plus Horizon,Akko,keyboard,1380000.0,,,,5.0,15.0,https://www.thegioididong.com/ban-phim/ban-phim-co-bluetooth-akko-5075b-plus-horizon,thegioididong,2026-09-21
thegioididong_327809,327809,,Bàn Phím Cơ Có Dây Gaming HP HyperX Alloy Origins Core 4P5P1AA,HP HyperX,keyboard,1150000.0,,,,5.0,21.0,https://www.thegioididong.com/ban-phim/ban-phim-co-co-day-gaming-hp-hyperx-alloy-origins-core-4p5p1aa,thegioididong,2026-09-21
thegioididong_368613,368613,,Bàn Phím Cơ Có Dây EDRA EK368HE,EDRA,keyboard,790000.0,900000.0,110000.0,12.0,,,https://www.thegioididong.com/ban-phim/ban-phim-co-co-day-edra-ek368he,thegioididong,2026-09-21
thegioididong_366837,366837,,Bàn Phím Cơ Không Dây Akko 3108 RF V3 Poco Family POCO DUCK Frost Pink,Akko,keyboard,1360000.0,1390000.0,30000.0,,5.0,5.0,https://www.thegioididong.com/ban-phim/ban-phim-co-khong-day-akko-3108-rf-v3-poco-family-poco-duck-frost-pink,thegioididong,2026-09-21
thegioididong_366836,366836,,Bàn Phím Cơ Không Dây Akko 3108 RF V3 Kuromi Frost Pink,Akko,keyboard,1240000.0,1390000.0,150000.0,10.0,5.0,4.0,https://www.thegioididong.com/ban-phim/ban-phim-co-khong-day-akko-3108-rf-v3-kuromi-frost-pink,thegioididong,2026-09-21
thegioididong_366835,366835,,Bàn Phím Cơ Không Dây Akko 3108 RF V3 Yier and Bubu Frost Pink,Akko,keyboard,1240000.0,1390000.0,150000.0,10.0,5.0,7.0,https://www.thegioididong.com/ban-phim/ban-phim-co-khong-day-akko-3108-rf-v3-yier-and-bubu-frost-pink,thegioididong,2026-09-21
thegioididong_363943,363943,,Bao Da Bàn Phím iPad Typecase Flexbook Touch Series with trackpad Air 6,Typecase,keyboard,1800000.0,2100000.0,300000.0,14.0,5.0,1.0,https://www.thegioididong.com/ban-phim/bao-da-ban-phim-ipad-typecase-flexbook-touch-series-with-trackpad-air-6,thegioididong,2026-09-21
thegioididong_363942,363942,,Bao Da Bàn Phím iPad Typecase Magnetic Edge Series Pro 11 M4 & M5,Typecase,keyboard,2750000.0,3000000.0,250000.0,8.0,5.0,4.0,https://www.thegioididong.com/ban-phim/bao-da-ban-phim-ipad-typecase-magnetic-edge-series-pro-11-m4,thegioididong,2026-09-21
thegioididong_362727,362727,,Bộ Bàn Phím Chuột Bluetooth MicroPack KM-270W - Xanh Lá,MICROPACK,keyboard,1460000.0,,,,5.0,6.0,https://www.thegioididong.com/ban-phim/bo-ban-phim-chuot-bluetooth-micropack-km-270w-xanh-la,thegioididong,2026-09-21
thegioididong_362726,362726,,Bộ Bàn Phím Chuột Bluetooth MicroPack KM-270W - Đen,MICROPACK,keyboard,1460000.0,,,,5.0,3.0,https://www.thegioididong.com/ban-phim/bo-ban-phim-chuot-bluetooth-micropack-km-270w-den,thegioididong,2026-09-21
thegioididong_362725,362725,,Bộ Bàn Phím Chuột Không Dây MicroPack KM-269W - Cam,MICROPACK,keyboard,1295000.0,,,,5.0,1.0,https://www.thegioididong.com/ban-phim/bo-ban-phim-chuot-khong-day-micropack-km-269w-cam,thegioididong,2026-09-21
thegioididong_362545,362545,,Bộ Bàn Phím Chuột Bluetooth MicroPack KM-268W - Hồng,MICROPACK,keyboard,1320000.0,,,,5.0,5.0,https://www.thegioididong.com/ban-phim/bo-ban-phim-chuot-bluetooth-micropack-km-268w-hong,thegioididong,2026-09-21
thegioididong_362539,362539,,Bàn Phím Bluetooth MicroPack KM-238W - Kem,MICROPACK,keyboard,1590000.0,,,,,,https://www.thegioididong.com/ban-phim/ban-phim-bluetooth-micropack-km-238w-kem,thegioididong,2026-09-21
thegioididong_362534,362534,,Bàn Phím Bluetooth MicroPack K-310W - Cam,MICROPACK,keyboard,1645000.0,,,,5.0,2.0,https://www.thegioididong.com/ban-phim/ban-phim-bluetooth-micropack-k-310w-cam,thegioididong,2026-09-21
thegioididong_362531,362531,,Bộ Bàn Phím Chuột Không Dây MicroPack KM-203W,MICROPACK,keyboard,495000.0,,,,5.0,2.0,https://www.thegioididong.com/ban-phim/bo-ban-phim-chuot-khong-day-micropack-km-203w,thegioididong,2026-09-21
thegioididong_362544,362544,,Bộ Bàn Phím Chuột Bluetooth MicroPack KM-268W - Kem,MICROPACK,keyboard,1460000.0,,,,,,https://www.thegioididong.com/ban-phim/bo-ban-phim-chuot-bluetooth-micropack-km-268w-kem,thegioididong,2026-09-21
thegioididong_362543,362543,,Bộ Bàn Phím Chuột Bluetooth MicroPack KM-268W - Tím,MICROPACK,keyboard,1385000.0,,,,,,https://www.thegioididong.com/ban-phim/bo-ban-phim-chuot-bluetooth-micropack-km-268w-tim,thegioididong,2026-09-21
thegioididong_362542,362542,,Bộ Bàn Phím Chuột Bluetooth MicroPack KM-268W - Xanh Lá,MICROPACK,keyboard,1385000.0,,,,,,https://www.thegioididong.com/ban-phim/bo-ban-phim-chuot-bluetooth-micropack-km-268w-xanh-la,thegioididong,2026-09-21
thegioididong_362541,362541,,Bộ Bàn Phím Chuột Bluetooth MicroPack KM-268W - Đen,MICROPACK,keyboard,1460000.0,,,,,,https://www.thegioididong.com/ban-phim/bo-ban-phim-chuot-bluetooth-micropack-km-268w-den,thegioididong,2026-09-21
thegioididong_362540,362540,,Bàn Phím Bluetooth MicroPack KM-238W - Xám,MICROPACK,keyboard,1735000.0,,,,,,https://www.thegioididong.com/ban-phim/ban-phim-bluetooth-micropack-km-238w-xam,thegioididong,2026-09-21
thegioididong_362538,362538,,Bàn Phím Bluetooth MicroPack KM-238W - Hồng,MICROPACK,keyboard,1590000.0,,,,,,https://www.thegioididong.com/ban-phim/ban-phim-bluetooth-micropack-km-238w-hong,thegioididong,2026-09-21
thegioididong_362537,362537,,Bàn Phím Cơ Bluetooth MicroPack K-168WM - Đen,MICROPACK,keyboard,3560000.0,,,,,,https://www.thegioididong.com/ban-phim/ban-phim-co-bluetooth-micropack-k-168wm-den,thegioididong,2026-09-21
thegioididong_362536,362536,,Bàn Phím Cơ Bluetooth MicroPack K-168WM - Tím,MICROPACK,keyboard,3285000.0,,,,,,https://www.thegioididong.com/ban-phim/ban-phim-co-bluetooth-micropack-k-168wm-tim,thegioididong,2026-09-21
thegioididong_362535,362535,,Bàn Phím Cơ Bluetooth MicroPack K-168WM - Xanh Lá,MICROPACK,keyboard,3285000.0,,,,,,https://www.thegioididong.com/ban-phim/ban-phim-co-bluetooth-micropack-k-168wm-xanh-la,thegioididong,2026-09-21
thegioididong_362533,362533,,Bàn Phím Bluetooth MicroPack K-310W - Xám,MICROPACK,keyboard,1645000.0,,,,,,https://www.thegioididong.com/ban-phim/ban-phim-bluetooth-micropack-k-310w-xam,thegioididong,2026-09-21
thegioididong_362532,362532,,Bộ Bàn Phím Chuột Không Dây MicroPack KM-228W,MICROPACK,keyboard,670000.0,,,,5.0,2.0,https://www.thegioididong.com/ban-phim/bo-ban-phim-chuot-khong-day-micropack-km-228w,thegioididong,2026-09-21
thegioididong_362394,362394,,Bàn Phím Cơ Có Dây Gaming Corsair K70 PRO TKL-MGX-WHT RGB/CH-911921G-NA,Corsair,keyboard,4210000.0,,,,,,https://www.thegioididong.com/ban-phim/ban-phim-co-co-day-gaming-corsair-k70-pro-tkl-mgx-wht-rgb-ch-911921g-na,thegioididong,2026-09-21
thegioididong_362393,362393,,Bàn Phím Cơ Có Dây Gaming Corsair K70 PRO TKL-MGX-BLK RGB/CH-911911G-NA,Corsair,keyboard,4210000.0,,,,5.0,1.0,https://www.thegioididong.com/ban-phim/ban-phim-co-co-day-gaming-corsair-k70-pro-tkl-mgx-blk-rgb-ch-911911g-na,thegioididong,2026-09-21
thegioididong_362392,362392,,Bàn Phím Cơ Bluetooth Gaming Corsair K70 CORE TKL WL-MLX RED-BLK RGB/CH-914901E-NA,Corsair,keyboard,3500000.0,,,,,,https://www.thegioididong.com/ban-phim/ban-phim-bluetooth-corsair-k70-core-tkl-wl-mlx-red-blk-rgb-ch-914901e-na,thegioididong,2026-09-21
thegioididong_362390,362390,,Bàn Phím Cơ Bluetooth Gaming Corsair K65 PLUS Tactile/CH-91D441F-NA,Corsair,keyboard,4040000.0,,,,,,https://www.thegioididong.com/ban-phim/ban-phim-co-bluetooth-gaming-corsair-k65-plus-tactile-ch-91d441f-na,thegioididong,2026-09-21
thegioididong_361546,361546,,Bàn Phím Cơ Dell Alienware Pro 580-BBMV,Dell,keyboard,4270000.0,,,,,,https://www.thegioididong.com/ban-phim/ban-phim-co-dell-alienware-pro-580-bbmv,thegioididong,2026-09-21
thegioididong_370691,370691,,Bàn phím Bluetooth Philips SPK6607,Philips,keyboard,900000.0,,,,,,https://www.thegioididong.com/ban-phim/ban-phim-bluetooth-philips-spk6607,thegioididong,2026-09-21
thegioididong_370690,370690,,Bàn Phím Cơ Bluetooth AKKO 5108B Plus World Tour Viet Nam,Akko,keyboard,1530000.0,,,,,,https://www.thegioididong.com/ban-phim/ban-phim-co-bluetooth-akko-5108b-plus-world-tour-viet-nam,thegioididong,2026-09-21
thegioididong_370689,370689,,Bàn Phím Cơ Bluetooth AKKO 5075B Plus World Tour Viet Nam,Akko,keyboard,1320000.0,,,,,,https://www.thegioididong.com/ban-phim/ban-phim-co-bluetooth-akko-5075b-plus-world-tour-viet-nam,thegioididong,2026-09-21
thegioididong_370688,370688,,Bàn Phím Cơ Không Dây AKKO 3108RF V3 POCO PIGGY,Akko,keyboard,1030000.0,,,,,,https://www.thegioididong.com/ban-phim/ban-phim-co-khong-day-akko-3108rf-v3-poco-piggy,thegioididong,2026-09-21
thegioididong_370687,370687,,Bàn Phím Cơ Không Dây AKKO 3108RF V3 POCO LAMB,Akko,keyboard,1030000.0,,,,,,https://www.thegioididong.com/ban-phim/ban-phim-co-khong-day-akko-3108rf-v3-poco-lamb,thegioididong,2026-09-21
thegioididong_370686,370686,,Bàn Phím Cơ Không Dây AKKO 3108RF V3 Piano Sweet,Akko,keyboard,1030000.0,,,,,,https://www.thegioididong.com/ban-phim/ban-phim-co-khong-day-akko-3108rf-v3-piano-sweet,thegioididong,2026-09-21
thegioididong_370681,370681,,Bàn Phím Cơ Không Dây AKKO 3108RF V3 My Melody,Akko,keyboard,1030000.0,,,,,,https://www.thegioididong.com/ban-phim/ban-phim-co-khong-day-akko-3108rf-v3-my-melody,thegioididong,2026-09-21
thegioididong_370678,370678,,Bàn Phím Cơ Có Dây AKKO 3108 V3 Yier and Bubu,Akko,keyboard,950000.0,,,,,,https://www.thegioididong.com/ban-phim/ban-phim-co-co-day-akko-3108-v3-yier-and-bubu,thegioididong,2026-09-21
thegioididong_370677,370677,,Bàn Phím Cơ Bluetooth Gaming AKKO FUN68 HE Glare Magnetic switch,Akko,keyboard,910000.0,,,,,,https://www.thegioididong.com/ban-phim/ban-phim-co-bluetooth-gaming-akko-fun68-he-glare-magnetic-switch,thegioididong,2026-09-21
thegioididong_370676,370676,,Bàn Phím Cơ Có Dây Gaming Veekos K75 Veekos K75,Veekos,keyboard,560000.0,,,,,,https://www.thegioididong.com/ban-phim/ban-phim-co-co-day-gaming-veekos-k75-veekos-k75,thegioididong,2026-09-21
thegioididong_368607,368607,,Bàn Phím Cơ Có Dây EDRA EK375MS,EDRA,keyboard,1325000.0,1395000.0,70000.0,5.0,,,https://www.thegioididong.com/ban-phim/ban-phim-co-co-day-edra-ek375ms,thegioididong,2026-09-21
thegioididong_368143,368143,,Kê tay Logitech G512 X 98,Logitech,keyboard,1055000.0,1155000.0,100000.0,8.0,,,https://www.thegioididong.com/ban-phim/ke-tay-logitech-g512-x-98,thegioididong,2026-09-21
thegioididong_368090,368090,,Kê tay Logitech G512 X 75,Logitech,keyboard,990000.0,1155000.0,165000.0,14.0,,,https://www.thegioididong.com/ban-phim/ke-tay-logitech-g512-x-75,thegioididong,2026-09-21
thegioididong_368089,368089,,Bàn Phím Cơ Có Dây Logitech G512 X 98 TKL,Logitech,keyboard,5390000.0,6990000.0,1600000.0,22.0,,,https://www.thegioididong.com/ban-phim/ban-phim-co-co-day-logitech-g512-x-98-tkl,thegioididong,2026-09-21
thegioididong_368088,368088,,Bàn Phím Cơ Có Dây Logitech G512 X 75 TKL,Logitech,keyboard,4890000.0,6290000.0,1400000.0,22.0,,,https://www.thegioididong.com/ban-phim/ban-phim-co-co-day-logitech-g512-x-75-tkl,thegioididong,2026-09-21
thegioididong_363944,363944,,Bao Da Bàn Phím iPad Typecase Touch Keyboard Case For iPad Pro 11 M4 2024,Typecase,keyboard,1700000.0,2100000.0,400000.0,19.0,,,https://www.thegioididong.com/ban-phim/bao-da-ban-phim-ipad-typecase-touch-keyboard-case-for-ipad-pro-11-m4-2024,thegioididong,2026-09-21
thegioididong_363540,363540,,Bàn Phím Bluetooth HyperSpace HS2310US - Trắng,Hyper,keyboard,1415000.0,,,,,,https://www.thegioididong.com/ban-phim/ban-phim-bluetooth-hyperspace-hs2310us-trang,thegioididong,2026-09-21
thegioididong_362724,362724,,Bộ Bàn Phím Chuột Không Dây MicroPack KM-269W - Xanh Da Trời,MICROPACK,keyboard,1295000.0,,,,,,https://www.thegioididong.com/ban-phim/bo-ban-phim-chuot-khong-day-micropack-km-269w-xanh-da-troi,thegioididong,2026-09-21
thegioididong_362723,362723,,Bộ Bàn Phím Chuột Không Dây MicroPack KM-269W - Đỏ,MICROPACK,keyboard,1295000.0,,,,,,https://www.thegioididong.com/ban-phim/bo-ban-phim-chuot-khong-day-micropack-km-269w-do,thegioididong,2026-09-21
thegioididong_362722,362722,,Bộ Bàn Phím Chuột Không Dây MicroPack KM-269W - Xanh Dương,MICROPACK,keyboard,1295000.0,,,,,,https://www.thegioididong.com/ban-phim/bo-ban-phim-chuot-khong-day-micropack-km-269w-xanh-duong,thegioididong,2026-09-21
thegioididong_361508,361508,,Bàn Phím Cơ Dell Alienware Pro 580-BBMZ,Dell,keyboard,4270000.0,,,,,,https://www.thegioididong.com/ban-phim/ban-phim-co-dell-alienware-pro-580-bbmz,thegioididong,2026-09-21
thegioididong_361493,361493,,Bàn Phím Bluetooth Keychron B6P-K2 B6 Pro,Keychron,keyboard,845000.0,,,,5.0,3.0,https://www.thegioididong.com/ban-phim/ban-phim-bluetooth-keychron-b6p-k2-b6-pro,thegioididong,2026-09-21
thegioididong_361483,361483,,Bàn Phím Bluetooth Keychron B6P-K1 B6 Pro,Keychron,keyboard,845000.0,,,,5.0,3.0,https://www.thegioididong.com/ban-phim/ban-phim-bluetooth-keychron-b6p-k1-b6-pro,thegioididong,2026-09-21
thegioididong_359549,359549,,Bàn Phím Cơ Bluetooth Asus ROG AZOTH X M704 Storm,Asus,keyboard,6490000.0,,,,5.0,1.0,https://www.thegioididong.com/ban-phim/ban-phim-co-bluetooth-asus-rog-azoth-x-m704-storm,thegioididong,2026-09-21
thegioididong_362475,362475,,Bàn Phím Có Dây MicroPack K203,MICROPACK,keyboard,235000.0,,,,5.0,9.0,https://www.thegioididong.com/ban-phim/ban-phim-co-day-micropack-k203,thegioididong,2026-09-21
thegioididong_362473,362473,,Bộ Bàn Phím Chuột Không Dây MicroPack KM-237W - Tím,MICROPACK,keyboard,605000.0,,,,5.0,8.0,https://www.thegioididong.com/ban-phim/bo-ban-phim-chuot-khong-day-micropack-km-237w-tim?utm_flashsale=1,thegioididong,2026-09-21
thegioididong_362471,362471,,Bộ Bàn Phím Chuột Không Dây MicroPack KM-237W - Hồng,MICROPACK,keyboard,605000.0,,,,5.0,6.0,https://www.thegioididong.com/ban-phim/bo-ban-phim-chuot-khong-day-micropack-km-237w-hong,thegioididong,2026-09-21
thegioididong_362470,362470,,Bộ Bàn Phím Chuột Không Dây MicroPack KM-237W - Trắng,MICROPACK,keyboard,605000.0,,,,4.3,6.0,https://www.thegioididong.com/ban-phim/bo-ban-phim-chuot-khong-day-micropack-km-237w-trang,thegioididong,2026-09-21
thegioididong_357605,357605,,Bàn Phím Cơ Có Dây Gaming Razer BlackWidow V3 Tenkeyless Yellow Switch,Razer,keyboard,1740000.0,1990000.0,250000.0,12.0,5.0,26.0,https://www.thegioididong.com/ban-phim/ban-phim-co-co-day-gaming-razer-blackwidow-v3-tenkeyless-yellow-switch,thegioididong,2026-09-21
thegioididong_357604,357604,,Bàn Phím Cơ Có Dây Gaming Razer BlackWidow V3 Tenkeyless Green Switch,Razer,keyboard,1650000.0,1990000.0,340000.0,17.0,5.0,17.0,https://www.thegioididong.com/ban-phim/ban-phim-co-co-day-gaming-razer-blackwidow-v3-tenkeyless-green-switch,thegioididong,2026-09-21
thegioididong_357603,357603,,Bàn Phím Cơ Có Dây Gaming Razer BlackWidow V3 Green Switch,Razer,keyboard,1940000.0,2190000.0,250000.0,11.0,5.0,21.0,https://www.thegioididong.com/ban-phim/ban-phim-co-co-day-gaming-razer-blackwidow-v3-green-switch,thegioididong,2026-09-21
thegioididong_351688,351688,,Bàn Phím Cơ Bluetooth Akko TAC87 Horizon Mirror,Akko,keyboard,1290000.0,1390000.0,100000.0,7.0,5.0,79.0,https://www.thegioididong.com/ban-phim/ban-phim-co-bluetooth-akko-tac87-horizon-mirror,thegioididong,2026-09-21
thegioididong_368609,368609,,Bàn Phím Cơ Bluetooth EDRA EK368RT,EDRA,keyboard,1190000.0,1290000.0,100000.0,7.0,,,https://www.thegioididong.com/ban-phim/ban-phim-co-bluetooth-edra-ek368rt,thegioididong,2026-09-21
thegioididong_362513,362513,,Bàn Phím Bluetooth HyperWork HyperOne Gen 2,HyperWork,keyboard,745000.0,825000.0,80000.0,9.0,5.0,71.0,https://www.thegioididong.com/ban-phim/ban-phim-bluetooth-hyperwork-hyperone-gen-2,thegioididong,2026-09-21
thegioididong_359225,359225,,Bàn Phím Cơ Bluetooth Logitech Alto Keys K98M,Logitech,keyboard,2290000.0,,,,5.0,52.0,https://www.thegioididong.com/ban-phim/ban-phim-co-bluetooth-logitech-alto-keys-k98m,thegioididong,2026-09-21
thegioididong_357665,357665,,Bàn Phím Cơ Có Dây Gaming Razer Huntsman V3 Pro Tenkeyless,Razer,keyboard,4790000.0,5690000.0,900000.0,15.0,5.0,9.0,https://www.thegioididong.com/ban-phim/ban-phim-co-co-day-gaming-razer-huntsman-v3-pro-tenkeyless,thegioididong,2026-09-21
thegioididong_359228,359228,,Bàn Phím Cơ Bluetooth Rapoo V700DIY 75,Rapoo,keyboard,995000.0,,,,5.0,76.0,https://www.thegioididong.com/ban-phim/ban-phim-co-bluetooth-rapoo-v700diy-75,thegioididong,2026-09-21
thegioididong_328173,328173,,Bàn Phím iPad Air Logitech Combo Touch 11 inch M2/M3/M4,Logitech,keyboard,4700000.0,5300000.0,600000.0,11.0,5.0,44.0,https://www.thegioididong.com/ban-phim/ban-phim-ipad-air-logitech-combo-touch-11inch-m2,thegioididong,2026-09-21
thegioididong_366046,366046,,Bàn Phím Cơ Không Dây Akko 3108 RF V3,Akko,keyboard,1140000.0,1290000.0,150000.0,11.0,5.0,60.0,https://www.thegioididong.com/ban-phim/ban-phim-co-khong-day-akko-3108-rf-v3,thegioididong,2026-09-21
thegioididong_326401,326401,,Bàn Phím Cơ Có Dây DareU EK87 V2,DareU,keyboard,635000.0,685000.0,50000.0,7.0,5.0,1262.0,https://www.thegioididong.com/ban-phim/ban-phim-co-co-day-dareu-ek87-v2,thegioididong,2026-09-21
thegioididong_368617,368617,,Bàn Phím Cơ Bluetooth EDRA ThunderBird TGK375WHE,EDRA,keyboard,895000.0,,,,5.0,6.0,https://www.thegioididong.com/ban-phim/ban-phim-co-bluetooth-edra-thunderbird-tgk375whe?utm_flashsale=1,thegioididong,2026-09-21
thegioididong_339123,339123,,Bàn Phím Cơ Bluetooth Dareu EK106 Pro,DareU,keyboard,1405000.0,1655000.0,250000.0,15.0,5.0,298.0,https://www.thegioididong.com/ban-phim/ban-phim-co-bluetooth-dareu-ek106-pro,thegioididong,2026-09-21
thegioididong_368625,368625,,Bộ Bàn Phím Chuột Bluetooth EDRA EC801W,EDRA,keyboard,295000.0,,,,5.0,37.0,https://www.thegioididong.com/ban-phim/bo-ban-phim-chuot-bluetooth-edra-ec801w,thegioididong,2026-09-21
thegioididong_362515,362515,,Bàn Phím Bluetooth HyperWork Core Type,HyperWork,keyboard,315000.0,340000.0,25000.0,7.0,5.0,1178.0,https://www.thegioididong.com/ban-phim/ban-phim-bluetooth-hyperwork-core-type,thegioididong,2026-09-21
thegioididong_339139,339139,,Bàn Phím Bluetooth Logitech Wave Keys Ergonomic,Logitech,keyboard,1210000.0,1610000.0,400000.0,24.0,5.0,47.0,https://www.thegioididong.com/ban-phim/ban-phim-bluetooth-logitech-wave-keys-ergonomic,thegioididong,2026-09-21
thegioididong_331864,331864,,Bàn Phím Cơ Bluetooth Akko MonsGeek MG108B Bun Wonderland,Akko,keyboard,1905000.0,2150000.0,245000.0,11.0,4.9,69.0,https://www.thegioididong.com/ban-phim/ban-phim-co-bluetooth-akko-monsgeek-mg108b-bun-wonderland,thegioididong,2026-09-21
thegioididong_328492,328492,,Bàn Phím Cơ Có Dây Gaming Asus RA07 TUF K3 GEN II,Asus,keyboard,1260000.0,1560000.0,300000.0,19.0,5.0,244.0,https://www.thegioididong.com/ban-phim/ban-phim-co-co-day-gaming-asus-ra07-tuf-k3-gen-ii,thegioididong,2026-09-21
thegioididong_331136,331136,,Bộ Bàn Phím Chuột Bluetooth Logitech Pop Icon,Logitech,keyboard,1290000.0,,,,4.9,212.0,https://www.thegioididong.com/ban-phim/bo-ban-phim-chuot-bluetooth-logitech-pop-icon,thegioididong,2026-09-21
thegioididong_332193,332193,,Bàn Phím Apple Magic Keyboard USB C MXCL3,Apple,keyboard,2290000.0,,,,5.0,586.0,https://www.thegioididong.com/ban-phim/ban-phim-apple-magic-keyboard-usb-c-mxcl3,thegioididong,2026-09-21
thegioididong_362516,362516,,Bàn Phím Bluetooth HyperWork SilentKey Mini,HyperWork,keyboard,745000.0,790000.0,45000.0,5.0,4.9,652.0,https://www.thegioididong.com/ban-phim/ban-phim-bluetooth-hyperwork-silentkey-mini?utm_flashsale=1,thegioididong,2026-09-21
thegioididong_341121,341121,,Bộ Bàn Phím Chuột Bluetooth Logitech MK250,Logitech,keyboard,590000.0,,,,4.9,2670.0,https://www.thegioididong.com/ban-phim/bo-ban-phim-chuot-bluetooth-logitech-mk250,thegioididong,2026-09-21
thegioididong_339125,339125,,Bàn Phím Có Dây Gaming Dareu LK145,DareU,keyboard,230000.0,390000.0,160000.0,41.0,4.9,5165.0,https://www.thegioididong.com/ban-phim/ban-phim-co-day-gaming-dareu-lk145,thegioididong,2026-09-21
phongvu_1202903,7438,1202903,Bàn phím Dell KB216-Black,Dell,keyboard,179000.0,179000.0,0.0,0.0,,,,phongvu,2026-09-21
phongvu_1202937,4288,1202937,Bàn phím Logitech K120,Logitech,keyboard,165000.0,165000.0,0.0,0.0,,,,phongvu,2026-09-21
phongvu_1202938,8211,1202938,Bàn phím Logitech K270,Logitech,keyboard,415000.0,415000.0,0.0,0.0,,,,phongvu,2026-09-21
phongvu_1503133,9080,1503133,Bàn phím Logitech K400 Plus không dây (Đen),Logitech,keyboard,699000.0,830000.0,131000.0,16.0,,,,phongvu,2026-09-21
phongvu_1503243,9088,1503243,Bàn phím Logitech Bluetooth K480 (Đen),Logitech,keyboard,800000.0,800000.0,0.0,0.0,,,,phongvu,2026-09-21
phongvu_1602542,9569,1602542,Bàn phím số R8 1810,R8,keyboard,100000.0,100000.0,0.0,0.0,,,,phongvu,2026-09-21
phongvu_1701205,3139,1701205,Bàn phím Logitech Gaming G213 (Đen) (920-008096),Logitech,keyboard,979000.0,990000.0,11000.0,1.0,,,,phongvu,2026-09-21
phongvu_1703677,6583,1703677,Bàn phím cơ Fuhlen Destroyer,Fuhlen,keyboard,899000.0,899000.0,0.0,0.0,,,,phongvu,2026-09-21
phongvu_1703678,6584,1703678,Bàn phím cơ Fuhlen Eraser - Optical Switch,Fuhlen,keyboard,799000.0,799000.0,0.0,0.0,,,,phongvu,2026-09-21
phongvu_1703737,6992,1703737,Bàn Phím Dareu LK145 Gaming đen,Dareu,keyboard,309000.0,360000.0,51000.0,14.0,,,,phongvu,2026-09-21
phongvu_1703750,190,1703750,Bàn phím Fuhlen L411 (Đen),Fuhlen,keyboard,199000.0,199000.0,0.0,0.0,,,,phongvu,2026-09-21
phongvu_1703782,5243,1703782,Bàn phím Newmen E340 đen,Newmen,keyboard,160000.0,160000.0,0.0,0.0,,,,phongvu,2026-09-21
phongvu_1800231,23471,1800231,Bàn Phím Dareu LK135 Gaming (Đen),Dareu,keyboard,199000.0,199000.0,0.0,0.0,,,,phongvu,2026-09-21
phongvu_1808294,33008,1808294,Bàn phím Fuhlen L500S (Đen),Fuhlen,keyboard,199000.0,219000.0,20000.0,9.0,,,,phongvu,2026-09-21
phongvu_1810781,34840,1810781,Bàn phím cơ HyperX Alloy Elite Gaming - Red Switch,HyperX,keyboard,3590000.0,3590000.0,0.0,0.0,,,,phongvu,2026-09-21
phongvu_18110029,37310,18110029,Bàn phím Dareu LK185 (Đen),Dareu,keyboard,159000.0,159000.0,0.0,0.0,,,,phongvu,2026-09-21
phongvu_19040963,40504,19040963,Bàn phím cơ Gaming DAREU EK1280 RGB Red D Switch (Đen),Dareu,keyboard,990000.0,990000.0,0.0,0.0,,,,phongvu,2026-09-21
phongvu_19040964_SUB_1,40504,19040964_SUB_1,Bàn phím cơ Gaming DAREU EK1280 RGB Brown D Switch (Đen) | Phong Vũ,DAREU,keyboard,990000.0,990000.0,0.0,0.0,,,,phongvu,2026-09-21
phongvu_19050529,41106,19050529,Bàn phím cơ Newmen GM819,Newmen,keyboard,1150000.0,1150000.0,0.0,0.0,,,,phongvu,2026-09-21
phongvu_200300352,69040,200300352,Bàn phím cơ gaming Logitech G512 GX (Tactile) (920-009354),Logitech,keyboard,1989000.0,2999000.0,1010000.0,34.0,,,,phongvu,2026-09-21
phongvu_200300353,69040,200300353,Bàn phím cơ gaming Logitech G512 GX (Linear) (920-009372),Logitech,keyboard,1989000.0,2999000.0,1010000.0,34.0,,,,phongvu,2026-09-21
phongvu_200600655,67249,200600655,Bàn phím cơ DareU EK1280s MULTI LED (Switch Blue) (Đen),Dareu,keyboard,790000.0,790000.0,0.0,0.0,,,,phongvu,2026-09-21
phongvu_200700097,69040,200700097,Bàn phím cơ gaming Logitech G512 GX (Clicky) (920-008949),Logitech,keyboard,1989000.0,2999000.0,1010000.0,34.0,,,,phongvu,2026-09-21
phongvu_201000932,80759,201000932,Bàn phím gaming Asus TUF K1 (Đen),Asus,keyboard,799000.0,1189000.0,390000.0,33.0,,,,phongvu,2026-09-21
phongvu_210200598,149445,210200598,Bàn phím không dây Logitech K580 (Đen),Logitech,keyboard,949000.0,1199000.0,250000.0,21.0,,,,phongvu,2026-09-21
phongvu_210200599,149445,210200599,Bàn phím không dây Logitech K580 (Trắng),Logitech,keyboard,999000.0,1199000.0,200000.0,17.0,,,,phongvu,2026-09-21
phongvu_210700023,296793,210700023,Bàn phím cơ không dây Newmen GM610 Global Black Axis (Trắng),Newmen,keyboard,1290000.0,1290000.0,0.0,0.0,,,,phongvu,2026-09-21
phongvu_210700024,296793,210700024,Bàn phím cơ không dây Newmen GM610 Global Red Axis (Trắng),Newmen,keyboard,1290000.0,1290000.0,0.0,0.0,,,,phongvu,2026-09-21
phongvu_210700025,296793,210700025,Bàn phím cơ không dây Newmen GM610 Global Blue Axis (Trắng),Newmen,keyboard,749000.0,1290000.0,541000.0,42.0,,,,phongvu,2026-09-21
phongvu_211000720,386914,211000720,Bàn phím cơ Corsair K100 RGB MX Speed (Đen),Corsair,keyboard,5280000.0,6300000.0,1020000.0,16.0,,,,phongvu,2026-09-21
phongvu_211000721,386914,211000721,Bàn phím cơ Corsair K100 RGB OPX Switch (Đen),Corsair,keyboard,5280000.0,6300000.0,1020000.0,16.0,,,,phongvu,2026-09-21
phongvu_211003699,390609,211003699,Bàn phím không dây Logitech MX Keys Mini (920-010505) (Đen),Logitech,keyboard,2699000.0,2699000.0,0.0,0.0,,,,phongvu,2026-09-21
phongvu_211003701,390609,211003701,Bàn phím không dây Logitech MX Keys Mini (920-010507) (Hồng),Logitech,keyboard,2699000.0,2699000.0,0.0,0.0,,,,phongvu,2026-09-21
phongvu_211003702,390612,211003702,Bàn phím không dây Logitech MX Keys Mini For Mac (920-010528) (xám),Logitech,keyboard,2699000.0,2699000.0,0.0,0.0,,,,phongvu,2026-09-21
phongvu_220100318,411429,220100318,Bàn phím cơ không dây Newmen GM840 Pro (KailhBox White Switch),Newmen,keyboard,1545000.0,2299000.0,754000.0,33.0,,,,phongvu,2026-09-21
phongvu_220100319,411429,220100319,Bàn phím cơ không dây Newmen GM840 Pro (KailhBox Red Switch),Newmen,keyboard,1899000.0,2299000.0,400000.0,17.0,,,,phongvu,2026-09-21
phongvu_220100320,411429,220100320,Bàn phím cơ không dây Newmen GM840 Pro (G-Pro Yellow Switch),Newmen,keyboard,1799000.0,2199000.0,400000.0,18.0,,,,phongvu,2026-09-21
phongvu_220100321,411431,220100321,Bàn phím cơ không dây Newmen GM1000 (G-Pro Yellow Axis Switch),Newmen,keyboard,1899000.0,2299000.0,400000.0,17.0,,,,phongvu,2026-09-21
phongvu_220100323,411431,220100323,Bàn phím cơ không dây Newmen GM1000 (KailhBox Red Axis Switch),Newmen,keyboard,1999000.0,2399000.0,400000.0,17.0,,,,phongvu,2026-09-21
phongvu_220100324,411431,220100324,Bàn phím cơ không dây Newmen GM1000 (KailhBox White Axis Switch),Newmen,keyboard,1999000.0,2399000.0,400000.0,17.0,,,,phongvu,2026-09-21
phongvu_220103958,414146,220103958,Bàn phím cơ Logitech G413 SE (Tactile Switch) (920-010439),Logitech,keyboard,1549000.0,1899000.0,350000.0,18.0,,,,phongvu,2026-09-21
phongvu_220103959,414147,220103959,Bàn phím cơ Logitech G413 SE TKL (Tactile Switch) (920-010448),Logitech,keyboard,1399000.0,1599000.0,200000.0,13.0,,,,phongvu,2026-09-21
phongvu_220700067,440587,220700067,Bàn phím không dây Logitech MX Mechanical,Logitech,keyboard,4099000.0,4699000.0,600000.0,13.0,,,,phongvu,2026-09-21
phongvu_220706624,442517,220706624,Bàn phím Corsair K70 PRO,Corsair,keyboard,3849000.0,3860000.0,11000.0,0.0,,,,phongvu,2026-09-21
phongvu_220805960,447749,220805960,Bàn phím cơ Razer DeathStalker V2 Pro Tenkeyless Wireless (Linear Red Switch),Razer,keyboard,2799000.0,4699000.0,1900000.0,40.0,,,,phongvu,2026-09-21
phongvu_220805963,447752,220805963,Bàn phím không dây Logitech K650 (920-010987) (Off-White),Logitech,keyboard,1049000.0,1349000.0,300000.0,22.0,,,,phongvu,2026-09-21
phongvu_220805964,447752,220805964,Bàn phím không dây Logitech K650 (920-010955) (Graphite),Logitech,keyboard,1049000.0,1349000.0,300000.0,22.0,,,,phongvu,2026-09-21
phongvu_221002611,465769,221002611,Bàn phím cơ gaming Razer Blackwidow 2019 Green Switch - RZ03-02860100-R3M1 - Demo,Razer,keyboard,990000.0,3100000.0,2110000.0,68.0,,,,phongvu,2026-09-21
phongvu_221002615,465773,221002615,Bàn phím cơ Gigabyte AORUS K9 - Demo,Gigabyte,keyboard,990000.0,3450000.0,2460000.0,71.0,,,,phongvu,2026-09-21
phongvu_221002622,465780,221002622,Bàn phím cơ Newmen GM550 - Demo,Newmen,keyboard,499000.0,1190000.0,691000.0,58.0,,,,phongvu,2026-09-21
phongvu_221002642,465800,221002642,Bàn phím FL ESports K188 - Demo,FL ESports,keyboard,1532000.0,1532000.0,0.0,0.0,,,,phongvu,2026-09-21
phongvu_221003457,466959,221003457,Bàn phím Trust GXT 890 Cada RGB Mechanical - Demo,Trust,keyboard,499000.0,1899000.0,1400000.0,74.0,,,,phongvu,2026-09-21
phongvu_221201649,470945,221201649,Bàn phím cơ Sumtax Gaming Robot - Demo,Sumtax,keyboard,565000.0,565000.0,0.0,0.0,,,,phongvu,2026-09-21
phongvu_221201855,471118,221201855,Bàn phím cơ không dây Newmen Dual Mode GM680 Jungle (Purple Switch),Newmen,keyboard,1399000.0,1770000.0,371000.0,21.0,,,,phongvu,2026-09-21
phongvu_221201856,471118,221201856,Bàn phím cơ không dây Newmen Dual Mode GM680 Jungle (Red Switch),Newmen,keyboard,1399000.0,1770000.0,371000.0,21.0,,,,phongvu,2026-09-21
phongvu_221201857,471118,221201857,Bàn phím cơ không dây Newmen Dual Mode GM680 Jungle (G-Pro Yellow switch),Newmen,keyboard,1599000.0,1830000.0,231000.0,13.0,,,,phongvu,2026-09-21
phongvu_230105816,498444,230105816,Bàn phím Logitech K375s - Demo,Logitech,keyboard,550000.0,550000.0,0.0,0.0,,,,phongvu,2026-09-21
phongvu_230202445,396961,230202445,"Bàn phím máy tính DARE-U EK810X Black-grey, Optical switch (Blue switch)",Dareu,keyboard,719000.0,799000.0,80000.0,10.0,,,,phongvu,2026-09-21
phongvu_230203658,502541,230203658,Bàn phím cơ Gaming Logitech G Pro X (920-009239) - Demo,Logitech,keyboard,1139000.0,3799000.0,2660000.0,70.0,,,,phongvu,2026-09-21
phongvu_230203660,502543,230203660,Bàn phím Corsair K70 MK.2 SE RGB MX Speed - Demo,Corsair,keyboard,1290000.0,4020000.0,2730000.0,68.0,,,,phongvu,2026-09-21
phongvu_230203665,502548,230203665,Bàn phím cơ Gaming DAREU EK1280 RGB Red D Switch (Đen) - Demo,Dareu,keyboard,990000.0,990000.0,0.0,0.0,,,,phongvu,2026-09-21
phongvu_230300020,504681,230300020,"Bàn phím máy tính DARE-U EK1280X Black-grey, Optical switch - BLUE",Dareu,keyboard,849000.0,999000.0,150000.0,15.0,,,,phongvu,2026-09-21
phongvu_230302897,507354,230302897,Bàn phím gaming có dây HyperX Alloy Origins Core - Aqua Switch (PBT Edition) (639N9AA),HyperX,keyboard,2390000.0,2390000.0,0.0,0.0,,,,phongvu,2026-09-21
phongvu_230302898,507354,230302898,Bàn phím gaming có dây HyperX Alloy Origins Core - Red Switch (PBT Edition) (639N7AA),HyperX,keyboard,2390000.0,2390000.0,0.0,0.0,,,,phongvu,2026-09-21
phongvu_230304552,508392,230304552,Bàn phím gaming Corsair K70 PRO-BLK-OPX Silver-RGB (CH-910941A-NA),Corsair,keyboard,3899000.0,4089000.0,190000.0,5.0,,,,phongvu,2026-09-21
phongvu_230401900,510987,230401900,Bàn phím cơ có dây Razer BlackWidow V4 Pro - Yellow Switch (RZ03-04681800-R3M1),Razer,keyboard,4899000.0,6199000.0,1300000.0,21.0,,,,phongvu,2026-09-21
phongvu_230401901,510987,230401901,Bàn phím cơ có dây Razer BlackWidow V4 Pro - Green Switch (RZ03-04680100-R3M1),Razer,keyboard,4649000.0,6199000.0,1550000.0,25.0,,,,phongvu,2026-09-21
phongvu_230603109,516743,230603109,Bàn phím cơ không dây AKKO 3087 RF Dragon Ball Z - Goku (AKKO switch v3 - Cream Blue),Akko,keyboard,1399000.0,1699000.0,300000.0,18.0,,,,phongvu,2026-09-21
phongvu_230603110,516743,230603110,Bàn phím cơ không dây AKKO 3087 RF Dragon Ball Z - Goku (AKKO switch v3 - Cream Yellow),Akko,keyboard,1099000.0,1699000.0,600000.0,35.0,,,,phongvu,2026-09-21
phongvu_230603113,516747,230603113,Bàn phím cơ không dây AKKO 3087 RF One Piece - Luffy (AKKO switch v3 - Cream Blue),Akko,keyboard,1099000.0,1699000.0,600000.0,35.0,,,,phongvu,2026-09-21
phongvu_230603114,516747,230603114,Bàn phím cơ không dây AKKO 3087 RF One Piece - Luffy (AKKO switch v3 - Cream Yellow),Akko,keyboard,1099000.0,1699000.0,600000.0,35.0,,,,phongvu,2026-09-21
phongvu_230603115,516749,230603115,Bàn phím cơ không dây AKKO 3108 RF Dragon Ball Z - Goku (AKKO switch v3 - Cream Blue),Akko,keyboard,1499000.0,1899000.0,400000.0,21.0,,,,phongvu,2026-09-21
phongvu_230603116,516749,230603116,Bàn phím cơ không dây AKKO 3108 RF Dragon Ball Z - Goku (AKKO switch v3 - Cream Yellow),Akko,keyboard,1499000.0,1899000.0,400000.0,21.0,,,,phongvu,2026-09-21
phongvu_230603463,517166,230603463,Bàn phím Newmen GM100 (Trắng xám) - Demo,Newmen,keyboard,440000.0,440000.0,0.0,0.0,,,,phongvu,2026-09-21
phongvu_230604096,517899,230604096,Bàn phím máy tính Genius RS2 KB-117 cổng USB màu đen (GK-190022) (31310016400),Genius,keyboard,199000.0,199000.0,0.0,0.0,,,,phongvu,2026-09-21
phongvu_230701233,519628,230701233,"Bàn phím không dây Logitech Bluetooth MX Keys S, màu than chì (920-011563)",Logitech,keyboard,2450000.0,3399000.0,949000.0,28.0,,,,phongvu,2026-09-21
phongvu_230701234,519628,230701234,"Bàn phím không dây Logitech Bluetooth MX Keys S, màu xám nhạt (920-011564)",Logitech,keyboard,2450000.0,3399000.0,949000.0,28.0,,,,phongvu,2026-09-21
phongvu_230800431,523431,230800431,Bàn phím cơ Gaming Razer BlackWidow V4 - Green Switch (RZ03-04690100-R3M1),Razer,keyboard,3599000.0,4590000.0,991000.0,22.0,,,,phongvu,2026-09-21
phongvu_230800432,523431,230800432,Bàn phím cơ Gaming Razer BlackWidow V4 - Yellow Switch (RZ03-04691800-R3M1),Razer,keyboard,3789000.0,4590000.0,801000.0,17.0,,,,phongvu,2026-09-21
phongvu_230800433,523433,230800433,Bàn phím cơ Gaming Razer BlackWidow V4 X - Green Switch (RZ03-04700100-R3M1),Razer,keyboard,2849000.0,3590000.0,741000.0,21.0,,,,phongvu,2026-09-21
phongvu_230800434,523433,230800434,Bàn phím cơ Gaming Razer BlackWidow V4 X - Yellow Switch (RZ03-04701800-R3M1),Razer,keyboard,2849000.0,3590000.0,741000.0,21.0,,,,phongvu,2026-09-21
phongvu_230901160,527659,230901160,Bàn Phím Cơ Gaming không dây Asus ROG Strix Scope II 96 Wireless /NX Snow/ABS/Đen (90MP037A-BKUA00),Asus,keyboard,3699000.0,4850000.0,1151000.0,24.0,,,,phongvu,2026-09-21
phongvu_230903453,528779,230903453,Bàn Phím Không Dây Logitech Pebble Keys 2 K380S Wireless/Bluetooth/Đen (Tonal Graphite) (920-011753),Logitech,keyboard,730000.0,1699000.0,969000.0,57.0,,,,phongvu,2026-09-21
phongvu_230903454,528779,230903454,Bàn Phím Không Dây Logitech Pebble Keys 2 K380S Wireless/Bluetooth/Hồng (Tonal Rose) (920-011755),Logitech,keyboard,730000.0,1699000.0,969000.0,57.0,,,,phongvu,2026-09-21
phongvu_230903455,528779,230903455,Bàn Phím Không Dây Logitech Pebble Keys 2 K380S Wireless/Bluetooth/Trắng (Tonal White) (920-011754),Logitech,keyboard,730000.0,1699000.0,969000.0,57.0,,,,phongvu,2026-09-21
phongvu_230903458,528783,230903458,Bàn Phím Cơ Không Dây Logitech G Pro X Tkl Lightspeed Tactile Gaming/Đen (Black) (920-012137),Logitech,keyboard,4099000.0,4799000.0,700000.0,15.0,,,,phongvu,2026-09-21
phongvu_230903459,528783,230903459,Bàn Phím Cơ Không Dây Logitech G Pro X Tkl Lightspeed Tactile Gaming/Trắng (White) (920-012149),Logitech,keyboard,4099000.0,4799000.0,700000.0,15.0,,,,phongvu,2026-09-21
phongvu_231002801,531646,231002801,Bàn Phím Công Thái Học Không Dây Logitech Wave Keys Wireless/Bluetooth/Trắng (Off-White) (920-012282),Logitech,keyboard,1349000.0,1649000.0,300000.0,18.0,,,,phongvu,2026-09-21
phongvu_231002802,531646,231002802,Bàn Phím Công Thái Học Không Dây Logitech Wave Keys Wireless/Bluetooth/Đen (Graphite) (920-012281),Logitech,keyboard,1349000.0,1649000.0,300000.0,18.0,,,,phongvu,2026-09-21
phongvu_231002823,531668,231002823,Bàn phím cơ Gaming Corsair K70 CORE-BLK-CRSR MX-RGB (CH-910971E-NA),Corsair,keyboard,1850000.0,2625000.0,775000.0,30.0,,,,phongvu,2026-09-21
phongvu_231004191,532962,231004191,Bàn phím Gaming không dây ASUS ROG AZOTH NX WL/BT/USB/Red Switch/OLED-SCR/ĐEN(90MP0316-BKUA01),Asus,keyboard,5949000.0,6990000.0,1041000.0,15.0,,,,phongvu,2026-09-21
phongvu_231101830,534836,231101830,Bàn phím cơ không dây DAREU EK75 PRO - BLACK GOLDEN _Dream switch (Linear),Dareu,keyboard,1089000.0,1290000.0,201000.0,16.0,,,,phongvu,2026-09-21
phongvu_231101853,534860,231101853,"Bàn phím cơ Gaming Newmen GM328 White-Grey, Red Switch",Newmen,keyboard,699000.0,699000.0,0.0,0.0,,,,phongvu,2026-09-21
phongvu_231101854,534860,231101854,"Bàn phím cơ Gaming Newmen GM328 Grey-White, Blue Switch",Newmen,keyboard,569000.0,699000.0,130000.0,19.0,,,,phongvu,2026-09-21
phongvu_231101855,534860,231101855,"Bàn phím cơ Gaming Newmen GM328 Purple-White, Red Switch",Newmen,keyboard,569000.0,699000.0,130000.0,19.0,,,,phongvu,2026-09-21
phongvu_231101856,534860,231101856,"Bàn phím cơ Gaming Newmen GM328, White - Purple, Blue Switch",Newmen,keyboard,569000.0,699000.0,130000.0,19.0,,,,phongvu,2026-09-21
phongvu_231101857,534862,231101857,"Bàn phím cơ Newmen GM326 White, Blue Switch",Newmen,keyboard,579000.0,750000.0,171000.0,23.0,,,,phongvu,2026-09-21
phongvu_231101858,534862,231101858,"Bàn phím cơ Newmen GM326 White, Red Switch",Newmen,keyboard,579000.0,750000.0,171000.0,23.0,,,,phongvu,2026-09-21
phongvu_231103018,535485,231103018,Bàn phím gaming Rapoo V50S RGB màu đen (214290V50100841),Rapoo,keyboard,299000.0,390000.0,91000.0,23.0,,,,phongvu,2026-09-21
phongvu_231103025,535498,231103025,Bàn phím số vi tính không dây MOFII X910 Pink/ Hồng (47707),Mofii,keyboard,229000.0,299000.0,70000.0,23.0,,,,phongvu,2026-09-21
phongvu_231103026,535498,231103026,Bàn phím số vi tính không dây MOFII X910 Blue/ Xanh Da Trời (47714),Mofii,keyboard,229000.0,299000.0,70000.0,23.0,,,,phongvu,2026-09-21
phongvu_231103028,535498,231103028,Bàn phím số vi tính không dây MOFII X910 Black (47691),Mofii,keyboard,229000.0,299000.0,70000.0,23.0,,,,phongvu,2026-09-21
phongvu_231103029,535498,231103029,Bàn phím số vi tính không dây MOFII X910 Milk Tea (49626),Mofii,keyboard,229000.0,299000.0,70000.0,23.0,,,,phongvu,2026-09-21
phongvu_231103030,535498,231103030,Bàn phím số vi tính không dây MOFII X910 Jasper (50226),Mofii,keyboard,229000.0,299000.0,70000.0,23.0,,,,phongvu,2026-09-21
phongvu_231103031,535498,231103031,Bàn phím số vi tính không dây MOFII X910 Purple (50233),Mofii,keyboard,229000.0,299000.0,70000.0,23.0,,,,phongvu,2026-09-21
phongvu_240200110,544144,240200110,Bàn phím cơ không dây DAREU EK75 PRO WBC_Dream switch (extra keycaps),Dareu,keyboard,799000.0,1290000.0,491000.0,38.0,,,,phongvu,2026-09-21
phongvu_240201246,544994,240201246,Bàn phím Gaming không dây ASUS ROG Falchion RX Low Profile Red Switch (90MP03EC-BKUA10),Asus,keyboard,3590000.0,4330000.0,740000.0,17.0,,,,phongvu,2026-09-21
phongvu_240201247,544994,240201247,Bàn phím Gaming không dây ASUS ROG Falchion RX Low Profile Blue Switch (90MP03ED-BKUA10),Asus,keyboard,3590000.0,4330000.0,740000.0,17.0,,,,phongvu,2026-09-21
phongvu_240201248,544995,240201248,Bàn phím Gaming không dây ASUS ROG Azoth NX Snow Switch - Đen (90MP031A-BKUA01),Asus,keyboard,5949000.0,7560000.0,1611000.0,21.0,,,,phongvu,2026-09-21
phongvu_240201249,544995,240201249,Bàn phím Gaming không dây ASUS ROG Azoth NX Storm Switch - Đen (90MP031B-BKUA01),Asus,keyboard,5949000.0,7560000.0,1611000.0,21.0,,,,phongvu,2026-09-21
phongvu_240201250,544995,240201250,Bàn phím Gaming không dây ASUS ROG Azoth NX Storm Switch - Trắng (90MP031B-BKUA11),Asus,keyboard,5949000.0,7560000.0,1611000.0,21.0,,,,phongvu,2026-09-21
phongvu_240201251,545327,240201251,Bàn phím Gaming không dây ASUS ROG Strix Scope II 96 WL NX Storm Switch (90MP037B-BKUA00),Asus,keyboard,3699000.0,4550000.0,851000.0,19.0,,,,phongvu,2026-09-21
phongvu_240201252,544999,240201252,Bàn phím Gaming ASUS ROG Strix Scope II NX Storm Switch (90MP036B-BKUA00),Asus,keyboard,3290000.0,3290000.0,0.0,0.0,,,,phongvu,2026-09-21
phongvu_240300770,545853,240300770,Bàn phím Rapoo NK8000 màu đen,Rapoo,keyboard,199000.0,250000.0,51000.0,20.0,,,,phongvu,2026-09-21
phongvu_240302591,547975,240302591,Bàn phím gaming có dây Apex 9 TKL SteelSeries,Steelseries,keyboard,4590000.0,4590000.0,0.0,0.0,,,,phongvu,2026-09-21
phongvu_240303042,548291,240303042,Bàn phím cơ AKKO 3098B Plus Black (Multimodes / RGB / Gasket mount / Akko switch v3 - Cream Yellow Pro),Akko,keyboard,1499000.0,1700000.0,201000.0,12.0,,,,phongvu,2026-09-21
phongvu_240502373,554173,240502373,Bàn Phím Cơ Không Dây Gaming Logitech Pro X 60 Lightspeed Wireless/Bluetooth Gaming/Tactile (Black)(920-011916),Logitech,keyboard,4099000.0,4590000.0,491000.0,11.0,,,,phongvu,2026-09-21
phongvu_240502374,554173,240502374,Bàn Phím Cơ Không Dây Gaming Logitech Pro X 60 Lightspeed Wireless/Bluetooth Gaming/Tactile (White)(920-011935),Logitech,keyboard,4099000.0,4590000.0,491000.0,11.0,,,,phongvu,2026-09-21
phongvu_240502375,554173,240502375,Bàn Phím Cơ Không Dây Gaming Logitech Pro X 60 Lightspeed Wireless/Bluetooth Gaming/Tactile (Rose)(920-011954),Logitech,keyboard,4590000.0,4590000.0,0.0,0.0,,,,phongvu,2026-09-21
phongvu_240504993,557178,240504993,Bàn phím cơ DAREU EK87L v2 Black Dream switch (Không Led),Dareu,keyboard,349000.0,499000.0,150000.0,30.0,,,,phongvu,2026-09-21
phongvu_240504994,557178,240504994,Bàn phím cơ DAREU EK87L v2 Black Firefly switch (Không Led),Dareu,keyboard,349000.0,499000.0,150000.0,30.0,,,,phongvu,2026-09-21
phongvu_240504996,557180,240504996,Bàn phím cơ Gaming DAREU EK98X Black grey Optical switch blue,Dareu,keyboard,889000.0,1099000.0,210000.0,19.0,,,,phongvu,2026-09-21
phongvu_240602378,561028,240602378,Bàn phím cơ Razer BlackWidow V4 75% (RZ03-05000100-R3M1),Razer,keyboard,3589000.0,3990000.0,401000.0,10.0,,,,phongvu,2026-09-21
phongvu_240602389,561028,240602389,Bàn phím cơ Razer BlackWidow V4 75% - White Edition (RZ03-05001700-R3M1),Razer,keyboard,3990000.0,4090000.0,100000.0,2.0,,,,phongvu,2026-09-21
phongvu_240603270,561832,240603270,Bàn Phím Cơ Gaming không dây AULA F99 (Xám+Trắng+Xám Đậm/Grey Wood V3 Switch),Aula,keyboard,1799000.0,2150000.0,351000.0,16.0,,,,phongvu,2026-09-21
phongvu_240603274,561832,240603274,Bàn Phím Cơ Gaming không dây AULA F99 (Xanh Dương + Trắng + Tím/Agile Switch),Aula,keyboard,1799000.0,2150000.0,351000.0,16.0,,,,phongvu,2026-09-21
phongvu_240603279,561832,240603279,Bàn Phím Cơ Gaming không dây AULA F99 (Đen+Trắng+Hồng/Grey Wood V3 Switch),Aula,keyboard,1799000.0,2150000.0,351000.0,16.0,,,,phongvu,2026-09-21
phongvu_240603284,561832,240603284,Bàn Phím Cơ Gaming không dây AULA F99 ( Xanh Dương+Trắng+Tím Đậm/Reaper Switch),Aula,keyboard,1799000.0,2150000.0,351000.0,16.0,,,,phongvu,2026-09-21
phongvu_240603288,561852,240603288,Bàn Phím Cơ Gaming không dây AULA F68 (Màu Trắng Trong Suốt),Aula,keyboard,1899000.0,2270000.0,371000.0,16.0,,,,phongvu,2026-09-21
phongvu_240603293,561852,240603293,Bàn Phím Cơ Gaming không dây AULA F68 (Màu Hồng Trong Suốt),Aula,keyboard,1899000.0,2270000.0,371000.0,16.0,,,,phongvu,2026-09-21
phongvu_240603297,561852,240603297,Bàn Phím Cơ Gaming không dây AULA F68 (Màu Tím Trong Suốt),Aula,keyboard,1899000.0,2270000.0,371000.0,16.0,,,,phongvu,2026-09-21
phongvu_240603298,561853,240603298,Bàn Phím Cơ Gaming không dây AULA F75 (Ice green/Tím nhạt+be+xanh lá/ Reaper switch),Aula,keyboard,1199000.0,1790000.0,591000.0,33.0,,,,phongvu,2026-09-21
phongvu_240603302,561852,240603302,Bàn Phím Cơ Gaming không dây AULA F68 (Màu Xanh Lá),Aula,keyboard,1999000.0,2490000.0,491000.0,20.0,,,,phongvu,2026-09-21
phongvu_240603303,561853,240603303,Bàn Phím Cơ Gaming không dây AULA F75 (Ice blue/xanh+trắng+tím đậm/ Ice vein switch),Aula,keyboard,1249000.0,1790000.0,541000.0,30.0,,,,phongvu,2026-09-21
phongvu_240603307,561853,240603307,Bàn Phím Cơ Gaming không dây AULA F75 (Ice blue/Xanh+trắng+tím đậm/ Reaper switch),Aula,keyboard,1249000.0,1790000.0,541000.0,30.0,,,,phongvu,2026-09-21
phongvu_240603308,561862,240603308,Bàn Phím Cơ Gaming không dây AULA F98 Pro (Màu Đen Trong Suốt),Aula,keyboard,1499000.0,2365000.0,866000.0,37.0,,,,phongvu,2026-09-21
phongvu_240603313,561853,240603313,Bàn Phím Cơ Gaming không dây AULA F75 (Tím nhạt + Be + Xanh lá/ Grey Wood V3 Switch),Aula,keyboard,1249000.0,1790000.0,541000.0,30.0,,,,phongvu,2026-09-21
phongvu_240603314,561862,240603314,Bàn Phím Cơ Gaming không dây AULA F98 Pro (Màu Trắng Trong Suốt),Aula,keyboard,1899000.0,2365000.0,466000.0,20.0,,,,phongvu,2026-09-21
phongvu_240603319,561853,240603319,Bàn Phím Cơ Gaming không dây AULA F75 (Xanh nhạt + Trắng + Xanh đậm/Mạch ngược/ Grey Wood V3 Switch),Aula,keyboard,1199000.0,1790000.0,591000.0,33.0,,,,phongvu,2026-09-21
phongvu_240603325,561853,240603325,Bàn Phím Cơ Gaming không dây AULA F75 (Đen + Xanh đậm + Cam/ Grey Wood V3 Switch),Aula,keyboard,1199000.0,1790000.0,591000.0,33.0,,,,phongvu,2026-09-21
phongvu_240603328,561883,240603328,Bàn Phím Cơ Gaming không dây AULA F75 Pro (Black Gradient/Mạch xuôi/Reaper Switch),Aula,keyboard,1860000.0,1860000.0,0.0,0.0,,,,phongvu,2026-09-21
phongvu_240703710,565856,240703710,Bàn phím cơ Newmen GM819 - Demo,Newmen,keyboard,349000.0,1150000.0,801000.0,70.0,,,,phongvu,2026-09-21
phongvu_240703742,565888,240703742,Bàn phím cơ Fuhlen Eraser - Optical Switch - Demo,Fuhlen,keyboard,799000.0,799000.0,0.0,0.0,,,,phongvu,2026-09-21
phongvu_240704210,566356,240704210,Bàn phím cơ Logitech Pro Gaming (GX Blue Clicky) (Đen) (920-009396) - Demo,Logitech,keyboard,990000.0,3269000.0,2279000.0,70.0,,,,phongvu,2026-09-21
phongvu_240704273,566423,240704273,Bàn phím gaming Asus ROG Strix Scope II NXSW (90MP036A-BKUA00),Asus,keyboard,3290000.0,3290000.0,0.0,0.0,,,,phongvu,2026-09-21
phongvu_240704389,566566,240704389,Bàn phím không dây HyperWork HyperOne Gen 2 HPW-KB1-G2,Hyper Work,keyboard,649000.0,790000.0,141000.0,18.0,,,,phongvu,2026-09-21
phongvu_240704391,566562,240704391,Bàn phím AKKO 3087 RF Black on White (AKKO sw v3 - Cream Blue),Akko,keyboard,989000.0,1399000.0,410000.0,29.0,,,,phongvu,2026-09-21
phongvu_240704405,566582,240704405,Bàn phím Logitech G515 TKL Lightspeed Wireless (Black) (920-012580),Logitech,keyboard,2749000.0,3499000.0,750000.0,21.0,,,,phongvu,2026-09-21
phongvu_240704407,566582,240704407,Bàn phím Logitech G515 TKL Lightspeed Wireless (White) (920-012581),Logitech,keyboard,2749000.0,3499000.0,750000.0,21.0,,,,phongvu,2026-09-21
phongvu_240706054,568213,240706054,Bàn phím cơ Gaming DAREU EK98 White-Black (Dream switch (Linear)/Multi-Led/PBT Double Shot OEM profile),Dareu,keyboard,699000.0,899000.0,200000.0,22.0,,,,phongvu,2026-09-21
phongvu_240803304,570735,240803304,Bàn phím không dây Logitech K950 Signature Slim (than chì) (920-012443),Logitech,keyboard,1849000.0,2099000.0,250000.0,12.0,,,,phongvu,2026-09-21
phongvu_240803305,570735,240803305,Bàn phím không dây Logitech K950 Signature Slim (trắng) (920-012444),Logitech,keyboard,2099000.0,2099000.0,0.0,0.0,,,,phongvu,2026-09-21
phongvu_240803460,570874,240803460,Bàn phím cơ AKKO MU01 Joy of Life Piano Pro (Switch V3 Piano Pro/RGB/Multi-Modes),Akko,keyboard,3190000.0,3290000.0,100000.0,3.0,,,,phongvu,2026-09-21
phongvu_240803480,570894,240803480,Bàn phím cơ AKKO 5075B Plus Horizon (Cream Yellow Pro/Hotswap/RGB/Multi-modes),Akko,keyboard,1349000.0,1490000.0,141000.0,9.0,,,,phongvu,2026-09-21
phongvu_240805945,573242,240805945,Bàn phím không dây đa chức năng Rapoo E9050G (xám đen),Rapoo,keyboard,890000.0,890000.0,0.0,0.0,,,,phongvu,2026-09-21
phongvu_240805966,573263,240805966,Bàn phím không dây HyperWork SilentKey,Hyper Work,keyboard,685000.0,790000.0,105000.0,13.0,,,,phongvu,2026-09-21
phongvu_240805967,573267,240805967,"Bàn phím cơ Gaming DAREU EK87 v2 White-black (2 sides RGB strip, Multi-Led, PBT Double Shot OEM profile, Dream switch (Linear))",Dareu,keyboard,589000.0,699000.0,110000.0,16.0,,,,phongvu,2026-09-21
phongvu_240805970,573267,240805970,"Bàn phím cơ Gaming DAREU EK87 v2 Gray-black (2 sides RGB strip, Multi-Led, PBT Double Shot OEM profile, Dream switch (Linear))",Dareu,keyboard,589000.0,699000.0,110000.0,16.0,,,,phongvu,2026-09-21
phongvu_240902581,575679,240902581,Bàn phím cơ gaming RAPOO V530 Black_HJ _11734 Led RGB,Rapoo,keyboard,1100000.0,1100000.0,0.0,0.0,,,,phongvu,2026-09-21
phongvu_240908887,582020,240908887,Bàn phím cơ Fuhlen D (Destroyer) Black 2024,Fuhlen,keyboard,939000.0,999000.0,60000.0,6.0,,,,phongvu,2026-09-21
phongvu_240908895,582030,240908895,Bàn phím Logitech G915 X Wired RGB Mechanical Gaming/Tactile (Black)(920-012944),Logitech,keyboard,3549000.0,4699000.0,1150000.0,24.0,,,,phongvu,2026-09-21
phongvu_240908901,582038,240908901,Bàn phím Logitech G915 X Tkl Lightspeed Wireless RGB Mechanical Gaming/Tactile (Black)(920-012726),Logitech,keyboard,4300000.0,5299000.0,999000.0,19.0,,,,phongvu,2026-09-21
phongvu_240908908,582038,240908908,Bàn phím Logitech G915 X Tkl Lightspeed Wireless RGB Mechanical Gaming/Tactile (White)(920-012738),Logitech,keyboard,4300000.0,5299000.0,999000.0,19.0,,,,phongvu,2026-09-21
phongvu_240908921,582059,240908921,Bàn phím có dây HP KBD 125 WD A/P (266C9AA),HP,keyboard,249000.0,300000.0,51000.0,17.0,,,,phongvu,2026-09-21
phongvu_240908928,582069,240908928,Bàn phím gaming RAPOO V750PRO-98 Black Grey Orange Optical Blue Switch,Rapoo,keyboard,979000.0,1100000.0,121000.0,11.0,,,,phongvu,2026-09-21
phongvu_241002018,584592,241002018,Bàn phím cơ gaming MSI FORGE GK300 (màu đen) (S11-04US20G-HH9),Msi,keyboard,849000.0,1190000.0,341000.0,29.0,,,,phongvu,2026-09-21
phongvu_241002019,584590,241002019,Bàn phím giả cơ gaming MSI FORGE GK100 (màu đen) (S11-04US20J-HH9),Msi,keyboard,375000.0,490000.0,115000.0,23.0,,,,phongvu,2026-09-21
phongvu_241002398,585061,241002398,Bàn phím cơ Asus TUF Gaming K3 Gen II (Red Switch),Asus,keyboard,1299000.0,1470000.0,171000.0,12.0,,,,phongvu,2026-09-21
phongvu_241002403,585060,241002403,Bàn phím gaming không dây ASUS ROG Azoth Extreme NX Storm Switch - Đen (90MP03MB-BKUA01),Asus,keyboard,14950000.0,14950000.0,0.0,0.0,,,,phongvu,2026-09-21
phongvu_241002407,585064,241002407,"Bàn phím cơ Gaming DAREU EK75 White-black (2 sides RGB strip, Multi-Led, PBT Double Shot OEM profile, Dream switch (Linear))",Dareu,keyboard,579000.0,699000.0,120000.0,17.0,,,,phongvu,2026-09-21
phongvu_241002408,585065,241002408,Bàn Phím Cơ Gaming không dây AULA F75 ( Xanh dương+trắng+tím/ Star Vector switch/Mạch xuôi),Aula,keyboard,1099000.0,1354000.0,255000.0,19.0,,,,phongvu,2026-09-21
phongvu_241002412,585060,241002412,Bàn phím gaming không dây ASUS ROG Azoth Extreme NX Snow Switch - Đen (90MP03MA-BKUA01),Asus,keyboard,12890000.0,14950000.0,2060000.0,14.0,,,,phongvu,2026-09-21
phongvu_241002414,585070,241002414,"Bàn phím cơ Gaming DAREU EK65s White-black (RGB, PBT Double Shot, Dream switch (Linear))",Dareu,keyboard,699000.0,799000.0,100000.0,13.0,,,,phongvu,2026-09-21
phongvu_241004148,586912,241004148,Bàn phím không dây Logitech Pop Icon Keys New Wireless (Graphite) (920-013083),Logitech,keyboard,1249000.0,1499000.0,250000.0,17.0,,,,phongvu,2026-09-21
phongvu_241004155,586912,241004155,Bàn phím không dây Logitech Pop Icon Keys New Wireless (Off-White) (920-013084),Logitech,keyboard,1049000.0,1499000.0,450000.0,30.0,,,,phongvu,2026-09-21
phongvu_241004161,586912,241004161,Bàn phím không dây Logitech Pop Icon Keys New Wireless (Rose) (920-013085),Logitech,keyboard,1049000.0,1499000.0,450000.0,30.0,,,,phongvu,2026-09-21
phongvu_241004166,586912,241004166,Bàn phím không dây Logitech Pop Icon Keys New Wireless (Lilac) (920-013086),Logitech,keyboard,1049000.0,1499000.0,450000.0,30.0,,,,phongvu,2026-09-21
phongvu_241101258,589534,241101258,Bàn phím cơ DareU EK1280s MULTI LED (Switch Blue) (Đen) - Demo,Dareu,keyboard,299000.0,790000.0,491000.0,62.0,,,,phongvu,2026-09-21
phongvu_241105103,592094,241105103,Bàn Phím Cơ Gaming không dây AULA F99 PRO (Xanh dương+trắng+tím đậm/ Star Vector switch),Aula,keyboard,1499000.0,1899000.0,400000.0,21.0,,,,phongvu,2026-09-21
phongvu_241105110,592094,241105110,Bàn Phím Cơ Gaming không dây AULA F99 PRO ( Xám + Đen gradient/ Greywood V3 switch),Aula,keyboard,2099000.0,2099000.0,0.0,0.0,,,,phongvu,2026-09-21
phongvu_241106182,593196,241106182,Bàn phím không dây AKKO 5098B Santorini (RGB / Hotswap / Akko V3 Piano Pro),Akko,keyboard,2489000.0,2890000.0,401000.0,14.0,,,,phongvu,2026-09-21
phongvu_241106206,593196,241106206,Bàn phím không dây AKKO 5098B Santorini (RGB / Hotswap / Akko V3 Piano Pro),Akko,keyboard,2290000.0,2890000.0,600000.0,21.0,,,,phongvu,2026-09-21
phongvu_241106421,593727,241106421,Bàn phím Gaming không dây ASUS ROG AZOTH NX WL/BT/USB/Brown Switch/OLED-SCR/ĐEN(90MP0317-BKUA01),Asus,keyboard,6990000.0,6990000.0,0.0,0.0,,,,phongvu,2026-09-21
phongvu_241204512,596351,241204512,Bàn Phím Cơ Gaming không dây AULA F87 PRO ( Xanh đậm+đen+xanh cổ vịt/Mạch ngược/ Greywood V4 switch),Aula,keyboard,1249000.0,1599000.0,350000.0,22.0,,,,phongvu,2026-09-21
phongvu_241204513,596357,241204513,Bàn Phím Cơ Gaming không dây AULA F75 ( Trắng + xanh dương gradient - Seiya/Mạch xuôi/Star Vector switch),Aula,keyboard,1249000.0,1890000.0,641000.0,34.0,,,,phongvu,2026-09-21
phongvu_241204514,596349,241204514,Bàn Phím Cơ Gaming không dây LEOBOG ALICE A75 ( xanh dương+be/Mạch ngược/Ramboo switch),Leobog,keyboard,2090000.0,2090000.0,0.0,0.0,,,,phongvu,2026-09-21
phongvu_241204517,596354,241204517,Bàn Phím Cơ Gaming không dây AULA F75 ( Xám+đen gradient/Mạch xuôi/Reaper switch),Aula,keyboard,1249000.0,1290000.0,41000.0,3.0,,,,phongvu,2026-09-21
phongvu_241204518,596352,241204518,Bàn Phím Cơ Gaming không dây AULA S98 PRO ( Xanh lá + trắng/Mạch xuôi/ Greywood V4 switch),Aula,keyboard,1599000.0,1890000.0,291000.0,15.0,,,,phongvu,2026-09-21
phongvu_241204520,596357,241204520,Bàn Phím Cơ Gaming không dây AULA F75 ( Trắng + tím gradient - Seiya/Mạch xuôi/ Star Vector switch),Aula,keyboard,1249000.0,1890000.0,641000.0,34.0,,,,phongvu,2026-09-21
phongvu_241204522,596358,241204522,Bàn Phím Cơ Gaming không dây LEOBOG Hi86 (Đen+Xanh dương+Trắng/Mạch xuôi/Nimbus V3 switch),Leobog,keyboard,2390000.0,2390000.0,0.0,0.0,,,,phongvu,2026-09-21
phongvu_241204526,596363,241204526,Bàn Phím Cơ Gaming không dây AULA S98 PRO ( Xanh dương + trắng + tím/Mạch xuôi/ Caramel Latte switch),Aula,keyboard,1599000.0,1890000.0,291000.0,15.0,,,,phongvu,2026-09-21
phongvu_241205217,597059,241205217,Bàn phím Logitech Pro X TKL Rapid Wired Gaming (White),Logitech,keyboard,3699000.0,4699000.0,1000000.0,21.0,,,,phongvu,2026-09-21
phongvu_241205225,597059,241205225,Bàn phím Logitech Pro X TKL Rapid Wired Gaming (Magenta),Logitech,keyboard,3699000.0,4699000.0,1000000.0,21.0,,,,phongvu,2026-09-21
phongvu_241205229,597059,241205229,Bàn phím Logitech Pro X TKL Rapid Wired Gaming (Black),Logitech,keyboard,3699000.0,4699000.0,1000000.0,21.0,,,,phongvu,2026-09-21
phongvu_250100117,599510,250100117,Bàn Phím Cơ Gaming không dây AULA AU75 (Tím+Be+Đỏ/Mạch xuôi/Star Vector Switch),Aula,keyboard,1119000.0,1599000.0,480000.0,30.0,,,,phongvu,2026-09-21
phongvu_250100118,599510,250100118,Bàn Phím Cơ Gaming không dây AULA AU75 (Đen+xám+cam/Mạch xuôi/Star Vector Switch),Aula,keyboard,1199000.0,1599000.0,400000.0,25.0,,,,phongvu,2026-09-21
phongvu_250116321,615654,250116321,Bàn phím cơ không dây Newmen GM610 Dual Mode (N-Box Blue-Grey),Newmen,keyboard,599000.0,1190000.0,591000.0,50.0,,,,phongvu,2026-09-21
phongvu_250116322,615654,250116322,Bàn phím cơ không dây Newmen GM610 Dual Mode (N-Box Red-Grey),Newmen,keyboard,599000.0,1190000.0,591000.0,50.0,,,,phongvu,2026-09-21
phongvu_250116323,615654,250116323,Bàn phím cơ không dây Newmen GM610 Dual Mode (N-Box Brown-Grey),Newmen,keyboard,599000.0,1190000.0,591000.0,50.0,,,,phongvu,2026-09-21
phongvu_250116387,615720,250116387,Bàn phím cơ không dây AKKO MOD007B-HE PC Tokyo Sakura Pink (Magnetic Switch / Rapid Trigger),Akko,keyboard,1740000.0,1990000.0,250000.0,13.0,,,,phongvu,2026-09-21
phongvu_250116618,615953,250116618,Bàn Phím Cơ Gaming không dây AULA S98 PRO (Xanh dương + trắng + tím/Mạch xuôi/Nimbus V3 switch),Aula,keyboard,1599000.0,1899000.0,300000.0,16.0,,,,phongvu,2026-09-21
phongvu_250116619,615953,250116619,Bàn Phím Cơ Gaming không dây AULA S98 PRO (Xanh dương + trắng + tím/Mạch xuôi/Nimbus V3 switch),Aula,keyboard,1599000.0,1899000.0,300000.0,16.0,,,,phongvu,2026-09-21
phongvu_250116620,615953,250116620,Bàn Phím Cơ Gaming không dây AULA S98 PRO (Xanh dương + trắng + tím/Mạch xuôi/Nimbus V3 switch),Aula,keyboard,1599000.0,1899000.0,300000.0,16.0,,,,phongvu,2026-09-21
phongvu_250116621,615953,250116621,Bàn Phím Cơ Gaming không dây AULA S98 PRO (Xanh dương + trắng + tím/Mạch xuôi/Nimbus V3 switch),Aula,keyboard,1599000.0,1899000.0,300000.0,16.0,,,,phongvu,2026-09-21
phongvu_250116622,615953,250116622,Bàn Phím Cơ Gaming không dây AULA S98 PRO (Xanh dương + trắng + tím/Mạch xuôi/Nimbus V3 switch),Aula,keyboard,1599000.0,1899000.0,300000.0,16.0,,,,phongvu,2026-09-21
phongvu_250200076,616581,250200076,Bàn Phím cơ Akko 3098S Matcha Red Bean V3 (Cream Yellow Pro/PBT Double Shot/Rainbow LED/cherry profile),Akko,keyboard,949000.0,990000.0,41000.0,4.0,,,,phongvu,2026-09-21
phongvu_250200077,616556,250200077,Bàn Phím cơ Akko 3098S Los Angeles V3 (Cream Yellow Pro/PBT Double Shot/Rainbow LED/ ASA profile),Akko,keyboard,839000.0,990000.0,151000.0,15.0,,,,phongvu,2026-09-21
phongvu_250203160,617782,250203160,Bàn phím cơ không dây E-DRA EK368L Alpha Yellow Switch (EK368L-AL-YE),E-Dra,keyboard,469000.0,499000.0,30000.0,6.0,,,,phongvu,2026-09-21
phongvu_250203167,617782,250203167,Bàn phím cơ không dây E-DRA EK368L Alpha Yellow Switch (EK368L-AL-YE),E-Dra,keyboard,469000.0,499000.0,30000.0,6.0,,,,phongvu,2026-09-21
phongvu_250203275,568225,250203275,Bàn phím cơ Gaming DAREU EK104 White-Black (Dream switch (Linear)/2 sides RGB strip/Multi-Led/PBT Double Shot OEM profile),Dareu,keyboard,699000.0,899000.0,200000.0,22.0,,,,phongvu,2026-09-21
phongvu_250203279,617898,250203279,Bàn phím cơ gaming Corsair K70 Core SE RGB Cherry Blossom (CH-9109C1E-NA),Corsair,keyboard,2949000.0,2990000.0,41000.0,1.0,,,,phongvu,2026-09-21
phongvu_250206341,619945,250206341,Bàn phím cơ gaming có dây AULA F75 (Black/Mạch ngược/Red Switch),Aula,keyboard,649000.0,790000.0,141000.0,18.0,,,,phongvu,2026-09-21
phongvu_250206342,619937,250206342,Bàn Phím Cơ Gaming không dây AULA F75 (Black+Pink/Mạch xuôi/Reaper Switch),Aula,keyboard,1149000.0,1790000.0,641000.0,36.0,,,,phongvu,2026-09-21
phongvu_250206343,619943,250206343,Bàn phím cơ AKKO 5075B Plus Horizon (AKKO Switch v3/Hotswap/RGB/Multi-modes),Akko,keyboard,1390000.0,1390000.0,0.0,0.0,,,,phongvu,2026-09-21
phongvu_250206347,619945,250206347,Bàn phím cơ gaming có dây AULA F75 (White/Mạch ngược/Red Switch),Aula,keyboard,649000.0,790000.0,141000.0,18.0,,,,phongvu,2026-09-21
phongvu_250300509,620476,250300509,"Bàn phím cơ Gaming DAREU EK75 Grey-Black (2 sides RGB strip, Multi-Led, PBT Double Shot OEM profile, Dream switch (Linear))",Dareu,keyboard,549000.0,699000.0,150000.0,21.0,,,,phongvu,2026-09-21
phongvu_250300971,620848,250300971,Bàn phím E-Dra EK375 Pro Alpha,E-Dra,keyboard,999000.0,1299000.0,300000.0,23.0,,,,phongvu,2026-09-21
phongvu_250300972,620850,250300972,Bàn phím cơ E-Dra không dây EK375 Pro Beta Blue Switch (EK375PRO-BE-BL),E-Dra,keyboard,999000.0,1299000.0,300000.0,23.0,,,,phongvu,2026-09-21
phongvu_250300973,620851,250300973,Bàn phím cơ E-Dra EK398PRO (Triple Mode/Brown Switch) (EK398PRO_BR),E-Dra,keyboard,889000.0,1290000.0,401000.0,31.0,,,,phongvu,2026-09-21
phongvu_250300977,620851,250300977,Bàn phím cơ E-Dra EK398PRO (Triple Mode/Blue Switch) (EK398PRO_BL),E-Dra,keyboard,889000.0,1290000.0,401000.0,31.0,,,,phongvu,2026-09-21
phongvu_250301449,621557,250301449,Bàn phím cơ không dây DareU EK106 Pro Triple Mode Haze-Blue (Cloud switch),Dareu,keyboard,1145000.0,1690000.0,545000.0,32.0,,,,phongvu,2026-09-21
phongvu_250301450,621558,250301450,Bàn phím không dây DareU LK150D Black-Orange (Dual Mode - Scissor sw),Dareu,keyboard,599000.0,599000.0,0.0,0.0,,,,phongvu,2026-09-21
phongvu_250301451,621561,250301451,Bàn phím cơ không dây DareU EK98 Pro Triple Mode Black-Golden (Cloud switch),Dareu,keyboard,1249000.0,1690000.0,441000.0,26.0,,,,phongvu,2026-09-21
phongvu_250301452,621563,250301452,Bàn phím cơ không dây DareU EK75 Pro Triple Mode Black-Golden (Cloud switch),Dareu,keyboard,1249000.0,1490000.0,241000.0,16.0,,,,phongvu,2026-09-21
phongvu_250301453,621564,250301453,Bàn phím không dây DareU LK160D_Black (Dual Mode - Scissor sw - TKL),Dareu,keyboard,599000.0,599000.0,0.0,0.0,,,,phongvu,2026-09-21
phongvu_250301454,621557,250301454,Bàn phím cơ không dây DareU EK106 Pro Triple Mode Black-Golden (Cloud switch),Dareu,keyboard,1145000.0,1690000.0,545000.0,32.0,,,,phongvu,2026-09-21
phongvu_250301455,621566,250301455,Bàn phím cơ DareU EK98L Grey Black Dream switch,Dareu,keyboard,599000.0,699000.0,100000.0,14.0,,,,phongvu,2026-09-21
phongvu_250301456,621567,250301456,Bàn phím cơ không dây DareU EK87 Pro Triple Mode Black-Golden (Cloud switch),Dareu,keyboard,1099000.0,1490000.0,391000.0,26.0,,,,phongvu,2026-09-21
phongvu_250301528,621639,250301528,Bàn phím cơ không dây Keychron K3 Max White Led (Gateron Sw) (K3M-A1),Khác,keyboard,2290000.0,2290000.0,0.0,0.0,,,,phongvu,2026-09-21
phongvu_250301529,621641,250301529,Bàn phím cơ Razer Huntsman V3 Pro Analog Optical (RZ03-04970100-R3M1),Razer,keyboard,5999000.0,6590000.0,591000.0,9.0,,,,phongvu,2026-09-21
phongvu_250302272,622354,250302272,Bàn phím cơ AKKO FUN60 Pro SP Black (Akko Glare Magnetic Switches / Rapid trigger) 5943,Akko,keyboard,649000.0,690000.0,41000.0,6.0,,,,phongvu,2026-09-21
phongvu_250302318,622401,250302318,Bàn phím cơ không dây AKKO FUN60 Max SP Black (Akko Glare Magnetic Switches / Rapid Trigger / Triple Mode),Akko,keyboard,999000.0,1090000.0,91000.0,8.0,,,,phongvu,2026-09-21
phongvu_250306237,626350,250306237,Bàn phím cơ không dây AKKO MOD007B-HE PC Santorini Sakura Pink (Magnetic Switch),Akko,keyboard,1949000.0,1990000.0,41000.0,2.0,,,,phongvu,2026-09-21
phongvu_250306238,626351,250306238,"Bàn phím cơ Gaming Newmen GM328 Grey-White, Red Switch",Newmen,keyboard,569000.0,695000.0,126000.0,18.0,,,,phongvu,2026-09-21
phongvu_250400540,632492,250400540,Bàn Phím Cơ Gaming không dây AULA F108 PRO ( Xám Đen gradient/ Nimbus V3 switch),Aula,keyboard,1699000.0,1990000.0,291000.0,15.0,,,,phongvu,2026-09-21
phongvu_250400541,632488,250400541,"Bàn phím cơ gaming 3 mode AULA F75 Max xám đen gradient, Reaper switch",Aula,keyboard,1499000.0,1790000.0,291000.0,16.0,,,,phongvu,2026-09-21
phongvu_250400542,632488,250400542,Bàn Phím Cơ Gaming không dây AULA F75 MAX (Xanh + trắng + tím đậm/ Reaper switch),Aula,keyboard,1299000.0,1790000.0,491000.0,27.0,,,,phongvu,2026-09-21
phongvu_250400543,632492,250400543,Bàn Phím Cơ Gaming không dây AULA F108 PRO ( Đen + xám + vàng/ Reaper switch),Aula,keyboard,1699000.0,1990000.0,291000.0,15.0,,,,phongvu,2026-09-21
phongvu_250400545,632492,250400545,Bàn Phím Cơ Gaming không dây AULA F108 PRO (Đen + hồng gradient/ Grey Wood V3 switch),Aula,keyboard,1990000.0,1990000.0,0.0,0.0,,,,phongvu,2026-09-21
phongvu_250406853,638843,250406853,Bàn phím ASUS M605 ROG FALCHION ACE Đen (90MP03VE-BKUA20),Asus,keyboard,4920000.0,4920000.0,0.0,0.0,,,,phongvu,2026-09-21
phongvu_250406858,638851,250406858,Bàn phím ROG Strix Scope RX TKL Wireless Deluxe (90MP02J0-BKUA00),Asus,keyboard,2990000.0,2990000.0,0.0,0.0,,,,phongvu,2026-09-21
phongvu_250410571,642544,250410571,Bàn phím Gaming Razer BlackWidow V4 X - Green Switch - Minecraft Edition (RZ03-04704100-R3M1),Razer,keyboard,3850000.0,4790000.0,940000.0,20.0,,,,phongvu,2026-09-21
phongvu_250416611,648653,250416611,Bàn phím cơ không dây Satechi SM1 Slim (Màu Light),Satechi,keyboard,2490000.0,2490000.0,0.0,0.0,,,,phongvu,2026-09-21
phongvu_250416612,648652,250416612,Bàn phím bluetooth Satechi Slim X2 có đèn nền (Màu Xám),Satechi,keyboard,1790000.0,1790000.0,0.0,0.0,,,,phongvu,2026-09-21
phongvu_250416620,648668,250416620,Bàn phím cơ không dây bluetooth Satechi SM3 màu Dark,Satechi,keyboard,2990000.0,2990000.0,0.0,0.0,,,,phongvu,2026-09-21
phongvu_250416621,648665,250416621,Bàn phím bluetooth Satechi Slim X3 có đèn nền (Màu Xám),Satechi,keyboard,1990000.0,1990000.0,0.0,0.0,,,,phongvu,2026-09-21
phongvu_250416622,648666,250416622,Bàn phím bluetooth Satechi Slim X1 có đèn nền (Màu Xám),Satechi,keyboard,1590000.0,1590000.0,0.0,0.0,,,,phongvu,2026-09-21
phongvu_250416624,648653,250416624,Bàn phím cơ không dây Satechi SM1 Slim (Màu Dark),Satechi,keyboard,2490000.0,2490000.0,0.0,0.0,,,,phongvu,2026-09-21
phongvu_250416625,648668,250416625,Bàn phím cơ không dây bluetooth Satechi SM3 màu Light,Satechi,keyboard,2990000.0,2990000.0,0.0,0.0,,,,phongvu,2026-09-21
phongvu_250503270,655074,250503270,Bàn phím Fuhlen L411 (Đen) - Đã sử dụng,Fuhlen,keyboard,170000.0,199000.0,29000.0,15.0,,,,phongvu,2026-09-21
phongvu_250512186,666220,250512186,Bàn Phím Cơ Gaming không dây AULA F99 Pro (Đen + hồng gradient/ Reaper switch),Aula,keyboard,1889000.0,1889000.0,0.0,0.0,,,,phongvu,2026-09-21
phongvu_250512187,666207,250512187,Bàn phím không dây Keychron B1P-K8 B1 Pro Ivory White,Keychron,keyboard,799000.0,890000.0,91000.0,10.0,,,,phongvu,2026-09-21
phongvu_250512193,666221,250512193,Bàn phím không dây Keychron B6P-K1 B6 Pro Space Gray,Keychron,keyboard,789000.0,1090000.0,301000.0,28.0,,,,phongvu,2026-09-21
phongvu_250512195,666215,250512195,Bàn Phím Cơ Gaming không dây AULA F75 (3 modes/ Đen contour/ Seiya - Star Vector Switch),Aula,keyboard,1519000.0,1519000.0,0.0,0.0,,,,phongvu,2026-09-21
phongvu_250512200,666220,250512200,Bàn Phím Cơ Gaming không dây AULA F99 pro (Xanh dương + Trắng + Tím/ Grey Wood V3 Switch),Aula,keyboard,1829000.0,1829000.0,0.0,0.0,,,,phongvu,2026-09-21
phongvu_250512201,666221,250512201,Bàn phím không dây Keychron B6 Pro Ultra-Slim B6P-K8 (Ivory White),Keychron,keyboard,789000.0,1090000.0,301000.0,28.0,,,,phongvu,2026-09-21
phongvu_250512202,666229,250512202,Bàn Phím Cơ Gaming không dây AULA F108 (Đen+ Xám + Vàng/ Volcano switch),Aula,keyboard,1449000.0,1689000.0,240000.0,14.0,,,,phongvu,2026-09-21
phongvu_250512207,666227,250512207,Bàn phím cơ gaming AULA WIN60HE (Đen / Gray Wood magnetic switch - Rapid trigger),Aula,keyboard,649000.0,699000.0,50000.0,7.0,,,,phongvu,2026-09-21
phongvu_250512208,666228,250512208,Bàn phím cơ không dây Keychron K5M-B1 K5 Max Gateron RGB Backlight Red Switch Keyboard,Keychron,keyboard,2379000.0,2690000.0,311000.0,12.0,,,,phongvu,2026-09-21
phongvu_250512209,666229,250512209,Bàn Phím Cơ Gaming không dây AULA F108 (Xám + đen gradient/ Nimbus switch),Aula,keyboard,1549000.0,1799000.0,250000.0,14.0,,,,phongvu,2026-09-21
phongvu_250512213,666245,250512213,Bàn phím cơ gaming AULA WIN60HE Max (Xám + trắng + xanh dương/ Wing Chun Magnetic switch - Rapid trigger),Aula,keyboard,919000.0,919000.0,0.0,0.0,,,,phongvu,2026-09-21
phongvu_250512214,666235,250512214,Bàn phím cơ không dây Keychron K8M-A1 K8 Max White Backlight Red Switch - Black,Keychron,keyboard,1779000.0,1990000.0,211000.0,11.0,,,,phongvu,2026-09-21
phongvu_250512216,666236,250512216,Bàn Phím Cơ Gaming không dây AULA F108 Pro (Xanh dương + trắng + tím đậm/ Reaper switch),Aula,keyboard,1909000.0,1909000.0,0.0,0.0,,,,phongvu,2026-09-21
phongvu_250512220,666241,250512220,Bàn phím cơ không dây Keychron K8M-B1 K8 Max RGB Backlight Red Switch - Black,Keychron,keyboard,2249000.0,2290000.0,41000.0,2.0,,,,phongvu,2026-09-21
phongvu_250512224,666245,250512224,Bàn phím cơ gaming AULA WIN60HE Max (Đen + xám + vàng/ Wing Chun Magnetic switch - Rapid trigger),Aula,keyboard,919000.0,919000.0,0.0,0.0,,,,phongvu,2026-09-21
phongvu_250512226,666247,250512226,Bàn phím cơ không dây Keychron K8M-B3 K8 Max RGB Backlight Brown Switch - Black,Keychron,keyboard,2249000.0,2290000.0,41000.0,2.0,,,,phongvu,2026-09-21
phongvu_250512230,666251,250512230,Bàn phím cơ gaming AULA WIN68HE (Đen/ Gray Wood magnetic switch - Rapid trigger),Aula,keyboard,699000.0,769000.0,70000.0,9.0,,,,phongvu,2026-09-21
phongvu_250512232,666253,250512232,Bàn phím cơ không dây Keychron K8M-B4 K8 Max RGB Backlight Banana Switch - Black,Keychron,keyboard,2249000.0,2290000.0,41000.0,2.0,,,,phongvu,2026-09-21
phongvu_250512235,666268,250512235,Bàn phím cơ gaming AULA WIN68HE Max (Đen + xám + vàng/ Wing Chun magnetic switch - Rapid trigger),Aula,keyboard,999000.0,999000.0,0.0,0.0,,,,phongvu,2026-09-21
phongvu_250512237,666259,250512237,"Bàn phím cơ không dây Dual Mode Newmen GM610 Global (Bluetooth 5.0, Cáp Type-C 2m , 1x Set Keycap Extra ) - Brown Switch",Newmen,keyboard,1385000.0,1385000.0,0.0,0.0,,,,phongvu,2026-09-21
phongvu_250512241,666268,250512241,Bàn phím cơ gaming AULA WIN68HE Max (Đen + xám + vàng/ Wing Chun magnetic switch - Rapid trigger),Aula,keyboard,999000.0,999000.0,0.0,0.0,,,,phongvu,2026-09-21
phongvu_250512248,666268,250512248,Bàn phím cơ gaming AULA WIN68HE Max (Đen + xám + vàng/ Wing Chun magnetic switch - Rapid trigger),Aula,keyboard,1179000.0,1179000.0,0.0,0.0,,,,phongvu,2026-09-21
phongvu_250512280,666207,250512280,Bàn phím không dây Keychron B1P-K1 B1 Pro Space Gray,Keychron,keyboard,799000.0,890000.0,91000.0,10.0,,,,phongvu,2026-09-21
phongvu_250512288,666245,250512288,Bàn phím cơ gaming AULA WIN60HE Max (Đen + đỏ/ Wing Chun Magnetic switch - Rapid trigger),Aula,keyboard,1109000.0,1109000.0,0.0,0.0,,,,phongvu,2026-09-21
phongvu_250521430,677467,250521430,Bàn phím Bluetooth Microsoft (QSZ-00017),Microsoft,keyboard,699000.0,1600000.0,901000.0,56.0,,,,phongvu,2026-09-21
phongvu_250638596,716683,250638596,Bàn phím cơ không dây E-Dra EK375W (Đen),E-Dra,keyboard,899000.0,990000.0,91000.0,9.0,,,,phongvu,2026-09-21
phongvu_250638602,716683,250638602,Bàn phím cơ không dây E-Dra EK375W (Trắng),E-Dra,keyboard,899000.0,990000.0,91000.0,9.0,,,,phongvu,2026-09-21
phongvu_250640736,719831,250640736,"Bàn phím cơ có dây Gaming Newmen GM328, Black, red switch, NEW VI",Newmen,keyboard,569000.0,695000.0,126000.0,18.0,,,,phongvu,2026-09-21
phongvu_250646093,725250,250646093,Bàn Phím Cơ Gaming 3 Mode AULA S100 PRO  (Xanh dương+trắng+tím/ Red switch),Aula,keyboard,749000.0,869000.0,120000.0,14.0,,,,phongvu,2026-09-21
phongvu_250646095,725250,250646095,Bàn Phím Cơ Gaming 3 Mode AULA S100 PRO  (Xanh dương+trắng+tím đậm/ Brown switch),Aula,keyboard,749000.0,869000.0,120000.0,14.0,,,,phongvu,2026-09-21
phongvu_250646096,725252,250646096,Bàn Phím Cơ DAREU EK75 (Full white/Dream switch),Dareu,keyboard,649000.0,649000.0,0.0,0.0,,,,phongvu,2026-09-21
phongvu_250646156,725303,250646156,"Bàn phím cơ không dây E-DRA EK398W, Gray -White - Black",E-Dra,keyboard,899000.0,1190000.0,291000.0,24.0,,,,phongvu,2026-09-21
phongvu_250646158,725303,250646158,"Bàn phím cơ không dây E-DRA EK398W, Black-White-Green",E-Dra,keyboard,899000.0,1190000.0,291000.0,24.0,,,,phongvu,2026-09-21
phongvu_250714105,753269,250714105,"Bàn phím không dây AULA - F99, màu Comic (Grey Wood Switch)",Aula,keyboard,1545000.0,1859000.0,314000.0,17.0,,,,phongvu,2026-09-21
phongvu_250714106,666215,250714106,"Bàn phím không dây AULA - F75, màu Comic (Reaper Switch)",Aula,keyboard,1249000.0,1519000.0,270000.0,18.0,,,,phongvu,2026-09-21
phongvu_250714108,753273,250714108,"Bàn phím không dây LEOBOG - AMG65, màu Pink+White+Blue (Jadeite Switch)",Leobog,keyboard,2089000.0,2499000.0,410000.0,16.0,,,,phongvu,2026-09-21
phongvu_250714109,753273,250714109,"Bàn phím không dây LEOBOG - AMG65, màu White (Light feather Switch)",Leobog,keyboard,2089000.0,2469000.0,380000.0,15.0,,,,phongvu,2026-09-21
phongvu_250714110,753274,250714110,"Bàn phím không dây LEOBOG - HI75C pro, màu Grey Black Gradient (Reaper Switch)",Leobog,keyboard,1649000.0,1739000.0,90000.0,5.0,,,,phongvu,2026-09-21
phongvu_250714111,753270,250714111,Bàn phím cơ có dây AULA HERO68HE,Leobog,keyboard,1099000.0,1139000.0,40000.0,4.0,,,,phongvu,2026-09-21
phongvu_250714112,596358,250714112,"Bàn phím không dây LEOBOG - HI86, màu Black+Pink (Nimbus switch)",Leobog,keyboard,2089000.0,2419000.0,330000.0,14.0,,,,phongvu,2026-09-21
phongvu_250714113,753276,250714113,"Bàn phím không dây AULA - F99 pro, màu Comic (Star vector Switch)",Aula,keyboard,1699000.0,1999000.0,300000.0,15.0,,,,phongvu,2026-09-21
phongvu_250714114,753274,250714114,"Bàn phím không dây LEOBOG - HI75C pro, màu Dark Green+White+Green (Ice Vein Switch)",Leobog,keyboard,1649000.0,1739000.0,90000.0,5.0,,,,phongvu,2026-09-21
phongvu_250714115,753273,250714115,"Bàn phím không dây LEOBOG - AMG65, màu Black+Purple (Light feather switch)",Leobog,keyboard,2089000.0,2469000.0,380000.0,15.0,,,,phongvu,2026-09-21
phongvu_250716118,797258,250716118,Bàn phím không dây HyperWork SilentKey PK.HPW.TS01.WHT (Trắng),Hyper Work,keyboard,685000.0,790000.0,105000.0,13.0,,,,phongvu,2026-09-21
phongvu_250716137,755351,250716137,"Bàn phím không dây HyperWork SilentKey Mini, Đen (HPW-TS01M-BLK)",Hyper Work,keyboard,739000.0,790000.0,51000.0,6.0,,,,phongvu,2026-09-21
phongvu_250716144,755351,250716144,"Bàn phím không dây HyperWork SilentKey Mini, Xanh (HPW-TS01M-BLE)",Hyper Work,keyboard,739000.0,790000.0,51000.0,6.0,,,,phongvu,2026-09-21
phongvu_250719876,759356,250719876,"Bàn phím cơ Gaming có dây AULA S2022, Đen",Aula,keyboard,429000.0,449000.0,20000.0,4.0,,,,phongvu,2026-09-21
phongvu_250719881,759360,250719881,"Bàn phím cơ Gaming có dây AULA F2058, Đen (Red Switch)",Aula,keyboard,649000.0,690000.0,41000.0,6.0,,,,phongvu,2026-09-21
phongvu_250719885,759365,250719885,"Bàn Phím Cơ Gaming Không Dây ATK VXE V75X, Obsidian Switch (Đen )",ATK,keyboard,889000.0,899000.0,10000.0,1.0,,,,phongvu,2026-09-21
phongvu_250804294,766907,250804294,Bàn phím Logitech K120 - Đã sử dụng,Logitech,keyboard,80000.0,165000.0,85000.0,52.0,,,,phongvu,2026-09-21
phongvu_250804295,766908,250804295,Bàn phím Fuhlen L411 (Đen) - Đã sử dụng,Fuhlen,keyboard,89500.0,199000.0,109500.0,55.0,,,,phongvu,2026-09-21
phongvu_250804615,767228,250804615,Bàn phím Fuhlen L411 (Đen) - Đã sử dụng,Fuhlen,keyboard,89500.0,199000.0,109500.0,55.0,,,,phongvu,2026-09-21
phongvu_250807890,770799,250807890,Bàn phím cơ gaming Razer BlackWidow V4 75% Phantom Green Edition,Razer,keyboard,4449000.0,5390000.0,941000.0,17.0,,,,phongvu,2026-09-21
phongvu_250807895,770805,250807895,Bàn phím có dây AULA AK105,Aula,keyboard,149000.0,169000.0,20000.0,12.0,,,,phongvu,2026-09-21
phongvu_250808336,771517,250808336,Bàn phím cơ Gaming có dây AULA HERO84HE (Trắng + hồng gradient/ Dragon King magnetic switch/ Rapid trigger),Aula,keyboard,1389000.0,1389000.0,0.0,0.0,,,,phongvu,2026-09-21
phongvu_250808337,771517,250808337,Bàn phím cơ Gaming có dây AULA HERO84HE (Tím + trắng/ Black King magnetic switch/ Rapid trigger),Aula,keyboard,1279000.0,1279000.0,0.0,0.0,,,,phongvu,2026-09-21
phongvu_250808338,771517,250808338,Bàn phím cơ Gaming có dây AULA HERO84HE (Trắng contour/ Black King magnetic switch/ Rapid trigger),Aula,keyboard,1349000.0,1349000.0,0.0,0.0,,,,phongvu,2026-09-21
phongvu_250808773,771990,250808773,Bàn phím cơ không dây AKKO 5108B Plus Hatsune Miku (Xanh),Akko,keyboard,2189000.0,2499000.0,310000.0,12.0,,,,phongvu,2026-09-21
phongvu_250808780,771990,250808780,Bàn phím cơ không dây AKKO 5108B Plus Hatsune Miku (Xanh),Akko,keyboard,2189000.0,2499000.0,310000.0,12.0,,,,phongvu,2026-09-21
phongvu_250809128,772394,250809128,Bàn phím cơ không dây AKKO 5108B Plus World Tour Viet Nam V3 Pro (Đỏ),Akko,keyboard,1699000.0,2190000.0,491000.0,22.0,,,,phongvu,2026-09-21
phongvu_250900527,773096,250900527,Bàn phím cơ Gaming Logitech G515 TKL 920-012912 (Đen),Logitech,keyboard,2140000.0,2999000.0,859000.0,29.0,,,,phongvu,2026-09-21
phongvu_250904048,776743,250904048,Bàn phím cơ Gaming DAREU EK75 White-black _Dream switch - Demo,Dareu,keyboard,399000.0,699000.0,300000.0,43.0,,,,phongvu,2026-09-21
phongvu_250904233,776929,250904233,Bàn phím Fuhlen L411 (Đen) - Đã sử dụng,Fuhlen,keyboard,149000.0,199000.0,50000.0,25.0,,,,phongvu,2026-09-21
phongvu_250906255,778968,250906255,Bàn phím cơ Gaming AULA S98 Pro S9812 (Xanh dương + Trắng + Tím đậm),Aula,keyboard,1949000.0,1949000.0,0.0,0.0,,,,phongvu,2026-09-21
phongvu_250906261,778974,250906261,Bàn phím cơ Gaming AULA S98 Pro S9813 (Hồng gradient),Aula,keyboard,2089000.0,2089000.0,0.0,0.0,,,,phongvu,2026-09-21
phongvu_250906283,778997,250906283,Bàn phím cơ Gaming AULA S98 Pro S9811 (Xám + Đen gradient),Aula,keyboard,1999000.0,1999000.0,0.0,0.0,,,,phongvu,2026-09-21
phongvu_250911672,784528,250911672,Bàn phím Gaming Razer Joro Portable RZ03-02360100-R3M1 (Đen),Razer,keyboard,2980000.0,3590000.0,610000.0,17.0,,,,phongvu,2026-09-21
phongvu_250911686,784552,250911686,Bàn phím không dây Keychron B6 Pro Ultra-Slim B6P-K2 (White),Keychron,keyboard,789000.0,1090000.0,301000.0,28.0,,,,phongvu,2026-09-21
phongvu_250911696,784552,250911696,Bàn phím Không dây Keychron B6 Pro Ultra-Slim B6P-K9 (Deep Black),Keychron,keyboard,789000.0,1090000.0,301000.0,28.0,,,,phongvu,2026-09-21
phongvu_251005739,755351,251005739,Bàn phím không dây HyperWork SilentKey Mini PK.HPW.TS01M.WHT (Trắng),Hyper Work,keyboard,749000.0,790000.0,41000.0,5.0,,,,phongvu,2026-09-21
phongvu_251005760,792511,251005760,Bàn phím cơ Gaming không dây ASUS M703 ROG FALCATA 90MP043H-BKUA20 (Đen),Asus,keyboard,6990000.0,8090000.0,1100000.0,14.0,,,,phongvu,2026-09-21
phongvu_251005762,792513,251005762,Bàn phím cơ Gaming có dây ASUS M605 ROG FALCHION ACE HFX 90MP03VE-BKUA20 (Đen),Asus,keyboard,4290000.0,5190000.0,900000.0,17.0,,,,phongvu,2026-09-21
phongvu_251005773,792526,251005773,Bàn phím cơ Gaming không dây ASUS M704 ROG AZOTH X 90MP044G-BKUA30 (Storm Switch) (Trắng),Asus,keyboard,5990000.0,7900000.0,1910000.0,24.0,,,,phongvu,2026-09-21
phongvu_251005775,792526,251005775,Bàn phím cơ Gaming không dây ASUS M704 ROG AZOTH X 90MP044F-BKUA30 (Snow Switch) (Trắng),Asus,keyboard,5990000.0,7900000.0,1910000.0,24.0,,,,phongvu,2026-09-21
phongvu_251011302,799440,251011302,Bàn phím cơ Gaming có dây Razer Huntsman V3 Pro Tenkeyless RZ03-04980100-R3M1 (Đen),Razer,keyboard,5690000.0,5690000.0,0.0,0.0,,,,phongvu,2026-09-21
phongvu_251011303,799444,251011303,Bàn phím cơ Gaming Razer BlackWidow V4 75% - Phantom White Edition (RZ03-05003500-R3M1),Razer,keyboard,4350000.0,5390000.0,1040000.0,19.0,,,,phongvu,2026-09-21
phongvu_251011307,799447,251011307,Bàn phím cơ Gaming có dây Razer Ornata V3 RZ03-04460100-R3M1 (Đen),Razer,keyboard,1590000.0,1590000.0,0.0,0.0,,,,phongvu,2026-09-21
phongvu_251011308,799448,251011308,Bàn phím cơ Gaming không dây Razer BlackWidow V4 Tenkeyless HyperSpeed RZ03-05480100-R3M1 (Đen),Razer,keyboard,3990000.0,3990000.0,0.0,0.0,,,,phongvu,2026-09-21
phongvu_251012459,800640,251012459,Bàn phím cơ Logitech Alto Keys K98M 920-013584 (Đen Graphite),Logitech,keyboard,2249000.0,2790000.0,541000.0,19.0,,,,phongvu,2026-09-21
phongvu_251012476,800656,251012476,Bàn phím cơ Gaming AULA F75 Max 3 Mode (Xám + Đen Gradient Contour) Reaper switch,Aula,keyboard,1499000.0,1899000.0,400000.0,21.0,,,,phongvu,2026-09-21
phongvu_251012481,800656,251012481,Bàn phím cơ Gaming AULA F75 Max 3 Mode (Xanh + trắng + tím) Reaper switch,Aula,keyboard,1399000.0,1699000.0,300000.0,18.0,,,,phongvu,2026-09-21
phongvu_251014071,802307,251014071,Bàn phím cơ Gaming không dây AULA S75 Pro (Xám + Đen Gradient),Aula,keyboard,1390000.0,2299000.0,909000.0,40.0,,,,phongvu,2026-09-21
phongvu_251014073,802307,251014073,Bàn phím cơ Gaming không dây AULA S75 Pro (Hồng Gradient),Aula,keyboard,1390000.0,2399000.0,1009000.0,42.0,,,,phongvu,2026-09-21
phongvu_251017422,807305,251017422,Bàn phím không dây Logitech Signature Slim Solar+ K980 920-013765 (Graphite - Than chì),Logitech,keyboard,2370000.0,3999000.0,1629000.0,41.0,,,,phongvu,2026-09-21
phongvu_251100567,811331,251100567,Bàn phím Fuhlen L411 (Đen) - Đã sử dụng,Fuhlen,keyboard,139000.0,199000.0,60000.0,30.0,,,,phongvu,2026-09-21
phongvu_251103304,814010,251103304,Bàn phím cơ Gaming có dây Razer Huntsman V3 Pro Tenkeyless - CS2 Counter-Strike 2 Edition RZ03-04982100-R3M1,Razer,keyboard,5450000.0,10990000.0,5540000.0,50.0,,,,phongvu,2026-09-21
phongvu_251107186,818343,251107186,"Bàn phím cơ Gaming có dây Newmen GM328 Plus, Blue Switch (Apricot-Black-Blue)",Newmen,keyboard,990000.0,1490000.0,500000.0,34.0,,,,phongvu,2026-09-21
phongvu_251107192,818353,251107192,Bàn phím cơ Gaming có dây ASUS TUF K3 Gen II Hatsune Miku Edition,Asus,keyboard,2780000.0,4190000.0,1410000.0,34.0,,,,phongvu,2026-09-21
phongvu_251111625,822720,251111625,Bàn phím cơ Gaming DAREU EK75 PRO Cloudy Aqua (Đen Xám),Dareu,keyboard,699000.0,1490000.0,791000.0,53.0,,,,phongvu,2026-09-21
phongvu_251113496,824654,251113496,Bàn phím cơ Gaming có dây AULA AG60 PRO (Xám),Aula,keyboard,3390000.0,5590000.0,2200000.0,39.0,,,,phongvu,2026-09-21
phongvu_251202921,828556,251202921,Bàn phím cơ Gaming không dây DareU EK75 Pro AL (White-Blue),Dareu,keyboard,1499000.0,2290000.0,791000.0,35.0,,,,phongvu,2026-09-21
phongvu_251202928,828556,251202928,Bàn phím cơ Gaming không dây DareU EK75 Pro AL (Black-Red),Dareu,keyboard,1499000.0,2290000.0,791000.0,35.0,,,,phongvu,2026-09-21
phongvu_251202929,828557,251202929,Bàn phím cơ Gaming không dây Keychron Black Myth Wukong – Deluxe Edition WKD-21 (Đen),Keychron,keyboard,5990000.0,7990000.0,2000000.0,25.0,,,,phongvu,2026-09-21
phongvu_251207548,833432,251207548,Bàn phím cơ Gaming không dây Machenike KG98  (White Blue),Machenike,keyboard,1339000.0,1999000.0,660000.0,33.0,,,,phongvu,2026-09-21
phongvu_251207554,833433,251207554,Bàn phím cơ Gaming không dây AULA F87 PRO V2 (2667),Aula,keyboard,1899000.0,2490000.0,591000.0,24.0,,,,phongvu,2026-09-21
phongvu_251207561,833432,251207561,Bàn phím cơ Gaming không dây Machenike KG98 (Black Green),Machenike,keyboard,1339000.0,1999000.0,660000.0,33.0,,,,phongvu,2026-09-21
phongvu_251211472,837865,251211472,Bàn phím cơ Gaming có dây AULA S2022 Pro (Xám),Aula,keyboard,449000.0,999000.0,550000.0,55.0,,,,phongvu,2026-09-21
phongvu_251211500,837865,251211500,Bàn phím cơ Gaming có dây AULA S2022 Pro (Đen),Aula,keyboard,449000.0,999000.0,550000.0,55.0,,,,phongvu,2026-09-21
phongvu_260102025,840868,260102025,Bàn phím cơ Gaming Không Dây MCHOSE x Unbox Therapy - UT98 HW-UT98-2 (Classic Therapy),Mchose,keyboard,1990000.0,3590000.0,1600000.0,45.0,,,,phongvu,2026-09-21
phongvu_260102032,840878,260102032,Bàn phím cơ Gaming Không Dây MCHOSE GX87 Lite GX87-A8 (Trắng - Nano Spraying),Mchose,keyboard,2190000.0,3190000.0,1000000.0,31.0,,,,phongvu,2026-09-21
phongvu_260102038,840878,260102038,Bàn phím cơ Gaming Không Dây MCHOSE GX87 Lite GX87-A9 (Xanh - Nano Spraying),Mchose,keyboard,2190000.0,3190000.0,1000000.0,31.0,,,,phongvu,2026-09-21
phongvu_260102045,840884,260102045,Bàn phím cơ Gaming Không Dây MCHOSE G75 Pro G75-9A (Xanh lá),Mchose,keyboard,1990000.0,1990000.0,0.0,0.0,,,,phongvu,2026-09-21
phongvu_260102051,840884,260102051,Bàn phím cơ Gaming Không Dây MCHOSE G75 Pro G75-4A (Xanh dương),Mchose,keyboard,990000.0,1690000.0,700000.0,41.0,,,,phongvu,2026-09-21
phongvu_260102058,840897,260102058,Bàn phím cơ Gaming Có Dây HE MCHOSE Mix87 MC-Mix87-5 (Rose Red),Mchose,keyboard,1690000.0,2790000.0,1100000.0,39.0,,,,phongvu,2026-09-21
phongvu_260102065,840905,260102065,Bàn phím cơ Gaming Có Dây HE MCHOSE Jet75 HW-Jet75-10 (Đen - Topographic),Mchose,keyboard,1690000.0,2590000.0,900000.0,35.0,,,,phongvu,2026-09-21
phongvu_260102073,840919,260102073,Bàn phím cơ Gaming Có Dây HE MCHOSE Ace68 Turbo MC-Ace68Turbo-9 (Cam - Galaxy),Mchose,keyboard,3190000.0,4990000.0,1800000.0,36.0,,,,phongvu,2026-09-21
phongvu_260102078,840919,260102078,Bàn phím cơ Gaming Có Dây HE MCHOSE Ace68 Turbo MC-Ace68Turbo-9 (Cam - Galaxy),Mchose,keyboard,3190000.0,4990000.0,1800000.0,36.0,,,,phongvu,2026-09-21
phongvu_260102087,840927,260102087,Bàn phím cơ Gaming Có Dây HE MCHOSE Ace68 MC-Ace68-33 (Đen - Topographic),Mchose,keyboard,1580000.0,2590000.0,1010000.0,39.0,,,,phongvu,2026-09-21
phongvu_260102092,840868,260102092,Bàn phím cơ Gaming Không Dây MCHOSE x Unbox Therapy - UT98 HW-UT98-4 (Retro Therapy),Mchose,keyboard,1990000.0,3590000.0,1600000.0,45.0,,,,phongvu,2026-09-21
phongvu_260105213,844023,260105213,Bàn phím Fuhlen L411 (Đen) - Đã sử dụng,Fuhlen,keyboard,170000.0,199000.0,29000.0,15.0,,,,phongvu,2026-09-21
phongvu_260105346,844156,260105346,Bàn phím Fuhlen L411 (Đen) - Đã sử dụng,Fuhlen,keyboard,160000.0,199000.0,39000.0,20.0,,,,phongvu,2026-09-21
phongvu_260105472,844282,260105472,Bàn phím Fuhlen L411 (Đen) - Đã sử dụng,Fuhlen,keyboard,160000.0,199000.0,39000.0,20.0,,,,phongvu,2026-09-21
phongvu_260105703,844512,260105703,Bàn phím không dây Targus EcoSmart Solar AKB868AP (Đen),Targus,keyboard,849000.0,1990000.0,1141000.0,57.0,,,,phongvu,2026-09-21
phongvu_260105709,844521,260105709,Bàn phím không dây Targus Antimicrobial AKB869AP (Đen),Targus,keyboard,439000.0,699000.0,260000.0,37.0,,,,phongvu,2026-09-21
phongvu_260200460,848787,260200460,Bàn phím cơ Gaming có dây ASUS ROG Strix Scope II X NXSM Storm Switch V2 90MP03XG-BKUA20 (Đen),Asus,keyboard,2890000.0,5290000.0,2400000.0,45.0,,,,phongvu,2026-09-21
phongvu_260200465,848787,260200465,Bàn phím cơ Gaming có dây ASUS ROG Strix Scope II X NXSW Snow Switch V2 90MP03XF-BKUA20 (Đen),Asus,keyboard,2999000.0,5290000.0,2291000.0,43.0,,,,phongvu,2026-09-21
phongvu_260201489,849887,260201489,Bàn phím cơ Gaming có dây Corsair K70 PRO TKL CH-911921G-NA (Trắng),Corsair,keyboard,4180000.0,6990000.0,2810000.0,40.0,,,,phongvu,2026-09-21
phongvu_260201492,849845,260201492,Bàn phím Gaming có dây Corsair K55 CORE CH-9226C65-NA (Đen),Corsair,keyboard,975000.0,1590000.0,615000.0,39.0,,,,phongvu,2026-09-21
phongvu_260201493,849848,260201493,Bàn phím cơ Gaming có dây Corsair VANGUARD PRO 96 MGX Hyperdrive CH-91E911G-NA (Đen),Corsair,keyboard,5380000.0,8990000.0,3610000.0,40.0,,,,phongvu,2026-09-21
phongvu_260201498,849853,260201498,Bàn phím Gaming có dây Corsair K55 CORE TKL CH-9216065-NA (Đen),Corsair,keyboard,950000.0,1490000.0,540000.0,36.0,,,,phongvu,2026-09-21
phongvu_260201500,849852,260201500,Bàn phím cơ Gaming không dây Corsair K100 AIR CH-913A01U-NA (Đen),Corsair,keyboard,6999000.0,10990000.0,3991000.0,36.0,,,,phongvu,2026-09-21
phongvu_260201504,849858,260201504,Bàn phím cơ Gaming có dây Corsair K70 MAX CH-910961G-NA (Đen),Corsair,keyboard,5880000.0,9990000.0,4110000.0,41.0,,,,phongvu,2026-09-21
phongvu_260201505,849866,260201505,Bàn phím cơ Gaming không dây Corsair K65 CSR CH-91D401L-NA (Xám - Midnight Grey),Corsair,keyboard,4199000.0,6790000.0,2591000.0,38.0,,,,phongvu,2026-09-21
phongvu_260201508,849862,260201508,Bàn phím cơ Gaming có dây Corsair MAKR PRO 75 MGX v2 CH-91CE21G-NA2 (Đen),Corsair,keyboard,6499000.0,9990000.0,3491000.0,35.0,,,,phongvu,2026-09-21
phongvu_260201511,849865,260201511,Bàn phím cơ Gaming có dây Corsair VANGUARD 96 MLX Plasma CH-91E901E-NA (Đen),Corsair,keyboard,3600000.0,6690000.0,3090000.0,46.0,,,,phongvu,2026-09-21
phongvu_260201512,850059,260201512,Bàn phím cơ Gaming không dây Corsair K65 PLUS CH-91D441F-NA (Đen - Tactile),Corsair,keyboard,4499000.0,6990000.0,2491000.0,36.0,,,,phongvu,2026-09-21
phongvu_260201514,849869,260201514,Bàn phím cơ Gaming có dây Corsair GALLEON 100 SD MLX PULSE CH-912A31I-NA (Đen),Corsair,keyboard,8000000.0,13990000.0,5990000.0,43.0,,,,phongvu,2026-09-21
phongvu_260201518,849865,260201518,Bàn phím cơ Gaming có dây Corsair VANGUARD 96 MLX Fusion CH-91E901F-NA (Đen),Corsair,keyboard,3600000.0,6690000.0,3090000.0,46.0,,,,phongvu,2026-09-21
phongvu_260201519,849873,260201519,Bàn phím cơ Gaming có dây Corsair K70 CORE TKL CH-911911E-NA (Đen),Corsair,keyboard,2180000.0,3590000.0,1410000.0,39.0,,,,phongvu,2026-09-21
phongvu_260201526,849865,260201526,Bàn phím cơ Gaming có dây Corsair VANGUARD 96 MLX Quantum CH-91E901H-NA (Đen),Corsair,keyboard,3600000.0,6690000.0,3090000.0,46.0,,,,phongvu,2026-09-21
phongvu_260201527,849880,260201527,Bàn phím cơ Gaming không dây Corsair K70 CORE TKL CH-914901E-NA (Đen),Corsair,keyboard,3750000.0,5990000.0,2240000.0,37.0,,,,phongvu,2026-09-21
phongvu_260201532,849884,260201532,Bàn phím cơ Gaming có dây Corsair VANGUARD 96 MLX Pulse CH-91E921I-NA (Trắng đen- Dual Tone),Corsair,keyboard,3850000.0,6990000.0,3140000.0,45.0,,,,phongvu,2026-09-21
phongvu_260201533,849887,260201533,Bàn phím cơ Gaming có dây Corsair K70 PRO TKL CH-911921G-NA (Trắng),Corsair,keyboard,3999000.0,6990000.0,2991000.0,43.0,,,,phongvu,2026-09-21
phongvu_260202537,850893,260202537,Bàn phím cơ Gaming không dây AULA L99 (Xám đậm + Trắng + Xanh dương),Aula,keyboard,2599000.0,3990000.0,1391000.0,35.0,,,,phongvu,2026-09-21
phongvu_260202540,850898,260202540,Bàn phím cơ Gaming có dây Rapoo GK500 (Đen),Rapoo,keyboard,499000.0,699000.0,200000.0,29.0,,,,phongvu,2026-09-21
phongvu_260300912,853597,260300912,Bàn phím Gaming có dây Newmen GM328 Pro Red switch (White-grey),Newmen,keyboard,1290000.0,1290000.0,0.0,0.0,,,,phongvu,2026-09-21
phongvu_260300931,853597,260300931,Bàn phím Gaming có dây Newmen GM328 Pro Red switch (White-purple),Newmen,keyboard,1290000.0,1290000.0,0.0,0.0,,,,phongvu,2026-09-21
phongvu_260301633,854326,260301633,Bàn phím cơ Gaming không dây MCHOSE K99 V2 Icy Creamsicle Switch MC-K99V2-3 (Horizon Orange),Mchose,keyboard,1990000.0,3190000.0,1200000.0,38.0,,,,phongvu,2026-09-21
phongvu_260301646,854338,260301646,Bàn phím cơ Gaming không dây MCHOSE G75 Pro Matcha Latte Switch G75-12A (Arctic Snow),Mchose,keyboard,1249000.0,1990000.0,741000.0,37.0,,,,phongvu,2026-09-21
phongvu_260301653,854338,260301653,Bàn phím cơ Gaming không dây MCHOSE G75 Pro Matcha Latte Switch G75-13A (Black ),Mchose,keyboard,1249000.0,1990000.0,741000.0,37.0,,,,phongvu,2026-09-21
phongvu_260301659,854350,260301659,Bàn phím cơ Gaming HE MCHOSE Ace 68 Turbo Mount Tai Magnetic Switch GT MC-Ace68Turbo-6 (Nova White),Mchose,keyboard,3190000.0,4990000.0,1800000.0,36.0,,,,phongvu,2026-09-21
phongvu_260301665,854357,260301665,Bàn phím cơ Gaming HE MCHOSE Ace 68 TTC Dragon Lord Magetic Switch MC-Ace68-32 (White Topographic),Mchose,keyboard,1580000.0,2590000.0,1010000.0,39.0,,,,phongvu,2026-09-21
phongvu_260301672,854370,260301672,Bàn phím cơ Gaming HE MCHOSE Ace 68 Air Mount Tai Magnetic Switch MC-Ace68Air-9 (Snow White),Mchose,keyboard,2390000.0,2390000.0,0.0,0.0,,,,phongvu,2026-09-21
phongvu_260301679,854370,260301679,Bàn phím cơ Gaming HE MCHOSE Ace 68 Air Mount Tai Magnetic Switch MC-Ace68Air-11 (Rose Red),Mchose,keyboard,2390000.0,2390000.0,0.0,0.0,,,,phongvu,2026-09-21
phongvu_260304418,857434,260304418,Bàn phím cơ không dây AKKO 5075 V3 Gradient Akko Frost Pink Switch (Xám Đen),Akko,keyboard,1690000.0,1690000.0,0.0,0.0,,,,phongvu,2026-09-21
phongvu_260304420,857421,260304420,Bàn phím cơ không dây AKKO 3108 RF V3 Yier and Bubu Frost Pink Switch (Vàng),Akko,keyboard,1790000.0,1790000.0,0.0,0.0,,,,phongvu,2026-09-21
phongvu_260304426,857434,260304426,Bàn phím cơ không dây AKKO 5075 V3 Gradient Akko Frost Pink Switch (Trắng Hồng),Akko,keyboard,1690000.0,1690000.0,0.0,0.0,,,,phongvu,2026-09-21
phongvu_260304429,857428,260304429,Bàn phím cơ có dây AKKO 3108 V3 Yier and Bubu Frost Pink Switch (Hồng),Akko,keyboard,1690000.0,1690000.0,0.0,0.0,,,,phongvu,2026-09-21
phongvu_260304434,857434,260304434,Bàn phím cơ không dây AKKO 5075 V3 Gradient Akko Frost Pink Switch (Trắng Tím),Akko,keyboard,1690000.0,1690000.0,0.0,0.0,,,,phongvu,2026-09-21
phongvu_260304435,857448,260304435,Bàn phím cơ không dây AKKO 5075 V3 Black&Gold Akko Piano Switch (Đen Vàng),Akko,keyboard,1890000.0,1890000.0,0.0,0.0,,,,phongvu,2026-09-21
phongvu_260304436,857421,260304436,Bàn phím cơ không dây AKKO 3108 RF V3 Prunus Lannesiana - Frost Pink Switch (Trắng Hồng),Akko,keyboard,849000.0,1390000.0,541000.0,39.0,,,,phongvu,2026-09-21
phongvu_260304440,857421,260304440,Bàn phím cơ không dây AKKO 3108 RF V3 Glacier - Frost Pink Switch (Trắng Xanh),Akko,keyboard,890000.0,1390000.0,500000.0,36.0,,,,phongvu,2026-09-21
phongvu_260304441,857448,260304441,Bàn phím cơ không dây AKKO 5075 V3 Prunus Lannesiana Akko Piano Switch (Trắng Hồng),Akko,keyboard,1890000.0,1890000.0,0.0,0.0,,,,phongvu,2026-09-21
phongvu_260304446,857448,260304446,Bàn phím cơ không dây AKKO 5075 V3 IceFlow Akko Piano Switch (Trắng Xanh),Akko,keyboard,1890000.0,1890000.0,0.0,0.0,,,,phongvu,2026-09-21
phongvu_260304448,857421,260304448,Bàn phím cơ không dây AKKO 3108 RF V3 Black&Gold - Frost Pink Switch (Đen Vàng),Akko,keyboard,890000.0,1390000.0,500000.0,36.0,,,,phongvu,2026-09-21
phongvu_260400554,860362,260400554,Bàn phím cơ Gaming có dây E-Dra EK375v2 Alpha (Đen Xanh),E-Dra,keyboard,429000.0,690000.0,261000.0,38.0,,,,phongvu,2026-09-21
phongvu_260400556,860335,260400556,"Bàn phím cơ Gaming không dây E-Dra EK398S, Red Switch (Đen Trắng)",E-Dra,keyboard,729000.0,1190000.0,461000.0,39.0,,,,phongvu,2026-09-21
phongvu_260400561,860341,260400561,"Bàn phím cơ Gaming không dây E-Dra EK375S, Red Switch (Đen Trắng)",E-Dra,keyboard,599000.0,990000.0,391000.0,39.0,,,,phongvu,2026-09-21
phongvu_260400566,860349,260400566,"Bàn phím cơ Gaming có dây E-Dra EK368HE, Magnetic Switch (Đen Vàng)",E-Dra,keyboard,799000.0,1290000.0,491000.0,38.0,,,,phongvu,2026-09-21
phongvu_260400569,860352,260400569,Bàn phím cơ Gaming không dây E-Dra EK368S (Đen Trắng),E-Dra,keyboard,549000.0,890000.0,341000.0,38.0,,,,phongvu,2026-09-21
phongvu_260400574,860362,260400574,Bàn phím cơ Gaming có dây E-Dra EK375v2 Alpha (Đen Xanh),E-Dra,keyboard,429000.0,690000.0,261000.0,38.0,,,,phongvu,2026-09-21
phongvu_260402858,862666,260402858,"Bàn phím Gaming có dây ATK Hex80, Owlab Ti Magnetic Switch (Spark)",ATK,keyboard,7990000.0,7990000.0,0.0,0.0,,,,phongvu,2026-09-21
phongvu_260402865,862679,260402865,"Bàn phím Gaming có dây MadLions MAD 68 HE V2 Flagship, Magneto Gaming Switch (Đen)",MadLions,keyboard,1490000.0,1490000.0,0.0,0.0,,,,phongvu,2026-09-21
phongvu_260402871,862679,260402871,"Bàn phím Gaming có dây MadLions MAD 68 HE V2 Flagship, Magneto Gaming Switch (Trắng - Side Print)",MadLions,keyboard,1490000.0,1490000.0,0.0,0.0,,,,phongvu,2026-09-21
phongvu_260402878,862685,260402878,"Bàn phím Gaming có dây MadLions MAD 68 HE RGB, Magnetic Amber Pro Switch (Đen)",MadLions,keyboard,1290000.0,1290000.0,0.0,0.0,,,,phongvu,2026-09-21
phongvu_260402889,862710,260402889,Bàn phím Gaming có dây ATK RS6 Air HE 8K (Zenith Switch/ Đen),ATK,keyboard,2790000.0,2790000.0,0.0,0.0,,,,phongvu,2026-09-21
phongvu_260402896,862710,260402896,Bàn phím Gaming có dây ATK RS6 Air HE 8K (Zenith Switch/ Trắng),ATK,keyboard,2790000.0,2790000.0,0.0,0.0,,,,phongvu,2026-09-21
phongvu_260402903,862710,260402903,Bàn phím Gaming có dây ATK RS6 Air HE 8K (Zenith Switch/ Hồng),ATK,keyboard,2790000.0,2790000.0,0.0,0.0,,,,phongvu,2026-09-21
phongvu_260402909,862730,260402909,Bàn phím Gaming có dây ATK RS7 Air HE 8K (BrightBlade Switch/ Đen),ATK,keyboard,2990000.0,2990000.0,0.0,0.0,,,,phongvu,2026-09-21
phongvu_260402916,862730,260402916,Bàn phím Gaming có dây ATK RS7 Air HE 8K (BrightBlade Switch/ Trắng),ATK,keyboard,2990000.0,2990000.0,0.0,0.0,,,,phongvu,2026-09-21
phongvu_260402923,862730,260402923,Bàn phím Gaming có dây ATK RS7 Air HE 8K (Iceblade Switch/ Hồng),ATK,keyboard,2990000.0,2990000.0,0.0,0.0,,,,phongvu,2026-09-21
phongvu_260402931,862730,260402931,Bàn phím Gaming có dây ATK RS7 Air HE 8K (Iceblade Switch/ Cam),ATK,keyboard,2990000.0,2990000.0,0.0,0.0,,,,phongvu,2026-09-21
phongvu_260402937,862730,260402937,Bàn phím Gaming có dây ATK RS7 Air HE 8K (Iceblade Switch/ Lake Green),ATK,keyboard,2990000.0,2990000.0,0.0,0.0,,,,phongvu,2026-09-21
phongvu_260402944,862666,260402944,"Bàn phím Gaming có dây ATK Hex80, Owlab Ti Magnetic Switch (Sandgold)",ATK,keyboard,7990000.0,7990000.0,0.0,0.0,,,,phongvu,2026-09-21
phongvu_260402950,862666,260402950,"Bàn phím Gaming có dây ATK Hex80, Owlab Ti Magnetic Switch (Grey)",ATK,keyboard,7990000.0,7990000.0,0.0,0.0,,,,phongvu,2026-09-21
phongvu_260501476,869636,260501476,Bàn phím Gaming có dây Rapoo V50S-98 (Đen),Rapoo,keyboard,285000.0,499000.0,214000.0,43.0,,,,phongvu,2026-09-21
phongvu_260503903,872090,260503903,Bàn phím không dây HyperWork HyperOne Gen 3 HPW-KB1-G3-BLK (Đen),Hyper Work,keyboard,699000.0,1090000.0,391000.0,36.0,,,,phongvu,2026-09-21
phongvu_260503948,872134,260503948,"Bàn phím cơ Gaming có dây Newmen GM328 Plus, Purple Switch (Black-Apricot-Blue)",Newmen,keyboard,999000.0,1590000.0,591000.0,37.0,,,,phongvu,2026-09-21
phongvu_260508559,876965,260508559,Bàn phím cơ Gaming có dây Logitech G512 X 75 TKL TMR 8K Tactile switch 920-013962 (Trắng),Logitech,keyboard,4890000.0,6299000.0,1409000.0,22.0,,,,phongvu,2026-09-21
phongvu_260508565,876971,260508565,Bàn phím cơ Gaming có dây Logitech G512 X 98 TKL TMR 8K Tactile switch 920-013988 (Đen),Logitech,keyboard,5390000.0,6999000.0,1609000.0,23.0,,,,phongvu,2026-09-21
phongvu_260508572,876971,260508572,Bàn phím cơ Gaming có dây Logitech G512 X 98 TKL TMR 8K Tactile switch 920-014010 (Trắng),Logitech,keyboard,5390000.0,6999000.0,1609000.0,23.0,,,,phongvu,2026-09-21
phongvu_260508591,876965,260508591,Bàn phím cơ Gaming có dây Logitech G512 X 75 TKL TMR 8K Tactile switch 920-013942 (Đen),Logitech,keyboard,4890000.0,6299000.0,1409000.0,22.0,,,,phongvu,2026-09-21
phongvu_260602174,879810,260602174,Bàn Phím Cơ Gaming Không Dây ATK V75K Anya switch (Silver),ATK,keyboard,2390000.0,2390000.0,0.0,0.0,,,,phongvu,2026-09-21
phongvu_260602233,879810,260602233,Bàn Phím Cơ Gaming Không Dây ATK V75X Anya switch (Blackberry),ATK,keyboard,2390000.0,2390000.0,0.0,0.0,,,,phongvu,2026-09-21
phongvu_260602604,880225,260602604,Bàn phím vi tính không dây Razer Pro Type Ergo (RZ03-05440100-R3M1) (Đen),Razer,keyboard,3990000.0,4990000.0,1000000.0,20.0,,,,phongvu,2026-09-21
phongvu_260603134,880761,260603134,Bàn Phím Giả Cơ Gaming MSI FORGE GK110 US Membrane (S11-04US2E1-HH9) (Đen),Msi,keyboard,399000.0,599000.0,200000.0,33.0,,,,phongvu,2026-09-21
phongvu_260603142,880768,260603142,Bàn Phím Cơ Gaming MSI FORGE GK320 US Mechanical - Red Switch (S11-04US2F1-HH9) (Đen),Msi,keyboard,899000.0,1490000.0,591000.0,40.0,,,,phongvu,2026-09-21
phongvu_260700036,881523,260700036,Bàn phím Gaming không dây Logitech G915 X TKL Lightspeed Clicky switch 920-012758 (Đen),Logitech,keyboard,5990000.0,5990000.0,0.0,0.0,,,,phongvu,2026-09-21
phongvu_260700037,881523,260700037,Bàn phím Gaming không dây Logitech G915 X TKL Lightspeed Linear switch 920-012748 (Đen),Logitech,keyboard,5990000.0,5990000.0,0.0,0.0,,,,phongvu,2026-09-21
phongvu_260701742,883328,260701742,Bàn phím không dây HyperWork HyperOne Gen 3 Plus HPW-KB1-G3.PLUS-WHT (Trắng),Hyper Work,keyboard,950000.0,1290000.0,340000.0,26.0,,,,phongvu,2026-09-21
phongvu_260701766,883322,260701766,Bàn phím cơ Gaming có dây Sony Inzone KBD-G900/BC E Magnetic switch (Đen),Sony,keyboard,8990000.0,9990000.0,1000000.0,10.0,,,,phongvu,2026-09-21
phongvu_260701771,883328,260701771,Bàn phím không dây HyperWork HyperOne Gen 3 Plus HPW-KB1-G3.PLUS-BLK (Đen),Hyper Work,keyboard,950000.0,1290000.0,340000.0,26.0,,,,phongvu,2026-09-21
phongvu_260703465,885309,260703465,Bàn phím cơ Gaming có dây Logitech G316 X 98 Tactile 8K 920-014207 (Đen),Logitech,keyboard,1990000.0,3290000.0,1300000.0,40.0,,,,phongvu,2026-09-21
phongvu_260703471,885309,260703471,Bàn phím cơ Gaming có dây Logitech G316 X 98 Tactile 8K 920-014234 (Trắng),Logitech,keyboard,1990000.0,3290000.0,1300000.0,40.0,,,,phongvu,2026-09-21
phongvu_260704559,886577,260704559,"Bàn phím cơ Gaming không dây AULA F108 Pro V2, X3 switch (Xám đen Gradient)",Aula,keyboard,1649000.0,2690000.0,1041000.0,39.0,,,,phongvu,2026-09-21
phongvu_260704560,886579,260704560,Bàn phím cơ Gaming không dây DAREU Flex 75 Pegasus Switch (Đen xám),Dareu,keyboard,699000.0,1290000.0,591000.0,46.0,,,,phongvu,2026-09-21
phongvu_260704562,886576,260704562,"Bàn phím cơ Gaming có dây AULA F75, Pink switch (Xanh dương + Trắng + Tím đậm)",Aula,keyboard,849000.0,1390000.0,541000.0,39.0,,,,phongvu,2026-09-21
phongvu_260704566,886579,260704566,Bàn phím cơ Gaming không dây DAREU Flex 75 Pegasus Switch (Trắng đen),Dareu,keyboard,699000.0,1290000.0,591000.0,46.0,,,,phongvu,2026-09-21
phongvu_260704567,886594,260704567,"Bàn phím cơ Gaming không dây AULA F75 HE, Dragon Magnetic switch (Xám + Trắng + Đen)",Aula,keyboard,1449000.0,2190000.0,741000.0,34.0,,,,phongvu,2026-09-21
phongvu_260704568,886586,260704568,"Bàn phím cơ Gaming không dây AULA F75,  Outemu Silent Peach V3 switch (Trắng + Xanh dương Gradient)",Aula,keyboard,1449000.0,2290000.0,841000.0,37.0,,,,phongvu,2026-09-21
phongvu_260704572,886586,260704572,"Bàn phím cơ Gaming không dây AULA F75, Barbie switch (Nâu be)",Aula,keyboard,1299000.0,1990000.0,691000.0,35.0,,,,phongvu,2026-09-21
phongvu_260704574,886594,260704574,"Bàn phím cơ Gaming không dây AULA F75 HE, Black King Magnetic switch (Đen contour)",Aula,keyboard,1499000.0,2290000.0,791000.0,35.0,,,,phongvu,2026-09-21
phongvu_260704578,886577,260704578,"Bàn phím cơ Gaming không dây AULA F108 Pro V2, Seascape switch (Đen xám)",Aula,keyboard,1849000.0,2990000.0,1141000.0,38.0,,,,phongvu,2026-09-21
phongvu_260704579,886576,260704579,"Bàn phím cơ Gaming có dây AULA F75, Blue switch (Đen)",Aula,keyboard,729000.0,1290000.0,561000.0,43.0,,,,phongvu,2026-09-21
phongvu_260704580,886594,260704580,"Bàn phím cơ Gaming không dây AULA F75 HE, Black King Magnetic switch (Trắng contour)",Aula,keyboard,1399000.0,1990000.0,591000.0,30.0,,,,phongvu,2026-09-21
phongvu_260704584,886577,260704584,"Bàn phím cơ Gaming không dây AULA F108 Pro V2, Panda switch (Xanh than + Be + Nâu)",Aula,keyboard,1699000.0,2790000.0,1091000.0,39.0,,,,phongvu,2026-09-21
phongvu_260704586,886576,260704586,"Bàn phím cơ Gaming có dây AULA F75, Blue switch (Trắng)",Aula,keyboard,729000.0,1290000.0,561000.0,43.0,,,,phongvu,2026-09-21
phongvu_260704588,886586,260704588,"Bàn phím cơ Gaming không dây AULA F75, Graywood V3 switch (Đen tím)",Aula,keyboard,1399000.0,1990000.0,591000.0,30.0,,,,phongvu,2026-09-21
phongvu_260704590,886577,260704590,"Bàn phím cơ Gaming không dây AULA F108 Pro V2, Strawberry Mint switch (Hồng)",Aula,keyboard,1649000.0,2690000.0,1041000.0,39.0,,,,phongvu,2026-09-21
phongvu_260704592,886607,260704592,"Bàn phím cơ Gaming không dây AULA S100 Pro, Red switch (Đen + Xám + Cam)",Aula,keyboard,729000.0,1290000.0,561000.0,43.0,,,,phongvu,2026-09-21
phongvu_260704594,886576,260704594,"Bàn phím cơ Gaming có dây AULA F75, Pink switch (Đen + Xanh đậm + Cam)",Aula,keyboard,849000.0,1390000.0,541000.0,39.0,,,,phongvu,2026-09-21
phongvu_260705968,888152,260705968,"Bàn phím cơ Gaming không dây ASUS ROG AZOTH Extreme Edition 20 M709, NX Snow switch 90MP04VF-BKUA20 (Đen)",Asus,keyboard,19990000.0,19990000.0,0.0,0.0,,,,phongvu,2026-09-21
phongvu_260705975,888152,260705975,"Bàn phím cơ Gaming không dây ASUS ROG AZOTH Extreme Edition 20 M709, NX Storm switch 90MP04VG-BKUA20 (Đen)",Asus,keyboard,19990000.0,19990000.0,0.0,0.0,,,,phongvu,2026-09-21
phongvu_260705982,888172,260705982,Bàn phím cơ Gaming có dây Corsair Clipper Pro Mini 60 CH-979101J-NA (Đen),Corsair,keyboard,2750000.0,3990000.0,1240000.0,31.0,,,,phongvu,2026-09-21
phongvu_260705989,888172,260705989,Bàn phím cơ Gaming có dây Corsair Clipper Pro Mini 60 CH-979111J-NA (Trắng),Corsair,keyboard,2750000.0,3990000.0,1240000.0,31.0,,,,phongvu,2026-09-21
phongvu_260705996,888179,260705996,Bàn phím cơ Gaming không dây Corsair K65 Plus Atomic Purple CH-91D421E-NA (Tím),Corsair,keyboard,4390000.0,4990000.0,600000.0,12.0,,,,phongvu,2026-09-21
phongvu_260706004,888187,260706004,Bàn phím cơ Gaming không dây Corsair VANGUARD 96 CH-91F901E-NA (Đen),Corsair,keyboard,4690000.0,5990000.0,1300000.0,22.0,,,,phongvu,2026-09-21
phongvu_260706013,888201,260706013,Bàn phím cơ Gaming không dây Corsair VANGUARD AIR 99 CH-91HA01B-NA (Đen),Corsair,keyboard,6550000.0,6990000.0,440000.0,6.0,,,,phongvu,2026-09-21
phongvu_260706019,888201,260706019,Bàn phím cơ Gaming không dây Corsair VANGUARD AIR 99 CH-91H901B-NA (Trắng),Corsair,keyboard,6550000.0,6990000.0,440000.0,6.0,,,,phongvu,2026-09-21
phongvu_260801467,890620,260801467,Bàn phím cơ Gaming có dây ATK RS6 Air HE 8K Iceblade Switch (Đen),ATK,keyboard,1690000.0,2590000.0,900000.0,35.0,,,,phongvu,2026-09-21
phongvu_260801471,890620,260801471,Bàn phím cơ Gaming có dây ATK RS6 Air HE 8K Iceblade Switch (Hồng),ATK,keyboard,1690000.0,2590000.0,900000.0,35.0,,,,phongvu,2026-09-21
phongvu_260801479,890620,260801479,Bàn phím cơ Gaming có dây ATK RS6 Air HE 8K Iceblade Switch (Trắng),ATK,keyboard,1690000.0,2590000.0,900000.0,35.0,,,,phongvu,2026-09-21
phongvu_260801487,890620,260801487,Bàn phím cơ Gaming có dây ATK RS6 Air HE 8K Iceblade Switch (Lake Green),ATK,keyboard,1690000.0,2590000.0,900000.0,35.0,,,,phongvu,2026-09-21
phongvu_260801491,890629,260801491,"Bàn phím cơ Gaming không dây ASUS ROG STRIX MORPH 96, NX V2 Mechanical Switches (Đen)",Asus,keyboard,3990000.0,5590000.0,1600000.0,29.0,,,,phongvu,2026-09-21
phongvu_260801497,890649,260801497,Bàn phím cơ Gaming có dây ASUS ROG FALCHION ACE 75HE M705 V2/US (90MP047H-BKUA20/ Đen),Asus,keyboard,5490000.0,6990000.0,1500000.0,21.0,,,,phongvu,2026-09-21
phongvu_260801503,890649,260801503,Bàn phím cơ Gaming có dây ASUS ROG FALCHION ACE 75HE M705 V2/US (90MP047H-BKUA60/ Đỏ),Asus,keyboard,5490000.0,6990000.0,1500000.0,21.0,,,,phongvu,2026-09-21
phongvu_260801510,890649,260801510,Bàn phím cơ Gaming có dây ASUS ROG FALCHION ACE 75HE M705 V2/US (90MP047H-BKUA30/ Trắng),Asus,keyboard,5490000.0,6990000.0,1500000.0,21.0,,,,phongvu,2026-09-21
phongvu_260801541,890687,260801541,Bàn phím cơ Gaming không dây Razer BlackWidow V4 Tenkeyless HyperSpeed - Wuthering Waves Edition (RZ03-05481200-R3M1/ Đen),Razer,keyboard,5500000.0,6990000.0,1490000.0,21.0,,,,phongvu,2026-09-21
phongvu_260801555,890705,260801555,Bàn phím cơ Gaming có dây ATK RS7 Air HE 8K Iceblade Switch (Trắng),ATK,keyboard,1690000.0,2590000.0,900000.0,35.0,,,,phongvu,2026-09-21
phongvu_260801556,890705,260801556,Bàn phím cơ Gaming có dây ATK RS7 Air HE 8K Iceblade Switch (Đen),ATK,keyboard,1690000.0,2590000.0,900000.0,35.0,,,,phongvu,2026-09-21
phongvu_260803512,892714,260803512,Bàn phím cơ Gaming không dây AULA NOVA75 (Dream Sakura Switch/ Đen),Aula,keyboard,1899000.0,2990000.0,1091000.0,36.0,,,,phongvu,2026-09-21
phongvu_260803519,892714,260803519,Bàn phím cơ Gaming không dây AULA NOVA75 (Dream Sakura Switch/ Xám+trắng+đỏ),Aula,keyboard,1849000.0,2990000.0,1141000.0,38.0,,,,phongvu,2026-09-21
phongvu_260803537,892748,260803537,"Bàn phím cơ Gaming không dây AULA HERO75 HE, Stormrise magnetic switch (Đen)",Aula,keyboard,1890000.0,2990000.0,1100000.0,37.0,,,,phongvu,2026-09-21
phongvu_260803538,892736,260803538,"Bàn phím cơ Gaming không dây Keychron V5 Ultra, Red Switch (V5U-D1/ Đen)",Keychron,keyboard,2950000.0,3990000.0,1040000.0,26.0,,,,phongvu,2026-09-21
phongvu_260803544,892748,260803544,"Bàn phím cơ Gaming không dây AULA HERO75 HE, Spiritcloud magnetic switch (Cam Trắng)",Aula,keyboard,1890000.0,2990000.0,1100000.0,37.0,,,,phongvu,2026-09-21
phongvu_260803545,892742,260803545,"Bàn phím cơ Gaming có dây Keychron V6, Red Switch (V6W-D1/ Đen)",Keychron,keyboard,2150000.0,2990000.0,840000.0,28.0,,,,phongvu,2026-09-21
phongvu_260803549,892748,260803549,"Bàn phím cơ Gaming không dây AULA HERO75 HE, Mistclound magnetic switch (Hồng)",Aula,keyboard,1890000.0,2990000.0,1100000.0,37.0,,,,phongvu,2026-09-21
phongvu_260803550,892755,260803550,"Bàn phím cơ Gaming không dây Keychron K2 HE Special Edition, Nebula Switch (K2H-F1/ Đen)",Keychron,keyboard,2950000.0,4590000.0,1640000.0,36.0,,,,phongvu,2026-09-21
phongvu_260803556,892761,260803556,"Bàn phím cơ Gaming không dây AULA F75, Milk White switch (Xám Trắng)",Aula,keyboard,1149000.0,1990000.0,841000.0,42.0,,,,phongvu,2026-09-21
phongvu_260803557,892755,260803557,"Bàn phím cơ Gaming không dây Keychron K2 HE Special Edition, Nebula Switch (K2H-Q1/ Trắng)",Keychron,keyboard,2950000.0,4590000.0,1640000.0,36.0,,,,phongvu,2026-09-21
phongvu_260803563,892761,260803563,"Bàn phím cơ Gaming không dây AULA F75, Milk White switch (Đen Xám)",Aula,keyboard,1149000.0,1990000.0,841000.0,42.0,,,,phongvu,2026-09-21
phongvu_260803564,892762,260803564,"Bàn phím cơ Gaming không dây Keychron K3 Ultra, Red Switch - (K3U-H1/ Đen)",Keychron,keyboard,2850000.0,4290000.0,1440000.0,34.0,,,,phongvu,2026-09-21
phongvu_260803569,892768,260803569,"Bàn phím cơ Gaming có dây AULA S2022, Brown switch (Đen)",Aula,keyboard,449000.0,899000.0,450000.0,50.0,,,,phongvu,2026-09-21
phongvu_260803570,892769,260803570,Bàn phím không dây Keychron B33 Silent (B33-K9/ Deep Black),Keychron,keyboard,899000.0,1290000.0,391000.0,30.0,,,,phongvu,2026-09-21
phongvu_260803576,892774,260803576,"Bàn phím cơ Gaming không dây AULA L99, Raindrop switch (Đen + xám + vàng)",Aula,keyboard,2490000.0,3990000.0,1500000.0,38.0,,,,phongvu,2026-09-21
phongvu_260803577,892775,260803577,"Bàn phím cơ Gaming không dây Keychron K10 Ultra, Red Switch (K10U-H1/ Đen)",Keychron,keyboard,3250000.0,4490000.0,1240000.0,28.0,,,,phongvu,2026-09-21
phongvu_260803583,892781,260803583,"Bàn phím cơ Gaming có dây AULA AG75 Pro, Ice Core Magnetic Switch (Xám)",Aula,keyboard,5490000.0,6990000.0,1500000.0,21.0,,,,phongvu,2026-09-21
phongvu_260805896,895198,260805896,Bàn phím cơ Gaming không dây AULA NOVA75 (Star Vector switch/ Xám trắng),Aula,keyboard,1599000.0,2990000.0,1391000.0,47.0,,,,phongvu,2026-09-21
phongvu_260805905,895222,260805905,Bàn phím cơ Gaming không dây AULA H108 Silent (Silent Cotton Candy Switch/ Đen+trắng+tím),Aula,keyboard,1599000.0,1999000.0,400000.0,20.0,,,,phongvu,2026-09-21
phongvu_260805913,895222,260805913,Bàn phím cơ Gaming không dây AULA H108 Silent (Silent Cotton Candy Switch/ Trắng đen),Aula,keyboard,1599000.0,1999000.0,400000.0,20.0,,,,phongvu,2026-09-21
phongvu_260805919,895222,260805919,Bàn phím cơ Gaming không dây AULA H108 Silent (Silent Cotton Candy Switch/ Vàng tím),Aula,keyboard,1599000.0,1999000.0,400000.0,20.0,,,,phongvu,2026-09-21
phongvu_260901678,897069,260901678,Bàn phím Inphic V580 (Đen),Inphic,keyboard,229000.0,229000.0,0.0,0.0,,,,phongvu,2026-09-21
phongvu_260901686,897076,260901686,Bàn phím giả cơ Gaming Inphic K2 Metal (Xám),Inphic,keyboard,490000.0,490000.0,0.0,0.0,,,,phongvu,2026-09-21
phongvu_260901693,897090,260901693,Bàn phím giả cơ Gaming Inphic V98 (Đen),Inphic,keyboard,590000.0,590000.0,0.0,0.0,,,,phongvu,2026-09-21
phongvu_260901700,897090,260901700,Bàn phím giả cơ Gaming Inphic V98 (Trắng),Inphic,keyboard,590000.0,590000.0,0.0,0.0,,,,phongvu,2026-09-21
phongvu_260901708,897098,260901708,Bàn phím cơ Gaming không dây Inphic K87 (Trắng),Inphic,keyboard,1990000.0,1990000.0,0.0,0.0,,,,phongvu,2026-09-21
phongvu_260901715,897120,260901715,Bàn phím cơ Gaming không dây Inphic K87 Pro (Đen),Inphic,keyboard,2990000.0,2990000.0,0.0,0.0,,,,phongvu,2026-09-21
phongvu_260901722,897120,260901722,Bàn phím cơ Gaming không dây Inphic K87 Pro (Trắng),Inphic,keyboard,2990000.0,2990000.0,0.0,0.0,,,,phongvu,2026-09-21
phongvu_260901729,897120,260901729,Bàn phím cơ Gaming không dây Inphic K87 Pro (Tím),Inphic,keyboard,2990000.0,2990000.0,0.0,0.0,,,,phongvu,2026-09-21
