hotel_id,hotel_code,name,star_rating,review_score,review_count,min_price_vnd,max_price_vnd,deal_price_vnd,address,latitude,longitude,description,facilities,location_tags,hotel_url,source,crawl_date,check_in,check_out
777976,mercure-dalat-resort,Khu nghỉ dưỡng Grand Mercure Đà Lạt (Mercure Đà Lạt cũ),5.0,9.7,207,2881440,2881440,1599000,"03 Nguyễn Du, Phường 9",11.94503479,108.45929871,Hồ bơi nước ấm; Phong cách Châu Âu; Miễn phí trẻ em,Hồ bơi nước ấm; Phong cách Châu Âu; Miễn phí trẻ em,Trung tâm TP Đà Lạt,https://www.ivivu.com/khach-san-da-lat/mercure-dalat-resort,iVIVU,2026-09-20,2026-09-23,2026-09-24
1061824,khach-san-best-western-premier-imperial-da-lat,Khách sạn Best Western Premier Imperial Đà Lạt,5.0,9.6,58,1598000,1598000,3299000,"57 - 59 Hùng Vương, Phường Lâm Viên",11.95044566,108.46821123,Thiết kế Indochine; Tất cả phòng có máy lạnh,Thiết kế Indochine; Tất cả phòng có máy lạnh,Trung tâm TP Đà Lạt,https://www.ivivu.com/khach-san-da-lat/khach-san-best-western-premier-imperial-da-lat,iVIVU,2026-09-20,2026-09-23,2026-09-24
897417,khach-san-merperle-da-lat,Khách sạn MerPerle Đà Lạt,5.0,9.8,444,1694000,1694000,3499000,"1 Đ.Hùng Vương, Phường 10",11.9411183,108.458303,Hồ bơi nước ấm; Hầm gửi xe lớn và có sạc điện,Hồ bơi nước ấm; Hầm gửi xe lớn và có sạc điện,Trung tâm TP Đà Lạt,https://www.ivivu.com/khach-san-da-lat/khach-san-merperle-da-lat,iVIVU,2026-09-20,2026-09-23,2026-09-24
577263,hotel-colline-da-lat,Khách sạn Colline Đà Lạt,4.0,9.5,787,1529000,1529000,3599000,"10 Phan Bội Châu, Phường 1",11.94436403,108.43798685,Căn hộ 2 & 3 phòng ngủ; Phòng Penthouse,Căn hộ 2 & 3 phòng ngủ; Phòng Penthouse,Chợ Đà Lạt,https://www.ivivu.com/khach-san-da-lat/hotel-colline-da-lat,iVIVU,2026-09-20,2026-09-23,2026-09-24
377336,swiss-belresort-tuyen-lam-da-lat,Swiss-Belresort Tuyền Lâm - Đà Lạt,4.0,9.4,921,1221607,1221607,2799000,"Phân khu chức năng 7.8, KDL Hồ Tuyền Lâm",11.88256077,108.45184777,Xe đón tiễn trung tâm; Nằm giữa thung lũng,Xe đón tiễn trung tâm; Nằm giữa thung lũng,Hồ Tuyền Lâm,https://www.ivivu.com/khach-san-da-lat/swiss-belresort-tuyen-lam-da-lat,iVIVU,2026-09-20,2026-09-23,2026-09-24
1157747,khach-san-m-village-premier-xuan-huong-lakeside,Khách sạn M Village Premier Xuân Hương Lakeside,0.0,10.0,6,940500,940500,1499000,"19 Lê Đại Hành, phường Xuân Hương",11.938672206386968,108.4381184018523,Cách Chợ Đà Lạt 400m; Dịch vụ tự giặt ủi,Cách Chợ Đà Lạt 400m; Dịch vụ tự giặt ủi,Chợ Đà Lạt,https://www.ivivu.com/khach-san-da-lat/khach-san-m-village-premier-xuan-huong-lakeside,iVIVU,2026-09-20,2026-09-23,2026-09-24
1157653,signature-by-m-village-the-central-da-lat,Signature by M Village The Central Đà Lạt,0.0,10.0,3,1248987,1248987,699000,11 Phan Như Thạch,11.9411316,108.4354988,Cách chợ ĐL 500m; Tắm onsen; Dịch vụ tự giặt ủi,Cách chợ ĐL 500m; Tắm onsen; Dịch vụ tự giặt ủi,Chợ Đà Lạt,https://www.ivivu.com/khach-san-da-lat/signature-by-m-village-the-central-da-lat,iVIVU,2026-09-20,2026-09-23,2026-09-24
12024,dalat-edensee-lake-resort-spa-12024,Khu nghỉ dưỡng Đà Lạt Edensee Lake Resort & Spa,5.0,9.3,366,1284425,1284425,3199000,Khu 2 Hồ Tuyền Lâm,11.88739957,108.42365039,Villa riêng yên tĩnh; Mini zoo; Trà chiều mỗi ngày,Villa riêng yên tĩnh; Mini zoo; Trà chiều mỗi ngày,Hồ Tuyền Lâm,https://www.ivivu.com/khach-san-da-lat/dalat-edensee-lake-resort-spa-12024,iVIVU,2026-09-20,2026-09-23,2026-09-24
577139,khach-san-nesta-valley-dalat,Khách sạn Nesta Valley Dalat (Golf Valley Đà Lạt cũ),4.0,9.5,601,1441494,1441494,2099000,"94 Bùi Thị Xuân, Phường 2",11.94739634,108.44050668,Cách chợ Đà Lạt 1km; Có máy lạnh,Cách chợ Đà Lạt 1km; Có máy lạnh,Trung tâm TP Đà Lạt,https://www.ivivu.com/khach-san-da-lat/khach-san-nesta-valley-dalat,iVIVU,2026-09-20,2026-09-23,2026-09-24
561954,khu-nghi-duong-da-lat-wonder,Khu nghỉ dưỡng Đà Lạt Wonder,5.0,9.1,531,1210000,1210000,2899000,"Số 19, đường Hoa Hồng, KDL Hồ Tuyền Lâm",11.89596,108.415754,Hồ bơi vô cực; Khu vui chơi Wonderland; Villa 4-11 phòng ngủ,Hồ bơi vô cực; Khu vui chơi Wonderland; Villa 4-11 phòng ngủ,Hồ Tuyền Lâm,https://www.ivivu.com/khach-san-da-lat/khu-nghi-duong-da-lat-wonder,iVIVU,2026-09-20,2026-09-23,2026-09-24
960015,khach-san-golden-sun-da-lat,Khách sạn Golden Sun Đà Lạt,5.0,9.9,69,1998000,1998000,2599000,"Số 1 Bà Huyện Thanh Quan , Phường 10",11.938007,108.44629,Ngay Quảng trường Lâm Viên; Hồ bơi nước ấm trong nhà,Ngay Quảng trường Lâm Viên; Hồ bơi nước ấm trong nhà,Trung tâm TP Đà Lạt,https://www.ivivu.com/khach-san-da-lat/khach-san-golden-sun-da-lat,iVIVU,2026-09-20,2026-09-23,2026-09-24
1157617,haven-in-the-pines-resort-da-lat,Haven In The Pines Resort Đà Lạt,0.0,10.0,7,1408000,1408000,,"Nhánh trái đường, Hoa Phượng Tím, Phường Xuân Hương, Đà Lạt",11.881239,108.4187383,100% phòng cửa kính sát đất view đẹp; Có máy lạnh; Mới khai trương,100% phòng cửa kính sát đất view đẹp; Có máy lạnh; Mới khai trương,Hồ Tuyền Lâm,https://www.ivivu.com/khach-san-da-lat/haven-in-the-pines-resort-da-lat,iVIVU,2026-09-20,2026-09-23,2026-09-24
11573,khach-san-da-lat-palace-heritage,Khách sạn Đà Lạt Palace Heritage,5.0,9.2,75,2549157,2549157,,02 Đường Trần Phú,11.93728746,108.44045198,View hướng trực diện hồ Xuân Hương; Kiến trúc Pháp cổ,View hướng trực diện hồ Xuân Hương; Kiến trúc Pháp cổ,Trung tâm TP Đà Lạt,https://www.ivivu.com/khach-san-da-lat/khach-san-da-lat-palace-heritage,iVIVU,2026-09-20,2026-09-23,2026-09-24
376915,khu-nghi-duong-terracotta-da-lat,Khu nghỉ dưỡng Terracotta Đà Lạt,4.0,9.4,1396,1348032,1348032,,"Phân khu chức năng 7.9, KDL Hồ Tuyền Lâm",11.89478,108.4381,Villa 4-5 phòng ngủ; View rừng thông & hồ,Villa 4-5 phòng ngủ; View rừng thông & hồ,Hồ Tuyền Lâm,https://www.ivivu.com/khach-san-da-lat/khu-nghi-duong-terracotta-da-lat,iVIVU,2026-09-20,2026-09-23,2026-09-24
376689,khach-san-western-hill-dalat,Khách sạn The Western Hill Đà Lạt,4.0,9.2,80,918949,918949,,"135 - 145 Phan Đình Phùng, Tp. Đà Lạt",11.945337,108.434724,Cách khu Hoà Bình 750m,Cách khu Hoà Bình 750m,Trung tâm TP Đà Lạt,https://www.ivivu.com/khach-san-da-lat/khach-san-western-hill-dalat,iVIVU,2026-09-20,2026-09-23,2026-09-24
577196,khach-san-new-life-da-lat,Khách sạn New Life Đà Lạt,3.0,9.6,128,495000,495000,,"6 Đống Đa, Phường 3",11.925875,108.445272,Gần bến xe liên tỉnh; Thiết kế hiện đại,Gần bến xe liên tỉnh; Thiết kế hiện đại,Trung tâm TP Đà Lạt,https://www.ivivu.com/khach-san-da-lat/khach-san-new-life-da-lat,iVIVU,2026-09-20,2026-09-23,2026-09-24
577293,khach-san-sandals-lily-da-lat,Khách sạn Sandals LiLy Đà Lạt,4.0,9.5,101,905300,905300,,"12 Tăng Bạt Hổ, Phường 1",11.9440089,108.4354398,Cách chợ ĐL 300m; Nhiều điểm ăn uống xung quanh,Cách chợ ĐL 300m; Nhiều điểm ăn uống xung quanh,Trung tâm TP Đà Lạt,https://www.ivivu.com/khach-san-da-lat/khach-san-sandals-lily-da-lat,iVIVU,2026-09-20,2026-09-23,2026-09-24
1061795,khach-san-sandals-mimosa-da-lat,Khách sạn Sandals Mimosa Đà Lạt,5.0,0.0,0,1229342,1229342,,"122 Phan Đình Phùng, Phường Xuân Hương - Đà Lạt",11.9462828,108.4324597,Cách chợ ĐL 800m; Bãi đỗ xe ô tô miễn phí,Cách chợ ĐL 800m; Bãi đỗ xe ô tô miễn phí,Chợ Đà Lạt,https://www.ivivu.com/khach-san-da-lat/khach-san-sandals-mimosa-da-lat,iVIVU,2026-09-20,2026-09-23,2026-09-24
1157709,khach-san-hotel-fantaisie-da-lat,Khách sạn Hôtel Fantaisie Đà Lạt,0.0,0.0,0,1933200,1933200,,"Tổ 85 An Sơn 1, Phường Xuân Hương – Đà Lạt",11.926287,108.4288681,Thiết kế độc đáo; Tắm khoáng nóng,Thiết kế độc đáo; Tắm khoáng nóng,Trung tâm TP Đà Lạt,https://www.ivivu.com/khach-san-da-lat/khach-san-hotel-fantaisie-da-lat,iVIVU,2026-09-20,2026-09-23,2026-09-24
12385,ana-mandara-villas-da-lat-resort-spa,Khu nghỉ dưỡng Ana Mandara Villas Dalat Resort and Spa,5.0,9.4,284,2455509,2455509,,"Lê Lai, P.5",11.944034,108.423573,Hồ bơi nước ấm ngoài trời; Trà chiều mỗi ngày; Biệt thự Pháp cổ,Hồ bơi nước ấm ngoài trời; Trà chiều mỗi ngày; Biệt thự Pháp cổ,Trung tâm TP Đà Lạt,https://www.ivivu.com/khach-san-da-lat/ana-mandara-villas-da-lat-resort-spa,iVIVU,2026-09-20,2026-09-23,2026-09-24
577151,cereja-hotel-resort-da-lat,Cereja Hotel & Resort Đà Lạt,4.0,9.1,40,880000,880000,,"Khu Phân khu chức năng VII.7, Khu du lịch Hồ Tuyền Lâm",11.888693,108.434122,View thiên nhiên rừng nước,View thiên nhiên rừng nước,Hồ Tuyền Lâm,https://www.ivivu.com/khach-san-da-lat/cereja-hotel-resort-da-lat,iVIVU,2026-09-20,2026-09-23,2026-09-24
376857,khach-san-nice-dream-da-lat,Khách sạn Nice Dream Đà Lạt,3.0,9.2,56,735634,735634,,01 Nguyễn Thị Minh Khai,11.94178495,108.43707832,Khuôn viên đậu xe rộng; Nằm ngay lòng chợ Đà Lạt,Khuôn viên đậu xe rộng; Nằm ngay lòng chợ Đà Lạt,Chợ Đà Lạt,https://www.ivivu.com/khach-san-da-lat/khach-san-nice-dream-da-lat,iVIVU,2026-09-20,2026-09-23,2026-09-24
794479,khach-san-sandals-camellia-da-lat,Khách sạn Sandals Camellia Đà Lạt,4.0,8.9,9,810700,810700,,"83 Phan Đình Phùng, Phường 2",11.9439546,108.4315824,Cách chợ ĐL 450m; Phòng có máy lạnh,Cách chợ ĐL 450m; Phòng có máy lạnh,Trung tâm TP Đà Lạt,https://www.ivivu.com/khach-san-da-lat/khach-san-sandals-camellia-da-lat,iVIVU,2026-09-20,2026-09-23,2026-09-24
1157686,signature-by-m-village-the-valley-retreat-da-lat,Signature by M Village The Valley Retreat Đà Lạt,0.0,10.0,1,1395106,1395106,,"Hẻm 29, đường 3 tháng 4",11.9256762,108.4475048,Đối diện bến xe; Hướng thung lũng; Phòng tự giặt ủi,Đối diện bến xe; Hướng thung lũng; Phòng tự giặt ủi,Trung tâm TP Đà Lạt,https://www.ivivu.com/khach-san-da-lat/signature-by-m-village-the-valley-retreat-da-lat,iVIVU,2026-09-20,2026-09-23,2026-09-24
377904,khach-san-ladalat,Khách Sạn LADALAT,5.0,9.2,282,850000,850000,,"106 Mai Anh Đào, Phường 8",11.97765715,108.45093996,Hồ bơi nước ấm; Đối diện Thung Lũng Tình Yêu; Khu vui chơi trẻ em,Hồ bơi nước ấm; Đối diện Thung Lũng Tình Yêu; Khu vui chơi trẻ em,Trung tâm TP Đà Lạt,https://www.ivivu.com/khach-san-da-lat/khach-san-ladalat,iVIVU,2026-09-20,2026-09-23,2026-09-24
577736,khach-san-stillus-boutique-da-lat,Khách sạn Stillus Boutique Đà Lạt,3.0,9.7,87,548900,548900,,"107 Đường Triệu Việt Vương, Phường 3",11.92272548,108.43560562,Hồ bơi nước ấm; Phòng có máy lạnh,Hồ bơi nước ấm; Phòng có máy lạnh,Trung tâm TP Đà Lạt,https://www.ivivu.com/khach-san-da-lat/khach-san-stillus-boutique-da-lat,iVIVU,2026-09-20,2026-09-23,2026-09-24
12339,khach-san-ngoc-lan-da-lat,Khách sạn TTC - Ngọc Lan Đà Lạt,4.0,8.9,263,1047617,1047617,,"42 Nguyễn Chí Thanh, P.1",11.940822,108.436641,Đối diện chợ Đà Lạt; View trực diện hồ Xuân Hương,Đối diện chợ Đà Lạt; View trực diện hồ Xuân Hương,Chợ Đà Lạt,https://www.ivivu.com/khach-san-da-lat/khach-san-ngoc-lan-da-lat,iVIVU,2026-09-20,2026-09-23,2026-09-24
12557,khach-san-ngoc-phat-da-lat,Khách sạn Ngọc Phát Đà Lạt,3.0,9.1,207,776528,776528,,10 Hồ Tùng Mậu,11.9382108,108.4426734,Bãi đỗ xe miễn phí; Phòng view hồ Xuân Hương,Bãi đỗ xe miễn phí; Phòng view hồ Xuân Hương,Trung tâm TP Đà Lạt,https://www.ivivu.com/khach-san-da-lat/khach-san-ngoc-phat-da-lat,iVIVU,2026-09-20,2026-09-23,2026-09-24
577141,khach-san-len-da-lat,Khách sạn Len Đà Lạt,4.0,9.2,132,842335,842335,,"113 Bùi Thị Xuân, Phường 2",11.94716588,108.44044691,"Có máy lạnh, Cách chợ ĐL 1, 2km","Có máy lạnh, Cách chợ ĐL 1, 2km",Trung tâm TP Đà Lạt,https://www.ivivu.com/khach-san-da-lat/khach-san-len-da-lat,iVIVU,2026-09-20,2026-09-23,2026-09-24
577765,khach-san-marigold-da-lat,Khách sạn Marigold Đà Lạt,4.0,9.5,96,825000,825000,,"83 Bùi Thị Xuân, Phường 2",11.945884,108.43958,Tất cả phòng đều có máy lạnh,Tất cả phòng đều có máy lạnh,Trung tâm TP Đà Lạt,https://www.ivivu.com/khach-san-da-lat/khach-san-marigold-da-lat,iVIVU,2026-09-20,2026-09-23,2026-09-24
111207,tcc-hotel-premium-da-lat,Khách sạn TTC – Đà Lạt,4.0,9.3,72,953433,953433,,4 Nguyễn Thị Minh Khai,11.9432297,108.4374355,Nằm trong chợ Đà Lạt,Nằm trong chợ Đà Lạt,Chợ Đà Lạt,https://www.ivivu.com/khach-san-da-lat/tcc-hotel-premium-da-lat,iVIVU,2026-09-20,2026-09-23,2026-09-24
789867,khach-san-sandals-flora-da-lat,Khách sạn Sandals Flora Đà Lạt,3.0,9.8,16,960960,960960,,"40 Nguyễn Thị Minh Khai, Phường 1",11.9431089,108.4350162,Nằm trong chợ Đà Lạt,Nằm trong chợ Đà Lạt,Chợ Đà Lạt,https://www.ivivu.com/khach-san-da-lat/khach-san-sandals-flora-da-lat,iVIVU,2026-09-20,2026-09-23,2026-09-24
975757,brics-boutique-dalat,Khách sạn Brics Boutique Đà Lạt,4.0,10.0,3,759961,759961,,"64 Đường Phù Đổng Thiên Vương, Phường 8",11.959835,108.44274,Vị trí thuận tiện; View kính 180 độ,Vị trí thuận tiện; View kính 180 độ,Trung tâm TP Đà Lạt,https://www.ivivu.com/khach-san-da-lat/brics-boutique-dalat,iVIVU,2026-09-20,2026-09-23,2026-09-24
11714,khach-san-muong-thanh-da-lat,Khách sạn Mường Thanh Đà Lạt,4.0,8.8,496,1197158,1197158,,"42 Phan Bội Châu, P.1",11.943918,108.439774,Hồ bơi nước ấm trong nhà; Bãi đỗ xe miễn phí,Hồ bơi nước ấm trong nhà; Bãi đỗ xe miễn phí,Trung tâm TP Đà Lạt,https://www.ivivu.com/khach-san-da-lat/khach-san-muong-thanh-da-lat,iVIVU,2026-09-20,2026-09-23,2026-09-24
777972,le-recit-boutique-hotel-de-da-lat,Le Récit Boutique Hôtel De Đà Lạt,0.0,9.7,50,895695,895695,,"117 Bùi Thị Xuân, phường 2",11.947697,108.440152,Phong cách Boutique Pháp độc đáo; Có máy lạnh,Phong cách Boutique Pháp độc đáo; Có máy lạnh,Trung tâm TP Đà Lạt,https://www.ivivu.com/khach-san-da-lat/le-recit-boutique-hotel-de-da-lat,iVIVU,2026-09-20,2026-09-23,2026-09-24
897361,khach-san-goldient-da-lat,Khách sạn Goldient Boutique Đà Lạt,4.0,9.9,28,1132652,1132652,,"26 Tô Hiến Thành, phường 3",11.9283941,108.4433296,Hồ bơi nước ấm ngoài trời; Phong cách Đông Dương,Hồ bơi nước ấm ngoài trời; Phong cách Đông Dương,Trung tâm TP Đà Lạt,https://www.ivivu.com/khach-san-da-lat/khach-san-goldient-da-lat,iVIVU,2026-09-20,2026-09-23,2026-09-24
759721,lasol-boutique-hotel-dalat,Khách sạn Lasol Boutique Đà Lạt,3.0,9.8,82,664874,664874,,"15 Huỳnh Thúc Kháng, Phường 4",11.9351528,108.4289679,Phong cách boutique gần gũi thiên nhiên,Phong cách boutique gần gũi thiên nhiên,Trung tâm TP Đà Lạt,https://www.ivivu.com/khach-san-da-lat/lasol-boutique-hotel-dalat,iVIVU,2026-09-20,2026-09-23,2026-09-24
1157753,khach-san-olive-da-lat,Khách sạn Olive Đà Lạt,3.0,0.0,0,880000,880000,,"6B Đống Đa, Xuân Hương - Đà Lạt",11.9341286,108.4319954,Có máy lạnh,Có máy lạnh,Trung tâm TP Đà Lạt,https://www.ivivu.com/khach-san-da-lat/khach-san-olive-da-lat,iVIVU,2026-09-20,2026-09-23,2026-09-24
11832,khach-san-la-sapinette-da-lat,Khách sạn La Sapinette Đà Lạt,4.0,8.9,76,990000,990000,,1 Phan Chu Trinh,11.94914,108.463817,Bãi đậu xe ô tô lớn; Trang bị máy lạnh tất cả phòng; Sauna,Bãi đậu xe ô tô lớn; Trang bị máy lạnh tất cả phòng; Sauna,Trung tâm TP Đà Lạt,https://www.ivivu.com/khach-san-da-lat/khach-san-la-sapinette-da-lat,iVIVU,2026-09-20,2026-09-23,2026-09-24
333686,dalat-du-parc,Khách sạn Du Parc Đà Lạt,4.0,9.3,41,1045000,1045000,,15 Trần Phú,11.9366061,108.4369303,Kiến trúc Pháp; Cách nhà thờ Con Gà 2 phút đi bộ; Bãi đậu xe ô tô,Kiến trúc Pháp; Cách nhà thờ Con Gà 2 phút đi bộ; Bãi đậu xe ô tô,Trung tâm TP Đà Lạt,https://www.ivivu.com/khach-san-da-lat/dalat-du-parc,iVIVU,2026-09-20,2026-09-23,2026-09-24
777971,khu-du-lich-rung-la-kim-da-lat,Khu nghỉ dưỡng Rừng Lá Kim Đà Lạt,3.0,9.5,37,550000,550000,,"144B, Đường Vòng Lâm Viên",11.9782281,108.4591931,Resort trong phố; Villa riêng giữa rừng thông,Resort trong phố; Villa riêng giữa rừng thông,Trung tâm TP Đà Lạt,https://www.ivivu.com/khach-san-da-lat/khu-du-lich-rung-la-kim-da-lat,iVIVU,2026-09-20,2026-09-23,2026-09-24
1157789,khach-san-soluna-da-lat,Khách sạn Soluna Đà Lạt,3.0,0.0,0,650000,650000,,"14A Đường Đống Đa, Xuân Hương - Đà Lạt",11.92609353,108.44168629,Gần bến xe liên tỉnh; Thiết kế hiện đại,Gần bến xe liên tỉnh; Thiết kế hiện đại,Trung tâm TP Đà Lạt,https://www.ivivu.com/khach-san-da-lat/khach-san-soluna-da-lat,iVIVU,2026-09-20,2026-09-23,2026-09-24
377021,khach-san-iris-da-lat,Khách sạn Iris Đà Lạt,3.0,9.2,432,708625,708625,,"20 Phan Như Thạch, P.1",11.9408103,108.43369892,Cách chợ Đà Lạt 750m,Cách chợ Đà Lạt 750m,Chợ Đà Lạt,https://www.ivivu.com/khach-san-da-lat/khach-san-iris-da-lat,iVIVU,2026-09-20,2026-09-23,2026-09-24
561870,khach-san-roy-dala-da-lat,Khách sạn Roy Dala Đà Lạt,3.0,9.4,92,660000,660000,,"10A Nam Kỳ Khởi Nghĩa, phường 1",11.94062686,108.4356307,Cách chợ ĐL 500m; Có phòng gia đình,Cách chợ ĐL 500m; Có phòng gia đình,Chợ Đà Lạt,https://www.ivivu.com/khach-san-da-lat/khach-san-roy-dala-da-lat,iVIVU,2026-09-20,2026-09-23,2026-09-24
577222,khach-san-minh-chien-da-lat,Khách sạn Minh Chiến Đà Lạt,3.0,10.0,24,352180,352180,,"31 Thiện Mỹ, Phường 4",11.93756879,108.42589406,,,Trung tâm TP Đà Lạt,https://www.ivivu.com/khach-san-da-lat/khach-san-minh-chien-da-lat,iVIVU,2026-09-20,2026-09-23,2026-09-24
1055532,the-mist-boutique-dalat-hotel,Khách sạn The Mist Boutique DaLat,4.0,10.0,4,1222474,1222474,,"59 Đặng Thai Than, Phường 3",11.92909945,108.44862216,Phong cách Đông Dương; Bồn tắm view thung lũng,Phong cách Đông Dương; Bồn tắm view thung lũng,Trung tâm TP Đà Lạt,https://www.ivivu.com/khach-san-da-lat/the-mist-boutique-dalat-hotel,iVIVU,2026-09-20,2026-09-23,2026-09-24
377915,khach-san-du-lys-da-lat,Khách sạn Du Lys Đà Lạt,3.0,9.2,71,554040,554040,,"14 Nam Kỳ Khởi Nghĩa, Phường 1",11.9405417,108.434949,Tiện lợi,Tiện lợi,Trung tâm TP Đà Lạt,https://www.ivivu.com/khach-san-da-lat/khach-san-du-lys-da-lat,iVIVU,2026-09-20,2026-09-23,2026-09-24
897359,tea-resort-prenn,Tea Resort Prenn,5.0,10.0,1,1584835,1584835,,"Quốc lộ 20, Chân Đèo Prenn",11.8767268,108.4662715,Chân đèo Prenn; Khu du lịch sinh thái tâm linh; Hồ bơi tạo sóng,Chân đèo Prenn; Khu du lịch sinh thái tâm linh; Hồ bơi tạo sóng,,https://www.ivivu.com/khach-san-da-lat/tea-resort-prenn,iVIVU,2026-09-20,2026-09-23,2026-09-24
377361,lang-binh-an-ho-tuyen-lam-da-lat,"Làng Bình An, Hồ Tuyền Lâm Đà Lạt",0.0,9.5,33,2772000,2772000,,"Khu du lịch hồ Tuyền Lâm, phường 4",11.887425,108.418493,Nằm ven hồ; Villa 4 phòng ngủ; Yên tĩnh,Nằm ven hồ; Villa 4 phòng ngủ; Yên tĩnh,Hồ Tuyền Lâm,https://www.ivivu.com/khach-san-da-lat/lang-binh-an-ho-tuyen-lam-da-lat,iVIVU,2026-09-20,2026-09-23,2026-09-24
1157776,khach-san-nature-nguyen-thi-nghia-da-lat,Khách Sạn Nature Nguyễn Thị Nghĩa Đà Lạt,3.0,0.0,0,381761,381761,,"H16 H17, Nguyễn Thị Nghĩa",11.9490042,108.44074602,Phòng gia đình; Gần trung tâm,Phòng gia đình; Gần trung tâm,,https://www.ivivu.com/khach-san-da-lat/khach-san-nature-nguyen-thi-nghia-da-lat,iVIVU,2026-09-20,2026-09-23,2026-09-24
1157801,khach-san-nik-hillside-da-lat,Khách sạn NiK Hillside Đà Lạt,3.0,0.0,0,583000,583000,,"23/20 Đường Trần Phú, Phường Xuân Hương",11.9355738,108.4330025,Khách sạn mới; Phòng có máy lạnh,Khách sạn mới; Phòng có máy lạnh,Trung tâm TP Đà Lạt,https://www.ivivu.com/khach-san-da-lat/khach-san-nik-hillside-da-lat,iVIVU,2026-09-20,2026-09-23,2026-09-24
561831,dalat-de-charme-village,Dalat De Charme Village,3.0,9.1,51,793500,793500,,"94 Hoàng Hoa Thám, phường 10",11.93258718,108.46474221,Boutique kiểu Pháp; Villa 12 phòng,Boutique kiểu Pháp; Villa 12 phòng,,https://www.ivivu.com/khach-san-da-lat/dalat-de-charme-village,iVIVU,2026-09-20,2026-09-23,2026-09-24
959933,brick-house-dalat-hotel,Khách sạn Brick House Đà Lạt,3.0,10.0,13,756121,756121,,"Số 50 Pasteur, phường 4",11.9363551,108.4266504,,,Trung tâm TP Đà Lạt,https://www.ivivu.com/khach-san-da-lat/brick-house-dalat-hotel,iVIVU,2026-09-20,2026-09-23,2026-09-24
12161,khu-du-lich-doi-mong-mo-da-lat,Khu Nghỉ Dưỡng Đồi Mộng Mơ Đà Lạt,2.0,8.9,139,703236,703236,,"5 Mai Anh Đào, P.8",11.974088,108.440593,Gồm vé tham quan Thung lũng Tình Yêu; Bungalow riêng tư; Bãi đỗ xe miễn phí,Gồm vé tham quan Thung lũng Tình Yêu; Bungalow riêng tư; Bãi đỗ xe miễn phí,,https://www.ivivu.com/khach-san-da-lat/khu-du-lich-doi-mong-mo-da-lat,iVIVU,2026-09-20,2026-09-23,2026-09-24
379041,zen-valley-dalat,Khu Nghỉ Dưỡng Zen Valley Đà Lạt,3.0,9.6,62,2802432,2802432,,"38 Khe Sanh, Phường 10",11.92981064,108.4594452,Hồ bơi tràn viền view đồi; Phòng xông hơi,Hồ bơi tràn viền view đồi; Phòng xông hơi,Trung tâm TP Đà Lạt,https://www.ivivu.com/khach-san-da-lat/zen-valley-dalat,iVIVU,2026-09-20,2026-09-23,2026-09-24
1061733,lat-valley-retreat-village,Lat Valley Retreat Village,0.0,8.0,1,1050259,1050259,,"Thôn suối Cạn, Xã Lát",12.02178565,108.35757515,Ngoại ô Đà Lạt; Hòa mình vào thiên nhiên; Villa biệt lập giữa thung lũng,Ngoại ô Đà Lạt; Hòa mình vào thiên nhiên; Villa biệt lập giữa thung lũng,,https://www.ivivu.com/khach-san-da-lat/lat-valley-retreat-village,iVIVU,2026-09-20,2026-09-23,2026-09-24
1157666,khach-san-sai-gon-da-lat-premium,Khách sạn Sài Gòn Đà Lạt Premium,4.0,0.0,0,1340203,1340203,,"183 Ba Tháng Hai, Phường 4",11.9385779,108.4293242,,,Trung tâm TP Đà Lạt,https://www.ivivu.com/khach-san-da-lat/khach-san-sai-gon-da-lat-premium,iVIVU,2026-09-20,2026-09-23,2026-09-24
975781,lumina-hotel-da-lat-central,Khách sạn Lumina Đà Lạt,3.0,9.0,2,563225,563225,,"33 Hồ Tùng Mậu, Phường 3",11.9386476,108.4368275,Nhận/trả phòng [nhanh]; Wi-Fi [miễn phí]; Bãi đỗ xe [miễn phí],Nhận/trả phòng [nhanh]; Wi-Fi [miễn phí]; Bãi đỗ xe [miễn phí],,https://www.ivivu.com/khach-san-da-lat/lumina-hotel-da-lat-central,iVIVU,2026-09-20,2026-09-23,2026-09-24
577635,khach-san-paradise-da-lat,Khách sạn Paradise Đà Lạt,3.0,9.4,37,1075282,1075282,,"28 Bà Triệu, Phường 4",11.93735294,108.43368862,Tiện lợi; Nhiều địa điểm ăn uống xung quanh,Tiện lợi; Nhiều địa điểm ăn uống xung quanh,Trung tâm TP Đà Lạt,https://www.ivivu.com/khach-san-da-lat/khach-san-paradise-da-lat,iVIVU,2026-09-20,2026-09-23,2026-09-24
779865,khach-san-canary-da-lat-1-1,Khách sạn Canary Đà Lạt,3.0,10.0,2,825437,825437,,"82 Đường Trần Quang Khải, Đà Lạt",11.9702473,108.4434549,,,,https://www.ivivu.com/khach-san-da-lat/khach-san-canary-da-lat-1-1,iVIVU,2026-09-20,2026-09-23,2026-09-24
11889,khach-san-saphir-da-lat,Khách sạn Saphir Đà Lạt,4.0,8.8,65,689632,689632,,"22-24 Phan Như Thạch, Phường 1",11.94186373,108.43455119,Cách chợ ĐL 500m; Kiến trúc Pháp,Cách chợ ĐL 500m; Kiến trúc Pháp,Chợ Đà Lạt,https://www.ivivu.com/khach-san-da-lat/khach-san-saphir-da-lat,iVIVU,2026-09-20,2026-09-23,2026-09-24
1055580,nature-hotel-nam-ky-khoi-nghia,Khách Sạn Nature Nam Kỳ Khởi Nghĩa Đà Lạt,3.0,0.0,0,896283,896283,,8A Nam Kỳ Khởi Nghĩa,11.94084122,108.43586648,Gần trung tâm; Cách chợ ĐL 1km; Phòng gia đình,Gần trung tâm; Cách chợ ĐL 1km; Phòng gia đình,Chợ Đà Lạt,https://www.ivivu.com/khach-san-da-lat/nature-hotel-nam-ky-khoi-nghia,iVIVU,2026-09-20,2026-09-23,2026-09-24
975774,nature-hotel-59039081,Khách Sạn Nature Lê Hồng Phong Đà Lạt,3.0,0.0,0,354666,354666,,15 Lê Hồng Phong,11.93287559,108.42917341,"Phòng gym, Bãi đỗ xe [miễn phí], Spa","Phòng gym, Bãi đỗ xe [miễn phí], Spa",,https://www.ivivu.com/khach-san-da-lat/nature-hotel-59039081,iVIVU,2026-09-20,2026-09-23,2026-09-24
816942,nature-da-lat,Khách sạn Nature Phạm Hồng Thái Đà Lạt,3.0,10.0,1,568067,568067,,49/7 Đường Phạm Hồng Thái,11.9421182,108.4560935,Gần trung tâm; Phòng gia đình,Gần trung tâm; Phòng gia đình,,https://www.ivivu.com/khach-san-da-lat/nature-da-lat,iVIVU,2026-09-20,2026-09-23,2026-09-24
12102,khach-san-sai-gon-da-lat,Khách sạn Sài Gòn Đà Lạt,4.0,8.9,103,1253502,1253502,,"180 Đường 3 Tháng 2, Phường 4",11.939008,108.429768,Phòng máy lạnh; Hồ bơi nước ấm trong nhà,Phòng máy lạnh; Hồ bơi nước ấm trong nhà,Trung tâm TP Đà Lạt,https://www.ivivu.com/khach-san-da-lat/khach-san-sai-gon-da-lat,iVIVU,2026-09-20,2026-09-23,2026-09-24
816895,nature-hotel-35077257,Khách Sạn Nature Lương Thế Vinh Đà Lạt,3.0,0.0,0,319820,319820,,52 Luong The Vinh,11.9323153,108.44227258,Gần trung tâm; Cách chợ Đà Lạt 2km,Gần trung tâm; Cách chợ Đà Lạt 2km,,https://www.ivivu.com/khach-san-da-lat/nature-hotel-35077257,iVIVU,2026-09-20,2026-09-23,2026-09-24
1112646,nature-hotel-le-dai-hanh,Khách Sạn Nature Lê Đại Hành Đà Lạt,3.0,0.0,0,525003,525003,,Hẻm 25 Lê Đại Hành,11.93859973,108.43876565,Gần trung tâm; Cách chợ ĐL 600m; Phòng gia đình,Gần trung tâm; Cách chợ ĐL 600m; Phòng gia đình,Chợ Đà Lạt,https://www.ivivu.com/khach-san-da-lat/nature-hotel-le-dai-hanh,iVIVU,2026-09-20,2026-09-23,2026-09-24
1157775,khach-san-nature-phan-boi-chau-da-lat,Khách Sạn Nature Phan Bội Châu Đà Lạt,3.0,0.0,0,366824,366824,,"77/4 Phan Bội Châu, Xuân Hương - Đà Lạt",11.94476974,108.43806113,Cách chợ ĐL 850m; Gần trung tâm,Cách chợ ĐL 850m; Gần trung tâm,Chợ Đà Lạt,https://www.ivivu.com/khach-san-da-lat/khach-san-nature-phan-boi-chau-da-lat,iVIVU,2026-09-20,2026-09-23,2026-09-24
377105,khach-san-rung-hoa-da-lat,Khách sạn Rừng Hoa Đà Lạt,2.0,9.0,2,756713,756713,,"7A/1 Mai Anh Đào, Phường 8",11.97752007,108.44867472,Thích hợp nghỉ dưỡng; Không gian sân vườn; Yên tĩnh,Thích hợp nghỉ dưỡng; Không gian sân vườn; Yên tĩnh,Trung tâm TP Đà Lạt,https://www.ivivu.com/khach-san-da-lat/khach-san-rung-hoa-da-lat,iVIVU,2026-09-20,2026-09-23,2026-09-24
380100,nam-xuan-premium-hotel,Khách sạn Nam Xuân Premium,2.0,0.0,0,277876,277876,,H8 - H9 Nguyen Thi Nghia,11.948539733886719,108.44119262695312,"Khách sạn Nam Xuân Premium ở trung tâm Đà Lạt, cách Chùa Linh Sơn và Chợ Đà Lạt 15 phút đi bộ. Khách sạn này cách Đại học Đà Lạt 0, 9 mi (1, 5 km) và cách Câu lạc bộ golf Dalat Palace 1 mi (1, 6 km).","Khách sạn Nam Xuân Premium ở trung tâm Đà Lạt, cách Chùa Linh Sơn và Chợ Đà Lạt 15 phút đi bộ. Khách sạn này cách Đại học Đà Lạt 0, 9 mi (1, 5 km) và cách Câu lạc bộ golf Dalat Palace 1 mi (1, 6 km).",,https://www.ivivu.com/khach-san-da-lat/nam-xuan-premium-hotel,iVIVU,2026-09-20,2026-09-23,2026-09-24
577144,khach-san-song-anh-da-lat,Khách sạn Song Anh Đà Lạt,0.0,0.0,0,567930,567930,,"25 Đinh Tiên Hoàng, Phường 2",11.95129749,108.44211567,Khách sạn mới,Khách sạn mới,Chợ Đà Lạt; Trung tâm TP Đà Lạt,https://www.ivivu.com/khach-san-da-lat/khach-san-song-anh-da-lat,iVIVU,2026-09-20,2026-09-23,2026-09-24
577193,khach-san-interstella-da-lat,Khách sạn Interstella Đà Lạt,3.0,9.1,5,1245735,1245735,,"Số 1-3, Đường Hai Bà Trưng",11.9426106,108.43143662,Khách sạn mới; Phòng gia đình,Khách sạn mới; Phòng gia đình,Chợ Đà Lạt; Trung tâm TP Đà Lạt,https://www.ivivu.com/khach-san-da-lat/khach-san-interstella-da-lat,iVIVU,2026-09-20,2026-09-23,2026-09-24
577303,khach-san-lacami-da-lat,Khách sạn Lacami Đà Lạt,0.0,8.7,3,379877,379877,,"36/6 Lê Văn Tám, P.10",11.9379145,108.4565758,,,Trung tâm TP Đà Lạt,https://www.ivivu.com/khach-san-da-lat/khach-san-lacami-da-lat,iVIVU,2026-09-20,2026-09-23,2026-09-24
577975,redpine-condotel,Redpine - Khách sạn bảo tàng,3.5,4.0,1,901720,901720,,"29 Dong Da Street, 3 Ward",11.926598,108.439826,"Redpine Condotel ở Đà Lạt, cách Nhà thờ lớn Đà Lạt và Cáp treo Đà Lạt 5 phút lái xe. Khách sạn này cách Dinh Bảo Đại 1, 6 mi (2, 5 km) và cách Quảng trường Lâm Viên 1, 7 mi (2, 8 km).","Redpine Condotel ở Đà Lạt, cách Nhà thờ lớn Đà Lạt và Cáp treo Đà Lạt 5 phút lái xe. Khách sạn này cách Dinh Bảo Đại 1, 6 mi (2, 5 km) và cách Quảng trường Lâm Viên 1, 7 mi (2, 8 km).",,https://www.ivivu.com/khach-san-da-lat/redpine-condotel,iVIVU,2026-09-20,2026-09-23,2026-09-24
577978,khach-san-s-villa,Khách sạn S Villa,3.0,0.0,0,390844,390844,,"31, Bach Dang Street, Ward 7, Da Lat City",11.962607,108.425151,"Khách sạn S Villa ở Đà Lạt, cách Nhà thờ Mai Anh và Thác Cam Ly 5 phút lái xe. Khách sạn này cách Chùa Linh Sơn 1, 6 mi (2, 6 km) và cách Làng thêu XQ 1, 9 mi (3, 1 km).","Khách sạn S Villa ở Đà Lạt, cách Nhà thờ Mai Anh và Thác Cam Ly 5 phút lái xe. Khách sạn này cách Chùa Linh Sơn 1, 6 mi (2, 6 km) và cách Làng thêu XQ 1, 9 mi (3, 1 km).",,https://www.ivivu.com/khach-san-da-lat/khach-san-s-villa,iVIVU,2026-09-20,2026-09-23,2026-09-24
578348,khach-san-arapang-2,Khách sạn Arapang 2,3.0,0.0,0,352452,352452,,19 Phan Như Thạch,11.941075,108.4334741,"Tọa lạc tại Đà Lạt, Khách sạn Arapang 2 cách Chợ Đà Lạt và Nhà thờ lớn Đà Lạt 15 phút đi bộ. Khách sạn này cách Crazy House 0, 8 mi (1, 3 km) và cách Chùa Linh Sơn 0, 9 mi (1, 5 km).","Tọa lạc tại Đà Lạt, Khách sạn Arapang 2 cách Chợ Đà Lạt và Nhà thờ lớn Đà Lạt 15 phút đi bộ. Khách sạn này cách Crazy House 0, 8 mi (1, 3 km) và cách Chùa Linh Sơn 0, 9 mi (1, 5 km).",,https://www.ivivu.com/khach-san-da-lat/khach-san-arapang-2,iVIVU,2026-09-20,2026-09-23,2026-09-24
578351,khach-san-richy-da-lat,Khách sạn Richy Đà Lạt,3.0,0.0,0,412180,412180,,"01, An Binh",11.930097,108.439837,"Khách sạn Richy Đà Lạt ở Đà Lạt, cách Nhà thờ lớn Đà Lạt và Quảng trường Lâm Viên 5 phút lái xe. Khách sạn này cách Cáp treo Đà Lạt 1, 1 mi (1, 8 km) và cách Crazy House 1, 4 mi (2, 2 km).","Khách sạn Richy Đà Lạt ở Đà Lạt, cách Nhà thờ lớn Đà Lạt và Quảng trường Lâm Viên 5 phút lái xe. Khách sạn này cách Cáp treo Đà Lạt 1, 1 mi (1, 8 km) và cách Crazy House 1, 4 mi (2, 2 km).",,https://www.ivivu.com/khach-san-da-lat/khach-san-richy-da-lat,iVIVU,2026-09-20,2026-09-23,2026-09-24
578353,khach-san-pinus,Khách sạn Pinus,3.0,0.0,0,500677,500677,,"15 Phan Như Thạch, TP Đ&#224; Lạt",11.941188,108.435449,"Tọa lại tại Đà Lạt, Khách sạn Pinus liền kề trung tâm hội nghị, chỉ cách Chợ Đà Lạt và Nhà thờ lớn Đà Lạt 15 phút đi bộ. Khách sạn này cách Crazy House 0, 8 mi (1, 3 km) và cách Chùa Linh Sơn 0, 9 mi (1, 5 km).","Tọa lại tại Đà Lạt, Khách sạn Pinus liền kề trung tâm hội nghị, chỉ cách Chợ Đà Lạt và Nhà thờ lớn Đà Lạt 15 phút đi bộ. Khách sạn này cách Crazy House 0, 8 mi (1, 3 km) và cách Chùa Linh Sơn 0, 9 mi (1, 5 km).",,https://www.ivivu.com/khach-san-da-lat/khach-san-pinus,iVIVU,2026-09-20,2026-09-23,2026-09-24
578372,khach-san-europa,Khách sạn Europa,2.5,0.0,0,914000,914000,,76 Nguyễn Chí Thanh,11.93986,108.43511,"Tọa lạc tại Đà Lạt, Khách sạn Europa cách Chợ Đà Lạt và Crazy House 15 phút đi bộ. Khách sạn này cách Nhà thờ lớn Đà Lạt 0, 6 mi (1 km) và cách Chùa Lâm Tỳ Ni 1 mi (1, 5 km).","Tọa lạc tại Đà Lạt, Khách sạn Europa cách Chợ Đà Lạt và Crazy House 15 phút đi bộ. Khách sạn này cách Nhà thờ lớn Đà Lạt 0, 6 mi (1 km) và cách Chùa Lâm Tỳ Ni 1 mi (1, 5 km).",,https://www.ivivu.com/khach-san-da-lat/khach-san-europa,iVIVU,2026-09-20,2026-09-23,2026-09-24
578669,khach-san-duy-long,Khách sạn Duy Long,2.0,0.0,0,298228,298228,,"02 Trieu Viet Vuong, P4",11.932325,108.426974,"Khách sạn Duy Long ở Đà Lạt, cách Dinh Bảo Đại 4 phút đi bộ và Chùa Lâm Tỳ Ni 8 phút đi bộ. Khách sạn này cách Crazy House 0, 4 mi (0, 7 km) và cách Nhà thờ lớn Đà Lạt 0, 8 mi (1, 4 km).","Khách sạn Duy Long ở Đà Lạt, cách Dinh Bảo Đại 4 phút đi bộ và Chùa Lâm Tỳ Ni 8 phút đi bộ. Khách sạn này cách Crazy House 0, 4 mi (0, 7 km) và cách Nhà thờ lớn Đà Lạt 0, 8 mi (1, 4 km).",,https://www.ivivu.com/khach-san-da-lat/khach-san-duy-long,iVIVU,2026-09-20,2026-09-23,2026-09-24
578711,khach-san-hung-phong,Khách sạn Hùng Phong,3.0,0.0,0,373059,373059,,"46 Ha Huy Tap, Ward 3",11.938135,108.425509,"Khách sạn Hùng Phong ở Đà Lạt, cách Chùa Lâm Tỳ Ni 2 phút đi bộ và Crazy House 11 phút đi bộ. Khách sạn này cách Thác Cam Ly 0, 6 mi (1 km) và cách Dinh Bảo Đại 0, 7 mi (1, 2 km).","Khách sạn Hùng Phong ở Đà Lạt, cách Chùa Lâm Tỳ Ni 2 phút đi bộ và Crazy House 11 phút đi bộ. Khách sạn này cách Thác Cam Ly 0, 6 mi (1 km) và cách Dinh Bảo Đại 0, 7 mi (1, 2 km).",,https://www.ivivu.com/khach-san-da-lat/khach-san-hung-phong,iVIVU,2026-09-20,2026-09-23,2026-09-24
578798,khach-san-uyen-phuong,Khách sạn Uyên Phương,3.0,0.0,0,324359,324359,,"Lô H4, Nguyễn Thị Nghĩa, Phường 2, Đà Lạt",11.94826,108.44088,"Khách sạn Uyên Phương ở trung tâm Đà Lạt, cách Chùa Linh Sơn và Chợ Đà Lạt 15 phút đi bộ. Khách sạn này cách Đại học Đà Lạt 0, 9 mi (1, 5 km) và cách Câu lạc bộ golf Dalat Palace 1 mi (1, 6 km).","Khách sạn Uyên Phương ở trung tâm Đà Lạt, cách Chùa Linh Sơn và Chợ Đà Lạt 15 phút đi bộ. Khách sạn này cách Đại học Đà Lạt 0, 9 mi (1, 5 km) và cách Câu lạc bộ golf Dalat Palace 1 mi (1, 6 km).",,https://www.ivivu.com/khach-san-da-lat/khach-san-uyen-phuong,iVIVU,2026-09-20,2026-09-23,2026-09-24
578809,khach-san-lan-anh,Khách sạn Lan Anh,3.5,0.0,0,1341608,1341608,,"26/7 HAI BA TRUNG Street, DALAT City",11.943109,108.432233,"Tọa lạc tại Đà Lạt, Khách sạn Lan Anh chỉ cách Chợ Đà Lạt và Dinh Bảo Đại 5 phút lái xe. Khách sạn cách Hồ Xuân Hương 1, 7 mi (2, 7 km) và cách Vườn hoa Đà Lạt 2 mi (3, 3 km).","Tọa lạc tại Đà Lạt, Khách sạn Lan Anh chỉ cách Chợ Đà Lạt và Dinh Bảo Đại 5 phút lái xe. Khách sạn cách Hồ Xuân Hương 1, 7 mi (2, 7 km) và cách Vườn hoa Đà Lạt 2 mi (3, 3 km).",,https://www.ivivu.com/khach-san-da-lat/khach-san-lan-anh,iVIVU,2026-09-20,2026-09-23,2026-09-24
580315,seven-a-hotel,Khách Sạn Seven A,2.0,0.0,0,610533,610533,,"78, Nguyen Luong Bang",11.950909,108.435269,"Tọa lạc tại Đà Lạt, Seven A Hotel cách Chùa Linh Sơn và Đại học Đà Lạt 15 phút đi bộ. Khách sạn này cách Câu lạc bộ golf Dalat Palace 0, 9 mi (1, 5 km) và cách Nhà thờ Mai Anh 1, 2 mi (1, 9 km).","Tọa lạc tại Đà Lạt, Seven A Hotel cách Chùa Linh Sơn và Đại học Đà Lạt 15 phút đi bộ. Khách sạn này cách Câu lạc bộ golf Dalat Palace 0, 9 mi (1, 5 km) và cách Nhà thờ Mai Anh 1, 2 mi (1, 9 km).",,https://www.ivivu.com/khach-san-da-lat/seven-a-hotel,iVIVU,2026-09-20,2026-09-23,2026-09-24
580341,lamarque-dalat-villa,LAMARQUE,3.5,0.0,0,1194869,1194869,,"27-29 Dinh Tien Hoang, Phuong 2",11.951263,108.442146,"Lamarque Dalat Villa ở Đà Lạt, cách Đại học Đà Lạt 4 phút đi bộ và Câu lạc bộ golf Dalat Palace 9 phút đi bộ. Khách sạn này cách Chùa Linh Sơn 0, 9 mi (1, 4 km) và cách Vườn hoa Đà Lạt 0, 9 mi (1, 5 km).","Lamarque Dalat Villa ở Đà Lạt, cách Đại học Đà Lạt 4 phút đi bộ và Câu lạc bộ golf Dalat Palace 9 phút đi bộ. Khách sạn này cách Chùa Linh Sơn 0, 9 mi (1, 4 km) và cách Vườn hoa Đà Lạt 0, 9 mi (1, 5 km).",,https://www.ivivu.com/khach-san-da-lat/lamarque-dalat-villa,iVIVU,2026-09-20,2026-09-23,2026-09-24
581897,khach-san-thien-nien-ky,Khách sạn Thiên Niên Kỷ,2.5,0.0,0,1732018,1732018,,"6b Đ. Mai Hắc Đế, Phuong 4",11.94681,108.429307,"Tọa lạc tại Đà Lạt, Khách sạn Thiên Niên Kỷ chỉ cách Hồ Xuân Hương và Vườn hoa Đà Lạt 5 phút lái xe. Khách sạn cách Cáp treo Đà Lạt 3 mi (4, 8 km) và cách Thung lũng Tình Yêu 3, 4 mi (5, 5 km).","Tọa lạc tại Đà Lạt, Khách sạn Thiên Niên Kỷ chỉ cách Hồ Xuân Hương và Vườn hoa Đà Lạt 5 phút lái xe. Khách sạn cách Cáp treo Đà Lạt 3 mi (4, 8 km) và cách Thung lũng Tình Yêu 3, 4 mi (5, 5 km).",,https://www.ivivu.com/khach-san-da-lat/khach-san-thien-nien-ky,iVIVU,2026-09-20,2026-09-23,2026-09-24
794484,villa-hoa-da,Villa Hoa Đá,0.0,9.6,5,465391,465391,,"121 Đường Huyền Trân Công Chúa, Phường 4",11.9335778,108.4180842,Lãng mạn; Thơ mộng,Lãng mạn; Thơ mộng,Trung tâm TP Đà Lạt,https://www.ivivu.com/khach-san-da-lat/villa-hoa-da,iVIVU,2026-09-20,2026-09-23,2026-09-24
794560,khach-san-lilac-da-lat,Khách sạn Lilac Đà Lạt,3.0,0.0,0,313579,313579,,"127, Yersin, Phường 9",11.9499384,108.4536941,Vị trí thuận tiện,Vị trí thuận tiện,Trung tâm TP Đà Lạt,https://www.ivivu.com/khach-san-da-lat/khach-san-lilac-da-lat,iVIVU,2026-09-20,2026-09-23,2026-09-24
794622,khach-san-bom-bo-da-lat,Khách sạn Bom Bo Đà Lạt,3.0,0.0,0,882832,882832,,"20 Phan Như Thạch, Phường 1",11.9418662,108.4350328,,,Trung tâm TP Đà Lạt,https://www.ivivu.com/khach-san-da-lat/khach-san-bom-bo-da-lat,iVIVU,2026-09-20,2026-09-23,2026-09-24
816792,freestyle-hotel,FreeStyle Hotel,3.0,0.0,0,554040,554040,,33 Đường Hà Huy Tập,11.9358517,108.441115,,,,https://www.ivivu.com/khach-san-da-lat/freestyle-hotel,iVIVU,2026-09-20,2026-09-23,2026-09-24
816841,lams-apartment,Lam's Apartment,0.0,0.0,0,460608,460608,,"41 Nguyễn Thị Nghĩa , P2",11.9486472875535,108.439916912143,,,,https://www.ivivu.com/khach-san-da-lat/lams-apartment,iVIVU,2026-09-20,2026-09-23,2026-09-24
816842,la-fleur-premium-central-apartment-dalat,La Fleur Premium Central Apartment Dalat,0.0,0.0,0,984960,984960,,"5-7A Tran Phu, w.3, Dalat",11.93679992,108.43973776,,,,https://www.ivivu.com/khach-san-da-lat/la-fleur-premium-central-apartment-dalat,iVIVU,2026-09-20,2026-09-23,2026-09-24
816851,dream-luxury-hotel-1,Khách sạn Dream Luxury,3.0,0.0,0,1790182,1790182,,"70-72 Đường Bùi Thị Xuân, Phường 2",11.94615842,108.44020198,,,,https://www.ivivu.com/khach-san-da-lat/dream-luxury-hotel-1,iVIVU,2026-09-20,2026-09-23,2026-09-24
816860,xuan-cuong-hotel,Khách sạn Xuân Cường,1.0,0.0,0,994410,994410,,"30 Nguyen Van Troi,",11.94556,108.435639,,,,https://www.ivivu.com/khach-san-da-lat/xuan-cuong-hotel,iVIVU,2026-09-20,2026-09-23,2026-09-24
816871,sleep-in-dalat-hostel,Sleep in Dalat Hostel,0.0,0.0,0,202728,202728,,"83/5B Nguyễn Văn Trỗi, P.2",11.94786,108.43689,,,,https://www.ivivu.com/khach-san-da-lat/sleep-in-dalat-hostel,iVIVU,2026-09-20,2026-09-23,2026-09-24
816872,be-u-hotel,Be U Hotel,3.0,0.0,0,460788,460788,,"112 Ly Tu Trong, ward 1",11.9475222140903,108.438623397623,,,,https://www.ivivu.com/khach-san-da-lat/be-u-hotel,iVIVU,2026-09-20,2026-09-23,2026-09-24
816880,pontus-hotel,Pontus Hotel,2.5,0.0,0,1073664,1073664,,11 Nam Kỳ Khởi Nghĩa P1,11.9409627,108.4359352,,,,https://www.ivivu.com/khach-san-da-lat/pontus-hotel,iVIVU,2026-09-20,2026-09-23,2026-09-24
816892,mua-thu-house,Mùa Thu House,0.0,0.0,0,220550,220550,,"Hẻm 3, Đoàn Thị Điểm",11.9386972725745,108.43288138948,,,,https://www.ivivu.com/khach-san-da-lat/mua-thu-house,iVIVU,2026-09-20,2026-09-23,2026-09-24
816893,hd-group-hotel,Khách sạn HD Group,0.0,0.0,0,373173,373173,,72 Đường Lý Tự Trọng,11.94567,108.4389668,,,,https://www.ivivu.com/khach-san-da-lat/hd-group-hotel,iVIVU,2026-09-20,2026-09-23,2026-09-24
816899,the-morris-hotel,The Morris Hotel,3.0,0.0,0,276305,276305,,32 Đồng Tâm,11.9379911,108.4255,,,,https://www.ivivu.com/khach-san-da-lat/the-morris-hotel,iVIVU,2026-09-20,2026-09-23,2026-09-24
816905,thien-thanh-hotel,Khách sạn Thiên Thanh,0.0,0.0,0,310495,310495,,C9 Đặng Thái Thân,11.9435043549332,108.430914580822,,,,https://www.ivivu.com/khach-san-da-lat/thien-thanh-hotel,iVIVU,2026-09-20,2026-09-23,2026-09-24
816907,rose-valley-hotel,Khách sạn Rose Valley,1.0,0.0,0,416590,416590,,"34 Ngô Thì Sỹ, Phường 4",11.9312405461846,108.425312954932,,,,https://www.ivivu.com/khach-san-da-lat/rose-valley-hotel,iVIVU,2026-09-20,2026-09-23,2026-09-24
816926,villa-hoa-ly-hotel,Villa Hoa Ly Hotel,1.0,0.0,0,666196,666196,,14 Phó Đức Chính,11.9467525,108.460533,,,,https://www.ivivu.com/khach-san-da-lat/villa-hoa-ly-hotel,iVIVU,2026-09-20,2026-09-23,2026-09-24
816935,an-mai-boutique-hotel-dalat,An Mai Boutique Hotel Dalat,3.0,0.0,0,345229,345229,,"No 11A, Lu Gia Street",11.9517078,108.46447,,,,https://www.ivivu.com/khach-san-da-lat/an-mai-boutique-hotel-dalat,iVIVU,2026-09-20,2026-09-23,2026-09-24
816944,vmt-hotel,VMT Hotel Da Lat,0.0,0.0,0,1450680,1450680,,43 Đường Nguyễn Đ&#236;nh Chiểu (244 Yersin Mới) Ngay kh&#250;c giao Nguyễn Đ&#236;nh Chiểu v&#224; Yersin,11.95011,108.457169,,,,https://www.ivivu.com/khach-san-da-lat/vmt-hotel,iVIVU,2026-09-20,2026-09-23,2026-09-24
816946,the-scent-boutique-dalat-hotel,Khách sạn Scent Boutique Đà Lạt,0.0,0.0,0,371797,371797,,"222 Mai Anh Đào , P8",11.975689888000488,108.4450912475586,,,,https://www.ivivu.com/khach-san-da-lat/the-scent-boutique-dalat-hotel,iVIVU,2026-09-20,2026-09-23,2026-09-24
816948,pine-tree-homestay,Homestay Cây Thông,0.0,0.0,0,244890,244890,,216 Đường Phù Đổng Thiên Vương,11.9693603515625,108.445251464844,,,,https://www.ivivu.com/khach-san-da-lat/pine-tree-homestay,iVIVU,2026-09-20,2026-09-23,2026-09-24
816952,california-hotel,CALIFORNIA HOTEL,3.0,0.0,0,738207,738207,,"A28 Nguyễn Hữu Cảnh, Phường 8",11.9689292877913,108.441613708131,,,,https://www.ivivu.com/khach-san-da-lat/california-hotel,iVIVU,2026-09-20,2026-09-23,2026-09-24
816970,oyo-1154-mat-troi-vang-dalat-hotel,OYO 1154 Khách sạn Mặt Trời Vàng Đà Lạt,2.0,0.0,0,436639,436639,,"427/6 Phan Dinh Phung Street, Ward 2",11.9520952560427,108.432553075254,,,,https://www.ivivu.com/khach-san-da-lat/oyo-1154-mat-troi-vang-dalat-hotel,iVIVU,2026-09-20,2026-09-23,2026-09-24
817559,sen-villa-boutique,Biệt thự SEN Boutique,0.0,0.0,0,1086131,1086131,,123/143 Mạc Đĩnh Chi,11.5627269403216,107.790644057579,,,,https://www.ivivu.com/khach-san-da-lat/sen-villa-boutique,iVIVU,2026-09-20,2026-09-23,2026-09-24
817563,an-ngoc-linh-hotel,Khách sạn An Ngọc Linh,0.0,0.0,0,406808,406808,,78 - 80 Hoàng Văn Thụ,11.557129859924316,107.81717681884766,,,,https://www.ivivu.com/khach-san-da-lat/an-ngoc-linh-hotel,iVIVU,2026-09-20,2026-09-23,2026-09-24
817611,nam-nhi-farm-villa,Biệt thự Vườn trái cây Nam Nhi,0.0,0.0,0,508061,508061,,"Quoc lo 20, Xa Ha Lam",11.41981983,107.57821655,,,,https://www.ivivu.com/khach-san-da-lat/nam-nhi-farm-villa,iVIVU,2026-09-20,2026-09-23,2026-09-24
940216,khach-san-mua-dalat-wellness,Khách sạn Mùa Dalat Wellness,3.0,0.0,0,1614997,1614997,,"02 Phù Đổng Thiên Vương, Phường 8",11.9574781,108.440104,,,Trung tâm TP Đà Lạt,https://www.ivivu.com/khach-san-da-lat/khach-san-mua-dalat-wellness,iVIVU,2026-09-20,2026-09-23,2026-09-24
959111,de-la-sol-villa-da-lat,De La Sol Villa Da Lat,3.0,10.0,1,419191,419191,,"91 Đường Hùng Vương, Phường 11",11.9427377,108.4773973,,,,https://www.ivivu.com/khach-san-da-lat/de-la-sol-villa-da-lat,iVIVU,2026-09-20,2026-09-23,2026-09-24
959187,la-paix-dalat,La Paix Dalat,3.0,0.0,0,602449,602449,,80 Đường Triệu Việt Vương,11.9207372,108.4362454,,,,https://www.ivivu.com/khach-san-da-lat/la-paix-dalat,iVIVU,2026-09-20,2026-09-23,2026-09-24
959358,dalat-center-residence,Dalat Center Residence,0.0,6.0,1,1924264,1924264,,Nguyễn Thị Minh Khai,11.943889617919922,108.43817901611328,Nhận/trả phòng [nhanh]; Đưa đón sân bay; Phòng tập,Nhận/trả phòng [nhanh]; Đưa đón sân bay; Phòng tập,,https://www.ivivu.com/khach-san-da-lat/dalat-center-residence,iVIVU,2026-09-20,2026-09-23,2026-09-24
959428,moc-thach-hostel,Moc Thach Hostel,0.0,0.0,0,607470,607470,,"B36 KQH Mac Dinh Chi, Phuong 4",11.9409634,108.4273009,,,,https://www.ivivu.com/khach-san-da-lat/moc-thach-hostel,iVIVU,2026-09-20,2026-09-23,2026-09-24
959429,la-em-boutique-villa,Biệt thự Boutique Là Em,0.0,0.0,0,984716,984716,,"14/2 3 tháng 4, ward 3",11.9299402236938,108.445083618164,Nhận phòng [24 giờ]; Bãi đỗ xe [miễn phí]; Đưa đón sân bay,Nhận phòng [24 giờ]; Bãi đỗ xe [miễn phí]; Đưa đón sân bay,,https://www.ivivu.com/khach-san-da-lat/la-em-boutique-villa,iVIVU,2026-09-20,2026-09-23,2026-09-24
959466,hanoi-amsterdam-condotel,Hanoi Amsterdam Art Studio,4.0,0.0,0,1375125,1375125,,"Đường Đống Đa, Phường 3",11.928147,108.44027,,,,https://www.ivivu.com/khach-san-da-lat/hanoi-amsterdam-condotel,iVIVU,2026-09-20,2026-09-23,2026-09-24
959548,moc-nhien-hostel-da-lat,Moc Nhien Hostel Da Lat,0.0,0.0,0,372544,372544,,A37 Mac Dinh Chi,11.94071,108.427048,Nhận/trả phòng [nhanh]; Nhận phòng [24 giờ]; Wi-Fi [miễn phí]; Đưa đón sân bay,Nhận/trả phòng [nhanh]; Nhận phòng [24 giờ]; Wi-Fi [miễn phí]; Đưa đón sân bay,,https://www.ivivu.com/khach-san-da-lat/moc-nhien-hostel-da-lat,iVIVU,2026-09-20,2026-09-23,2026-09-24
959628,memory-inn-valley-view,Memory Inn - Valley View,0.0,10.0,1,599597,599597,,"17C Dang Thai Than, P3",11.945456,108.4433,Nhận phòng [24 giờ]; Đưa đón sân bay; Bãi đỗ xe [miễn phí],Nhận phòng [24 giờ]; Đưa đón sân bay; Bãi đỗ xe [miễn phí],,https://www.ivivu.com/khach-san-da-lat/memory-inn-valley-view,iVIVU,2026-09-20,2026-09-23,2026-09-24
959639,the-elite-hotel,THE ELITE HOTEL,0.0,0.0,0,603296,603296,,42 Đ Phạm Ngũ L&#227;o,11.9380778,108.4347479,Nhận/trả phòng [nhanh]; Nhận phòng [24 giờ]; Đưa đón sân bay; Bãi đỗ xe [miễn phí],Nhận/trả phòng [nhanh]; Nhận phòng [24 giờ]; Đưa đón sân bay; Bãi đỗ xe [miễn phí],,https://www.ivivu.com/khach-san-da-lat/the-elite-hotel,iVIVU,2026-09-20,2026-09-23,2026-09-24
959733,phuong-vy-2,Phương Vy 2,0.0,0.0,0,473856,473856,,"8/8 Dao Duy Tu, Ward 4",11.93478012084961,108.43376922607422,Nhận/trả phòng [nhanh],Nhận/trả phòng [nhanh],,https://www.ivivu.com/khach-san-da-lat/phuong-vy-2,iVIVU,2026-09-20,2026-09-23,2026-09-24
959742,villa-kim-gia,Biệt thự Kim Gia,1.0,0.0,0,1514490,1514490,,"10A, Ho Xuan Huong",11.9584315,108.4750143,Nhận phòng [24 giờ]; Bãi đỗ xe [miễn phí],Nhận phòng [24 giờ]; Bãi đỗ xe [miễn phí],,https://www.ivivu.com/khach-san-da-lat/villa-kim-gia,iVIVU,2026-09-20,2026-09-23,2026-09-24
959768,vyl-house,VyL House,3.0,0.0,0,481604,481604,,"3A Tang Bat Ho, Phuong 1",11.943724208984822,108.43549579381943,,,,https://www.ivivu.com/khach-san-da-lat/vyl-house,iVIVU,2026-09-20,2026-09-23,2026-09-24
959856,kim-little-house-hotel,Kim Little House Hotel,2.0,0.0,0,181009,181009,,"36 Đường Hàn Thuyên, Phường 5",11.945992,108.424614,Nhận/trả phòng [nhanh]; Nhận phòng [24 giờ]; Wi-Fi [miễn phí]; Đưa đón sân bay; Bãi đỗ xe [miễn phí],Nhận/trả phòng [nhanh]; Nhận phòng [24 giờ]; Wi-Fi [miễn phí]; Đưa đón sân bay; Bãi đỗ xe [miễn phí],,https://www.ivivu.com/khach-san-da-lat/kim-little-house-hotel,iVIVU,2026-09-20,2026-09-23,2026-09-24
959914,dalat-eco-hotel,Khách sạn Đà Lạt Eco,0.0,0.0,0,406296,406296,,C48-49 Khu Quy Hoạch Hoàng Văn Thụ,11.937029838562,108.42862701416,Nhận/trả phòng [nhanh]; Nhận phòng [24 giờ]; Bãi đỗ xe [miễn phí]; Đưa đón sân bay,Nhận/trả phòng [nhanh]; Nhận phòng [24 giờ]; Bãi đỗ xe [miễn phí]; Đưa đón sân bay,,https://www.ivivu.com/khach-san-da-lat/dalat-eco-hotel,iVIVU,2026-09-20,2026-09-23,2026-09-24
960073,sweet-dream-hotel-villa,Khách sạn và Biệt thự Sweet Dream,0.0,0.0,0,854919,854919,,26/3 Lê Văn Tám,11.9376056566392,108.45557124832,,,,https://www.ivivu.com/khach-san-da-lat/sweet-dream-hotel-villa,iVIVU,2026-09-20,2026-09-23,2026-09-24
960227,larimar-villas,Biệt thự Larimar,0.0,0.0,0,1272440,1272440,,"27 Quang Trung, Phường 9",11.9469412,108.4586146,,,,https://www.ivivu.com/khach-san-da-lat/larimar-villas,iVIVU,2026-09-20,2026-09-23,2026-09-24
960333,happy-dalat-hotel-apartment,Happy Dalat Hotel & Apartment,3.0,0.0,0,606580,606580,,36 La Sơn Phu Tử,11.954659,108.43069,,,,https://www.ivivu.com/khach-san-da-lat/happy-dalat-hotel-apartment,iVIVU,2026-09-20,2026-09-23,2026-09-24
960339,le-soleil-boutique-hotel,Khách sạn Le Soleil Boutique,3.0,0.0,0,494196,494196,,"113 Van Hanh, Phuong 8",11.9647069500465,108.443566844205,,,,https://www.ivivu.com/khach-san-da-lat/le-soleil-boutique-hotel,iVIVU,2026-09-20,2026-09-23,2026-09-24
960343,davilla-da-lat-villa-collection-full-villa,Davilla Đà Lạt Villa Collection ( Full Villa),0.0,0.0,0,1209363,1209363,,lo 03 khu dan cu phuong 8 da lat lam dong,11.978883846156323,108.45769609964185,Nhận phòng [24 giờ]; Bãi đỗ xe [miễn phí],Nhận phòng [24 giờ]; Bãi đỗ xe [miễn phí],,https://www.ivivu.com/khach-san-da-lat/davilla-da-lat-villa-collection-full-villa,iVIVU,2026-09-20,2026-09-23,2026-09-24
960381,mai-diamond-hotel,Mai Diamond Hotel,3.0,0.0,0,206805,206805,,"38 Đường Đinh Công Tráng, Phường 7",11.967557,108.42728,,,,https://www.ivivu.com/khach-san-da-lat/mai-diamond-hotel,iVIVU,2026-09-20,2026-09-23,2026-09-24
960497,dalat-rose-hill-villa-mountain-view,Biệt thự Rose Hill Đà Lạt - Hướng Núi,0.0,0.0,0,452531,452531,,"70/16 Nguyễn An Ninh, Phường 6",11.9520268694664,108.426145613194,,,,https://www.ivivu.com/khach-san-da-lat/dalat-rose-hill-villa-mountain-view,iVIVU,2026-09-20,2026-09-23,2026-09-24
967711,lakehill-villas,LAKEHILL VILLAS,0.0,0.0,0,4569880,4569880,,"Xóm 2, thôn 4 xã Lộc Tân",11.593673,107.741585,,,,https://www.ivivu.com/khach-san-da-lat/lakehill-villas,iVIVU,2026-09-20,2026-09-23,2026-09-24
967719,indochine-villas-tam-chau-bao-loc,Indochine Villas Tam Chau Bao Loc,0.0,0.0,0,729910,729910,,"Thon 4, xa Loc Tan",11.593476,107.73862,,,,https://www.ivivu.com/khach-san-da-lat/indochine-villas-tam-chau-bao-loc,iVIVU,2026-09-20,2026-09-23,2026-09-24
967727,homestay-vuon-trai-cay-nhiet-doi-vo-uu-garden,Homestay Vườn Trái Cây Nhiệt Đới Vô Ưu Garden,0.0,0.0,0,353565,353565,,71 Trần Nhật Duật,11.5771532,107.791351,,,,https://www.ivivu.com/khach-san-da-lat/homestay-vuon-trai-cay-nhiet-doi-vo-uu-garden,iVIVU,2026-09-20,2026-09-23,2026-09-24
968814,royal-dragon-hotel-46807692,Khách sạn Royal Dragon Đà Lạt,3.0,0.0,0,1027542,1027542,,"18 Đ. Nam Hồ, Phường 11",11.945653,108.47813,,,,https://www.ivivu.com/khach-san-da-lat/royal-dragon-hotel-46807692,iVIVU,2026-09-20,2026-09-23,2026-09-24
975777,huong-anh-dalat-palace,Huong Anh DaLat Palace,3.0,0.0,0,176406,176406,,Đường M&#234; Linh,11.961221428724025,108.47137905973737,Nhận/trả phòng [nhanh]; Nhận phòng [24 giờ]; Wi-Fi [miễn phí]; Bãi đỗ xe [miễn phí]; Đưa đón sân bay,Nhận/trả phòng [nhanh]; Nhận phòng [24 giờ]; Wi-Fi [miễn phí]; Bãi đỗ xe [miễn phí]; Đưa đón sân bay,,https://www.ivivu.com/khach-san-da-lat/huong-anh-dalat-palace,iVIVU,2026-09-20,2026-09-23,2026-09-24
975812,tui-ba-gang-boutique-hotel,Tui Ba Gang Boutique Hotel,0.0,0.0,0,712985,712985,,"54 Quang Trung, Phường 9",11.9486245,108.4600312,Nhận phòng [24 giờ]; Bãi đỗ xe [miễn phí],Nhận phòng [24 giờ]; Bãi đỗ xe [miễn phí],,https://www.ivivu.com/khach-san-da-lat/tui-ba-gang-boutique-hotel,iVIVU,2026-09-20,2026-09-23,2026-09-24
975829,nhy-villa-da-lat-review,Nhý Villa Đà Lạt Review,5.0,0.0,0,342209,342209,,159 Đường Nguyên Tử Lực,11.969350814819336,108.45236206054688,Nhận/trả phòng [nhanh]; Nhận phòng [24 giờ]; Bãi đỗ xe [miễn phí]; Đưa đón sân bay,Nhận/trả phòng [nhanh]; Nhận phòng [24 giờ]; Bãi đỗ xe [miễn phí]; Đưa đón sân bay,,https://www.ivivu.com/khach-san-da-lat/nhy-villa-da-lat-review,iVIVU,2026-09-20,2026-09-23,2026-09-24
975836,cc-xanh-xanh,CC Xanh Xanh,3.0,0.0,0,934956,934956,,15B Nguyen Luong Bang,11.953163,108.43619,Wi-Fi [miễn phí]; Bãi đỗ xe [miễn phí]; Đưa đón sân bay,Wi-Fi [miễn phí]; Bãi đỗ xe [miễn phí]; Đưa đón sân bay,,https://www.ivivu.com/khach-san-da-lat/cc-xanh-xanh,iVIVU,2026-09-20,2026-09-23,2026-09-24
976133,lanhs-homestay,Lanh's Homestay,5.0,0.0,0,530985,530985,,Bảo Lộc,11.5279045,107.7731778,Nhận phòng [24 giờ],Nhận phòng [24 giờ],,https://www.ivivu.com/khach-san-da-lat/lanhs-homestay,iVIVU,2026-09-20,2026-09-23,2026-09-24
976134,maysa-villa-56366410,Maysa Villa,3.0,0.0,0,668515,668515,,931 Trần Phú,11.539185,107.79714,Nhận phòng [24 giờ]; Đưa đón sân bay; Bãi đỗ xe [miễn phí],Nhận phòng [24 giờ]; Đưa đón sân bay; Bãi đỗ xe [miễn phí],,https://www.ivivu.com/khach-san-da-lat/maysa-villa-56366410,iVIVU,2026-09-20,2026-09-23,2026-09-24
1055551,sunny-hotel-da-lat,SUNNY HOTEL DA LAT,2.0,0.0,0,246240,246240,,6a Đ. Trần Nhật Duật,11.943229,108.428795,Bãi đỗ xe [miễn phí],Bãi đỗ xe [miễn phí],,https://www.ivivu.com/khach-san-da-lat/sunny-hotel-da-lat,iVIVU,2026-09-20,2026-09-23,2026-09-24
1055553,cottage-retreat-dalat,Cottage Retreat DALAT,3.0,0.0,0,1038101,1038101,,"34 Hoang Van Thu Street, Ward 5",11.9406395,108.42466,Nhận/trả phòng [nhanh]; Wi-Fi [miễn phí]; Đưa đón sân bay; Bãi đỗ xe [miễn phí],Nhận/trả phòng [nhanh]; Wi-Fi [miễn phí]; Đưa đón sân bay; Bãi đỗ xe [miễn phí],,https://www.ivivu.com/khach-san-da-lat/cottage-retreat-dalat,iVIVU,2026-09-20,2026-09-23,2026-09-24
1055557,nhat-hoang-homestay-da-lat-63430208,Nhat Hoang Homestay Da Lat,5.0,0.0,0,393984,393984,,A27 Đ. Mạc Đĩnh Chi,11.940619468688965,108.42754364013672,Nhận/trả phòng [nhanh]; Đưa đón sân bay; Bãi đỗ xe [miễn phí],Nhận/trả phòng [nhanh]; Đưa đón sân bay; Bãi đỗ xe [miễn phí],,https://www.ivivu.com/khach-san-da-lat/nhat-hoang-homestay-da-lat-63430208,iVIVU,2026-09-20,2026-09-23,2026-09-24
1055573,sans-souci-hotel-da-lat,Sans Souci Hotel - Đà Lạt,3.0,0.0,0,556574,556574,,57 Hồ Tùng Mậu,11.936793,108.44572,Nhận phòng [24 giờ]; Đưa đón sân bay,Nhận phòng [24 giờ]; Đưa đón sân bay,,https://www.ivivu.com/khach-san-da-lat/sans-souci-hotel-da-lat,iVIVU,2026-09-20,2026-09-23,2026-09-24
1055590,moc-yen-hotel-60578630,Moc Yen Hotel,5.0,0.0,0,476454,476454,,"55/23 Đường T Hiến Th nh, Phường 3, Th nh Phố Đ Lạt",11.9282088156668,108.445190782498,Nhận/trả phòng [nhanh]; Nhận phòng [24 giờ]; Wi-Fi [miễn phí]; Đưa đón sân bay; Bãi đỗ xe [miễn phí],Nhận/trả phòng [nhanh]; Nhận phòng [24 giờ]; Wi-Fi [miễn phí]; Đưa đón sân bay; Bãi đỗ xe [miễn phí],,https://www.ivivu.com/khach-san-da-lat/moc-yen-hotel-60578630,iVIVU,2026-09-20,2026-09-23,2026-09-24
1055600,chous-home,Chou's Home,3.0,0.0,0,494454,494454,,Lô E4 Khu Quy hoạch Phạm Hồng Thái,11.941812,108.45567,,,,https://www.ivivu.com/khach-san-da-lat/chous-home,iVIVU,2026-09-20,2026-09-23,2026-09-24
1055602,laam-boutique-house,Laam Boutique House,3.0,0.0,0,395075,395075,,58 Ba Tháng Hai,11.943041801452637,108.43458557128906,,,,https://www.ivivu.com/khach-san-da-lat/laam-boutique-house,iVIVU,2026-09-20,2026-09-23,2026-09-24
1055603,coralina-hill-villa,Coralina Hill Villa,5.0,0.0,0,622124,622124,,20 Hẻm Hoàng Hoa Thám,11.941054,108.46647,Nhận phòng [24 giờ]; Nhận/trả phòng [nhanh]; Wi-Fi [miễn phí]; Bãi đỗ xe [miễn phí]; Đưa đón sân bay,Nhận phòng [24 giờ]; Nhận/trả phòng [nhanh]; Wi-Fi [miễn phí]; Bãi đỗ xe [miễn phí]; Đưa đón sân bay,,https://www.ivivu.com/khach-san-da-lat/coralina-hill-villa,iVIVU,2026-09-20,2026-09-23,2026-09-24
1055613,orchid-hotel-65470260,Orchid Hotel,3.0,0.0,0,476302,476302,,"Số 11 Nguyễn Đ nh Chiểu, phường 9",11.950795633941704,108.45719524332688,Nhận phòng [24 giờ]; Nhận/trả phòng [nhanh]; Wi-Fi [miễn phí]; Đưa đón sân bay; Bãi đỗ xe [miễn phí],Nhận phòng [24 giờ]; Nhận/trả phòng [nhanh]; Wi-Fi [miễn phí]; Đưa đón sân bay; Bãi đỗ xe [miễn phí],,https://www.ivivu.com/khach-san-da-lat/orchid-hotel-65470260,iVIVU,2026-09-20,2026-09-23,2026-09-24
1055616,nathy-villa-65702465,Nathy Villa,5.0,0.0,0,229270,229270,,88 Đường Nam Hồ,11.94992,108.47941,Nhận phòng [24 giờ]; Bãi đỗ xe [miễn phí],Nhận phòng [24 giờ]; Bãi đỗ xe [miễn phí],,https://www.ivivu.com/khach-san-da-lat/nathy-villa-65702465,iVIVU,2026-09-20,2026-09-23,2026-09-24
1055621,lux-nest-hotel,Lux Nest hotel,3.0,0.0,0,366768,366768,,D25a Khu Quy Hoạch Ngô Quyền,11.958455,108.424194,Nhận phòng [24 giờ]; Nhận/trả phòng [nhanh]; Đưa đón sân bay; Bãi đỗ xe [miễn phí],Nhận phòng [24 giờ]; Nhận/trả phòng [nhanh]; Đưa đón sân bay; Bãi đỗ xe [miễn phí],,https://www.ivivu.com/khach-san-da-lat/lux-nest-hotel,iVIVU,2026-09-20,2026-09-23,2026-09-24
1055624,savio-homestay-phu-dong-thien-vuong,Savio Homestay Phu Dong Thien Vuong,3.0,0.0,0,655974,655974,,216/8 Đường Phù Đổng Thiên Vương,11.968814849853516,108.44470977783203,Nhận/trả phòng [nhanh]; Nhận phòng [24 giờ]; Wi-Fi [miễn phí]; Bãi đỗ xe [miễn phí],Nhận/trả phòng [nhanh]; Nhận phòng [24 giờ]; Wi-Fi [miễn phí]; Bãi đỗ xe [miễn phí],,https://www.ivivu.com/khach-san-da-lat/savio-homestay-phu-dong-thien-vuong,iVIVU,2026-09-20,2026-09-23,2026-09-24
1055629,la-mui-hotel-apartment,Lê Mùi Hotel & Apartment,2.0,0.0,0,858127,858127,,344 Nguyên Tử Lực,11.976373,108.45312,Nhận phòng [24 giờ]; Đưa đón sân bay,Nhận phòng [24 giờ]; Đưa đón sân bay,,https://www.ivivu.com/khach-san-da-lat/la-mui-hotel-apartment,iVIVU,2026-09-20,2026-09-23,2026-09-24
1055633,q-da-lat-hotel,Q Đà Lạt Hotel,3.0,0.0,0,596131,596131,,"386 Hai B Trưng , Phường 6",11.954569454317499,108.43044278691988,Nhận phòng [24 giờ],Nhận phòng [24 giờ],,https://www.ivivu.com/khach-san-da-lat/q-da-lat-hotel,iVIVU,2026-09-20,2026-09-23,2026-09-24
1055636,luniverso-premium-apartment,L'Universo Premium Apartment,3.0,0.0,0,1126548,1126548,,"B4 T Vĩnh Diện, phường 6",11.955486609935436,108.42274507927394,Nhận phòng [24 giờ]; Nhận/trả phòng [nhanh]; Đưa đón sân bay; Bãi đỗ xe [miễn phí],Nhận phòng [24 giờ]; Nhận/trả phòng [nhanh]; Đưa đón sân bay; Bãi đỗ xe [miễn phí],,https://www.ivivu.com/khach-san-da-lat/luniverso-premium-apartment,iVIVU,2026-09-20,2026-09-23,2026-09-24
1112624,thanh-thanh-5-dalat-hotel,Thanh Thanh 5 Dalat Hotel,3.0,0.0,0,237339,237339,,57 Đ. Thủ Khoa Huân,11.940448,108.433014,,,,https://www.ivivu.com/khach-san-da-lat/thanh-thanh-5-dalat-hotel,iVIVU,2026-09-20,2026-09-23,2026-09-24
1112657,xavia-hotel-dalat,Xavia Hotel Dalat,3.0,0.0,0,783000,783000,,58 Nguyễn Thị Nghĩa,11.949341773986816,108.43956756591797,,,,https://www.ivivu.com/khach-san-da-lat/xavia-hotel-dalat,iVIVU,2026-09-20,2026-09-23,2026-09-24
1112661,bee-luxury-da-lat-hotel,Bee Luxury Da Lat Hotel,2.0,0.0,0,338679,338679,,44c Đường Lương Thế Vinh,11.931327,108.44199,Nhận phòng [24 giờ]; Nhận/trả phòng [nhanh]; Wi-Fi [miễn phí]; Bãi đỗ xe [miễn phí]; Đưa đón sân bay,Nhận phòng [24 giờ]; Nhận/trả phòng [nhanh]; Wi-Fi [miễn phí]; Bãi đỗ xe [miễn phí]; Đưa đón sân bay,,https://www.ivivu.com/khach-san-da-lat/bee-luxury-da-lat-hotel,iVIVU,2026-09-20,2026-09-23,2026-09-24
1112686,da-lat-thien-vuong-homestay,Đà Lạt Thiên Vương Homestay,4.0,0.0,0,401710,401710,,"QL27C, DA SAR, LAC DUONG",12.07313,108.517944,Nhận phòng [24 giờ]; Nhận/trả phòng [nhanh]; Wi-Fi [miễn phí]; Bãi đỗ xe [miễn phí]; Phòng tập,Nhận phòng [24 giờ]; Nhận/trả phòng [nhanh]; Wi-Fi [miễn phí]; Bãi đỗ xe [miễn phí]; Phòng tập,,https://www.ivivu.com/khach-san-da-lat/da-lat-thien-vuong-homestay,iVIVU,2026-09-20,2026-09-23,2026-09-24
1112712,am-memory-central-hotel,AM Memory Central Hotel,3.0,0.0,0,258065,258065,,174 Đường Bùi Thị Xuân,11.949358940124512,108.43891906738281,Nhận/trả phòng [nhanh]; Wi-Fi [miễn phí]; Bãi đỗ xe [miễn phí]; Đưa đón sân bay,Nhận/trả phòng [nhanh]; Wi-Fi [miễn phí]; Bãi đỗ xe [miễn phí]; Đưa đón sân bay,,https://www.ivivu.com/khach-san-da-lat/am-memory-central-hotel,iVIVU,2026-09-20,2026-09-23,2026-09-24
1112750,september-garden-homestay-da-lat-khu-vuon-thang-9-da-lat,September Garden Homestay Da Lat - Khu Vườn Tháng 9 Đà Lạt,2.0,0.0,0,765184,765184,,"Tổ 19, khu Hồ Than Thở",11.962228135459,108.476995401328,Nhận phòng [24 giờ]; Nhận/trả phòng [nhanh]; Wi-Fi [miễn phí]; Bãi đỗ xe [miễn phí],Nhận phòng [24 giờ]; Nhận/trả phòng [nhanh]; Wi-Fi [miễn phí]; Bãi đỗ xe [miễn phí],,https://www.ivivu.com/khach-san-da-lat/september-garden-homestay-da-lat-khu-vuon-thang-9-da-lat,iVIVU,2026-09-20,2026-09-23,2026-09-24
1112754,yen-stay-and-coffee,Yen Stay and Coffee,5.0,0.0,0,886464,886464,,57/6 Hoang Hoa Tham,11.9363433561474,108.464216093254,,,,https://www.ivivu.com/khach-san-da-lat/yen-stay-and-coffee,iVIVU,2026-09-20,2026-09-23,2026-09-24
1112757,am-boutique-dalat,Ấm Boutique Dalat,4.0,0.0,0,1117998,1117998,,66 Ho ng Hoa Th m,11.934748,108.46443,,,,https://www.ivivu.com/khach-san-da-lat/am-boutique-dalat,iVIVU,2026-09-20,2026-09-23,2026-09-24
1112758,la-joia-villa,La Joia Villa,5.0,0.0,0,6761747,6761747,,3B 1B Cô Giang,11.948267,108.45732,Nhận phòng [24 giờ]; Đưa đón sân bay,Nhận phòng [24 giờ]; Đưa đón sân bay,,https://www.ivivu.com/khach-san-da-lat/la-joia-villa,iVIVU,2026-09-20,2026-09-23,2026-09-24
1112759,xuan-mai-hotel-72333130,Xuân Mai Hotel,2.0,0.0,0,246079,246079,,178 Đường Mê Linh,11.964413,108.47415,,,,https://www.ivivu.com/khach-san-da-lat/xuan-mai-hotel-72333130,iVIVU,2026-09-20,2026-09-23,2026-09-24
1112761,amory-dalat-hotel,Amory Dalat Hotel,4.0,0.0,0,307800,307800,,21 Ho Xuan Huong,11.9537699360681,108.471199387732,,,,https://www.ivivu.com/khach-san-da-lat/amory-dalat-hotel,iVIVU,2026-09-20,2026-09-23,2026-09-24
1112763,lux-nest-villa-da-lat,Lux Nest Villa Đà Lạt,3.0,0.0,0,292133,292133,,127 Hoàng Hoa Thám,11.93087,108.46433,,,,https://www.ivivu.com/khach-san-da-lat/lux-nest-villa-da-lat,iVIVU,2026-09-20,2026-09-23,2026-09-24
1112781,rung-thong-nui-voi-villa-resort,Rung Thong Nui Voi Villa & Resort,4.0,0.0,0,1241412,1241412,,"Km 214, Prenn - Lien Khuong Highway, K long Village, Hien An Commune",11.815988,108.44538,,,,https://www.ivivu.com/khach-san-da-lat/rung-thong-nui-voi-villa-resort,iVIVU,2026-09-20,2026-09-23,2026-09-24
1112783,9-inn-staycation-in-am-am-dalat,9 Inn - Staycation in Am Am Dalat,1.0,0.0,0,680924,680924,,91 Đ. Lữ Gia,11.954702,108.45906,,,,https://www.ivivu.com/khach-san-da-lat/9-inn-staycation-in-am-am-dalat,iVIVU,2026-09-20,2026-09-23,2026-09-24
1112797,rio-skyhouse,Rio Skyhouse,3.0,0.0,0,521120,521120,,Quốc lộ 20,11.856281,108.57203,,,,https://www.ivivu.com/khach-san-da-lat/rio-skyhouse,iVIVU,2026-09-20,2026-09-23,2026-09-24
1112806,chu-mansion-dalat-chill-grill-and-pickeball,Chu Mansion Dalat - Chill & Grill and Pickeball,3.0,0.0,0,474012,474012,,231 Đường P. Đ Thi n Vương,11.969696963261047,108.44195166634239,,,,https://www.ivivu.com/khach-san-da-lat/chu-mansion-dalat-chill-grill-and-pickeball,iVIVU,2026-09-20,2026-09-23,2026-09-24
1112809,dd-hospitality-may-bach-da-lat,DD Hospitality - Mây Bách Đà Lạt,3.0,0.0,0,785431,785431,,"100/7 Van Hanh Street, Ward 8, Da Lat City, Lam Dong Province",11.966191,108.447136,Nhận phòng [24 giờ]; Đưa đón sân bay,Nhận phòng [24 giờ]; Đưa đón sân bay,,https://www.ivivu.com/khach-san-da-lat/dd-hospitality-may-bach-da-lat,iVIVU,2026-09-20,2026-09-23,2026-09-24
1112823,midas-home,Midas Home,4.0,0.0,0,5042995,5042995,,23a Đường An Dương Vương,11.95144,108.43498,Nhận phòng [24 giờ]; Nhận/trả phòng [nhanh]; Bãi đỗ xe [miễn phí]; Đưa đón sân bay,Nhận phòng [24 giờ]; Nhận/trả phòng [nhanh]; Bãi đỗ xe [miễn phí]; Đưa đón sân bay,,https://www.ivivu.com/khach-san-da-lat/midas-home,iVIVU,2026-09-20,2026-09-23,2026-09-24
1114096,hoang-thien-homestay-sport,Hoang Thien Homestay & Sport,4.0,0.0,0,1367481,1367481,,"123/90 Mac Dinh Chi Street, Ward 2",11.567177772521973,107.78582000732422,,,,https://www.ivivu.com/khach-san-da-lat/hoang-thien-homestay-sport,iVIVU,2026-09-20,2026-09-23,2026-09-24
11570,khach-san-rum-vang-da-lat,Khách sạn Rum Vàng Đà Lạt,3.0,8.3,80,1154940,1154940,,24 Lê Đại Hành,11.93899021,108.43835235,Cách chợ Đà Lạt 8 phút đi bộ; Thang máy; Phòng Family,Cách chợ Đà Lạt 8 phút đi bộ; Thang máy; Phòng Family,Chợ Đà Lạt; Trung tâm TP Đà Lạt,https://www.ivivu.com/khach-san-da-lat/khach-san-rum-vang-da-lat,iVIVU,2026-09-20,2026-09-23,2026-09-24
11815,dalat-terrasse-des-roses-villa,Biệt Thự Hoa Hồng Đà Lạt (Dalat Terrasse Des Roses Villa),0.0,9.3,63,458577,458577,,"35 Cao Bá Quát, Phường 7",11.96108612,108.42966168,Không gian sân vườn; Villa; Phòng gia đình,Không gian sân vườn; Villa; Phòng gia đình,Trung tâm TP Đà Lạt,https://www.ivivu.com/khach-san-da-lat/dalat-terrasse-des-roses-villa,iVIVU,2026-09-20,2026-09-23,2026-09-24
11948,monet-garden-villa-da-lat,Tea Resort Đà Lạt,4.0,8.9,101,3296594,3296594,,3 Nguyễn Du,11.945645,108.459733,Villa; Không gian sân vườn; Thích hợp nghỉ dưỡng,Villa; Không gian sân vườn; Thích hợp nghỉ dưỡng,Trung tâm TP Đà Lạt,https://www.ivivu.com/khach-san-da-lat/monet-garden-villa-da-lat,iVIVU,2026-09-20,2026-09-23,2026-09-24
12253,khach-san-xuan-hong-2-da-lat,Khách sạn Xuân Hồng 2 Đà Lạt,2.0,8.5,161,10152240,10152240,,71 Nam Kỳ Khởi Nghĩa,11.940565,108.434731,Cách chợ Đà Lạt 5 phút đi bộ; Phòng gia đình; Thang máy,Cách chợ Đà Lạt 5 phút đi bộ; Phòng gia đình; Thang máy,Chợ Đà Lạt,https://www.ivivu.com/khach-san-da-lat/khach-san-xuan-hong-2-da-lat,iVIVU,2026-09-20,2026-09-23,2026-09-24
12257,khach-san-sammy-da-lat,Khách sạn Sammy Đà Lạt,4.0,9.1,48,3793358,3793358,,1 Lê Hồng Phong,11.9332505,108.4291909,Kiến trúc Pháp; Bãi đậu xe ôtô,Kiến trúc Pháp; Bãi đậu xe ôtô,Trung tâm TP Đà Lạt,https://www.ivivu.com/khach-san-da-lat/khach-san-sammy-da-lat,iVIVU,2026-09-20,2026-09-23,2026-09-24
12400,khach-san-vietsovpetro-da-lat,Khách sạn Vietsovpetro Đà Lạt,4.0,8.3,51,984960,984960,,7 Đường Hùng Vương,11.94108956,108.45998168,Cách chợ Đà Lạt 10 phút đi xe; Bãi đậu xe ô tô,Cách chợ Đà Lạt 10 phút đi xe; Bãi đậu xe ô tô,Trung tâm TP Đà Lạt,https://www.ivivu.com/khach-san-da-lat/khach-san-vietsovpetro-da-lat,iVIVU,2026-09-20,2026-09-23,2026-09-24
376646,villa-hoang-loc-da-lat,Villa Hoàng Lộc Đà Lạt,2.0,8.8,10,786510,786510,,"74/29 Đường Phù Đổng Thiên Vương, Phường 8",11.9603258,108.4437221,Villa thiết kế đẹp; Cách chợ Đà Lạt 10 phút lái xe; Phòng gia đình,Villa thiết kế đẹp; Cách chợ Đà Lạt 10 phút lái xe; Phòng gia đình,Chợ Đà Lạt,https://www.ivivu.com/khach-san-da-lat/villa-hoang-loc-da-lat,iVIVU,2026-09-20,2026-09-23,2026-09-24
376654,khu-nghi-duong-cadasa-da-lat,Khu nghỉ dưỡng Cadasa Đà Lạt,3.0,8.8,10,760409,760409,,"16 Trần Hưng Đạo, Phường 10",11.9380416,108.4523226,Biệt thự cổ; Villa cho gia đình; Sân vườn rộng rãi; Cách chợ Đà Lạt & Hồ Xuân Hương 2km,Biệt thự cổ; Villa cho gia đình; Sân vườn rộng rãi; Cách chợ Đà Lạt & Hồ Xuân Hương 2km,Chợ Đà Lạt,https://www.ivivu.com/khach-san-da-lat/khu-nghi-duong-cadasa-da-lat,iVIVU,2026-09-20,2026-09-23,2026-09-24
376745,biet-thu-hoa-tra-da-lat,Biệt Thự Hoa Trà Đà Lạt,0.0,8.9,37,4267362,4267362,,45 Yersin,11.9419706,108.4496879,Phòng gia đình; Gần hồ Xuân Hương; Gần trường cao đẳng sư phạm Đà Lạt,Phòng gia đình; Gần hồ Xuân Hương; Gần trường cao đẳng sư phạm Đà Lạt,,https://www.ivivu.com/khach-san-da-lat/biet-thu-hoa-tra-da-lat,iVIVU,2026-09-20,2026-09-23,2026-09-24
376839,hong-mon-villa-da-lat,Biệt Thự Hồng Môn Đà Lạt,3.0,8.9,18,680234,680234,,"102 Tô Hiến Thành, Phường 3",11.93039849,108.44337512,Biệt Thự; Thiết kế sang trọng; Không gian yên tĩnh,Biệt Thự; Thiết kế sang trọng; Không gian yên tĩnh,Trung tâm TP Đà Lạt,https://www.ivivu.com/khach-san-da-lat/hong-mon-villa-da-lat,iVIVU,2026-09-20,2026-09-23,2026-09-24
376974,khach-san-victory-da-lat,Khách sạn Victory Đà Lạt,2.0,8.9,54,1659596,1659596,,"50 Phan Như Thạch, Phường 1",11.94124509,108.43373722,Thang máy; Khoảng 7 phút đi bộ đến chợ Đà Lạt; Phòng gia đình,Thang máy; Khoảng 7 phút đi bộ đến chợ Đà Lạt; Phòng gia đình,Chợ Đà Lạt,https://www.ivivu.com/khach-san-da-lat/khach-san-victory-da-lat,iVIVU,2026-09-20,2026-09-23,2026-09-24
377015,khach-san-kings-da-lat,Khách sạn Kings Đà Lạt,4.0,8.8,119,664603,664603,,"10 Bùi Thị Xuân, P. 2",11.94274673,108.44035609,Thiết kế sang trong & hiện đại; Gần ngay hồ Xuân Hương & chợ Đà Lạt; Có phòng Family,Thiết kế sang trong & hiện đại; Gần ngay hồ Xuân Hương & chợ Đà Lạt; Có phòng Family,Chợ Đà Lạt,https://www.ivivu.com/khach-san-da-lat/khach-san-kings-da-lat,iVIVU,2026-09-20,2026-09-23,2026-09-24
377022,khach-san-phuong-uyen-da-lat,Khách sạn Phương Uyên Đà Lạt,1.0,8.8,66,267656,267656,,"28 Nguyễn Văn Trỗi, Phường 1",11.9446878,108.43596039,Phòng gia đình; Thang máy; Ngay chợ Đà Lạt; Giá rẻ,Phòng gia đình; Thang máy; Ngay chợ Đà Lạt; Giá rẻ,Chợ Đà Lạt,https://www.ivivu.com/khach-san-da-lat/khach-san-phuong-uyen-da-lat,iVIVU,2026-09-20,2026-09-23,2026-09-24
377023,khu-du-lich-rung-madagui,Khu du lịch Rừng Madagui,3.0,6.8,5,1603928,1603928,,"Km 152, Quốc lộ 20, Khu phố 1, Thị trấn Madaguôi",11.4198103,107.5760365,Khu du lịch; Thích hợp nghỉ dưỡng; Villa; Hồ bơi ngoài trời; Cách Đà Lạt 148km,Khu du lịch; Thích hợp nghỉ dưỡng; Villa; Hồ bơi ngoài trời; Cách Đà Lạt 148km,,https://www.ivivu.com/khach-san-da-lat/khu-du-lich-rung-madagui,iVIVU,2026-09-20,2026-09-23,2026-09-24
377102,khach-san-stop-and-go-boutique-da-lat,Khách Sạn Stop And Go Boutique Đà Lạt,0.0,9.0,32,435610,435610,,"88 Lý Tự Trọng, P. 2",11.94524833,108.43896426,Thích hợp nghỉ dưỡng; sân vườn; Cách vườn Hoa Đà Lạt 1.3km; Cách Hồ Xuân Hương và chợ Đà Lạt chỉ khoảng 5 phút đi bộ,Thích hợp nghỉ dưỡng; sân vườn; Cách vườn Hoa Đà Lạt 1.3km; Cách Hồ Xuân Hương và chợ Đà Lạt chỉ khoảng 5 phút đi bộ,Chợ Đà Lạt,https://www.ivivu.com/khach-san-da-lat/khach-san-stop-and-go-boutique-da-lat,iVIVU,2026-09-20,2026-09-23,2026-09-24
377114,khach-san-diamond-da-lat,Khách sạn Diamond Đà Lạt,2.0,8.8,4,854157,854157,,"14-16 Khu Hòa Bình, Phường 1",11.94413541,108.4358207,Khách sạn mới; Ngay chợ Đà Lạt; Phòng gia đình; Thang máy,Khách sạn mới; Ngay chợ Đà Lạt; Phòng gia đình; Thang máy,Chợ Đà Lạt; Trung tâm TP Đà Lạt,https://www.ivivu.com/khach-san-da-lat/khach-san-diamond-da-lat,iVIVU,2026-09-20,2026-09-23,2026-09-24
377183,khach-san-marguerite-da-lat,Khách sạn Marguerite Đà Lạt,3.0,8.7,14,554040,554040,,"30-32 Nguyễn Chí Thanh, Phường 1",11.93989572,108.43535995,Ngay chợ Đà Lạt; Phòng gia đình,Ngay chợ Đà Lạt; Phòng gia đình,Chợ Đà Lạt,https://www.ivivu.com/khach-san-da-lat/khach-san-marguerite-da-lat,iVIVU,2026-09-20,2026-09-23,2026-09-24
377583,khach-san-tulip-iii-da-lat,Khách sạn Tulip 3 Đà Lạt,2.0,9.2,36,485463,485463,,"57-59 Ba Tháng Hai, P.1",11.94212155,108.4341329,Khách sạn mới; Phòng gia đình,Khách sạn mới; Phòng gia đình,Chợ Đà Lạt,https://www.ivivu.com/khach-san-da-lat/khach-san-tulip-iii-da-lat,iVIVU,2026-09-20,2026-09-23,2026-09-24
377599,khu-du-lich-nghi-duong-thuy-hoang-nguyen-da-lat,Khu du lịch nghỉ dưỡng Thủy Hoàng Nguyên Đà Lạt,4.0,0.0,0,954021,954021,,"TK143, Đường 723, Xã Đa Sar",12.003611,108.4863263,Thích hợp nghỉ dưỡng; Hướng nhìn thung lũng; Phòng gia đình,Thích hợp nghỉ dưỡng; Hướng nhìn thung lũng; Phòng gia đình,,https://www.ivivu.com/khach-san-da-lat/khu-du-lich-nghi-duong-thuy-hoang-nguyen-da-lat,iVIVU,2026-09-20,2026-09-23,2026-09-24
377775,biet-thu-ky-uc-da-lat,Biệt thự Ký Ức Đà Lạt,0.0,9.0,2,382998,382998,,"24B Hùng Vương, Phường 10",11.9451178,108.4626468,Biệt thự; Bãi đậu xe rộng rãi,Biệt thự; Bãi đậu xe rộng rãi,Trung tâm TP Đà Lạt,https://www.ivivu.com/khach-san-da-lat/biet-thu-ky-uc-da-lat,iVIVU,2026-09-20,2026-09-23,2026-09-24
377935,khach-san-mai-hoang-da-lat,Khách sạn Mai Hoàng Đà Lạt,2.0,9.5,6,272052,272052,,"42A Hà Huy Tập, Phường 3",11.93521378,108.44092411,Khách sạn mới; Phòng gia đình; Có thang máy,Khách sạn mới; Phòng gia đình; Có thang máy,Chợ Đà Lạt,https://www.ivivu.com/khach-san-da-lat/khach-san-mai-hoang-da-lat,iVIVU,2026-09-20,2026-09-23,2026-09-24
377936,khach-san-lucky-star-da-lat,Khách Sạn Lucky Star Đà Lạt,2.0,9.6,5,356352,356352,,"36 Tô Hiến Thành, Phường 3",11.92827317,108.44501448,Khách sạn mới; Phòng gia đình,Khách sạn mới; Phòng gia đình,Chợ Đà Lạt,https://www.ivivu.com/khach-san-da-lat/khach-san-lucky-star-da-lat,iVIVU,2026-09-20,2026-09-23,2026-09-24
378947,hai-long-vuong-hotel,Khách sạn Hải Long Vương,2.0,0.0,0,271314,271314,,Lô 6 Khu Quy Hoạch Trần lê. đường Trần Lê,11.93830967,108.42653656,Gần Chùa Lâm Tỳ Ni,Gần Chùa Lâm Tỳ Ni,,https://www.ivivu.com/khach-san-da-lat/hai-long-vuong-hotel,iVIVU,2026-09-20,2026-09-23,2026-09-24
561853,khach-san-gia-huy-da-lat,Khách sạn Glory,1.0,0.0,0,360983,360983,,"53 Nam Kỳ Khởi Nghĩa, Phường 1",11.94045529,108.43540502,Phòng gia đình; Giá rẻ,Phòng gia đình; Giá rẻ,Chợ Đà Lạt,https://www.ivivu.com/khach-san-da-lat/khach-san-gia-huy-da-lat,iVIVU,2026-09-20,2026-09-23,2026-09-24
561890,khach-san-the-luxe-da-lat,Khách sạn The Luxe Đà Lạt,3.0,9.2,126,501399,501399,,"17 Ba Tháng Tư, Phường 3",11.93017676,108.44699073,Khách sạn mới; Thiết kế hiện đại; Phòng gia đình; Căn hộ,Khách sạn mới; Thiết kế hiện đại; Phòng gia đình; Căn hộ,Trung tâm TP Đà Lạt,https://www.ivivu.com/khach-san-da-lat/khach-san-the-luxe-da-lat,iVIVU,2026-09-20,2026-09-23,2026-09-24
561942,biet-thu-jolie-house-da-lat,Biệt thự Jolie House Đà Lạt,0.0,0.0,0,1067249,1067249,,"27/2 Phù Đổng Thiên Vương, phường 8",11.96253203,108.44345292,Biệt thự; Cho thuê nguyên căn; Thích hợp cho gia đình,Biệt thự; Cho thuê nguyên căn; Thích hợp cho gia đình,Trung tâm TP Đà Lạt,https://www.ivivu.com/khach-san-da-lat/biet-thu-jolie-house-da-lat,iVIVU,2026-09-20,2026-09-23,2026-09-24
562328,golden-bee-hotel,Khách sạn Golden Bee,3.5,0.0,0,968222,968222,,"17 lê hồng phong, phường 4",11.93292046,108.42777252,"Khách sạn Golden Bee ở Đà Lạt, cách Dinh Bảo Đại và Crazy House 10 phút đi bộ. Khách sạn này cách Chùa Lâm Tỳ Ni 0, 4 mi (0, 7 km) và cách Nhà thờ lớn Đà Lạt 0, 8 mi (1, 2 km).","Khách sạn Golden Bee ở Đà Lạt, cách Dinh Bảo Đại và Crazy House 10 phút đi bộ. Khách sạn này cách Chùa Lâm Tỳ Ni 0, 4 mi (0, 7 km) và cách Nhà thờ lớn Đà Lạt 0, 8 mi (1, 2 km).",,https://www.ivivu.com/khach-san-da-lat/golden-bee-hotel,iVIVU,2026-09-20,2026-09-23,2026-09-24
577212,khach-san-dragon-king-1-da-lat,Khách sạn Dragon King 1 Đà Lạt,3.0,9.4,27,455544,455544,,"65-67 Bùi Thị Xuân, Phường 2",11.94543851,108.4392969,Gần chợ Đà Lạt; Gần hồ Xuân Hương; Phòng gia đình,Gần chợ Đà Lạt; Gần hồ Xuân Hương; Phòng gia đình,Chợ Đà Lạt; Trung tâm TP Đà Lạt,https://www.ivivu.com/khach-san-da-lat/khach-san-dragon-king-1-da-lat,iVIVU,2026-09-20,2026-09-23,2026-09-24
577258,khach-san-da-lan-2-da-lat,Khách sạn Dạ Lan 2 Đà Lạt,2.0,9.8,58,1126142,1126142,,"36 Nguyễn Chí Thanh, Phường 1",11.94110526,108.43658093,Khách sạn mới; Ngay chợ Đà Lạt; Có thang máy; Phòng gia đình,Khách sạn mới; Ngay chợ Đà Lạt; Có thang máy; Phòng gia đình,Chợ Đà Lạt,https://www.ivivu.com/khach-san-da-lat/khach-san-da-lan-2-da-lat,iVIVU,2026-09-20,2026-09-23,2026-09-24
577317,khach-san-moonstone-da-lat,Khách sạn Moonstone Đà Lạt,2.0,0.0,0,366432,366432,,"86 Lý Tự Trọng, Phường 2",11.946005,108.438667,Khách sạn mới,Khách sạn mới,Chợ Đà Lạt; Trung tâm TP Đà Lạt,https://www.ivivu.com/khach-san-da-lat/khach-san-moonstone-da-lat,iVIVU,2026-09-20,2026-09-23,2026-09-24
577339,khach-san-nghi-duong-romeo-juliet-da-lat,Khách sạn Romeo & Juliet Đà Lạt,0.0,7.7,6,696103,696103,,"Đường Hoa Phượng Tím, Khu Highland Resort, Phường 3",11.8894802,108.4329065,Thích hợp nghỉ dưỡng,Thích hợp nghỉ dưỡng,Hồ Tuyền Lâm,https://www.ivivu.com/khach-san-da-lat/khach-san-nghi-duong-romeo-juliet-da-lat,iVIVU,2026-09-20,2026-09-23,2026-09-24
577543,khach-san-hoang-minh-chau-ba-trieu,Khách sạn Hoàng Minh Châu - Bà Triệu,3.0,0.0,0,703930,703930,,"11 Bà Triệu, Phường 3",11.938416,108.434051,,,Chợ Đà Lạt; Trung tâm TP Đà Lạt,https://www.ivivu.com/khach-san-da-lat/khach-san-hoang-minh-chau-ba-trieu,iVIVU,2026-09-20,2026-09-23,2026-09-24
577707,khach-san-queen-t-t-da-lat,Khách sạn Queen T&T Đà Lạt,3.0,6.0,1,455544,455544,,239B Phan Đình Phùng,11.9478495,108.4357437,Khách sạn mới; Thiết kế hiện đại,Khách sạn mới; Thiết kế hiện đại,Chợ Đà Lạt; Trung tâm TP Đà Lạt,https://www.ivivu.com/khach-san-da-lat/khach-san-queen-t-t-da-lat,iVIVU,2026-09-20,2026-09-23,2026-09-24
577742,khach-san-peach-valley-da-lat,Khách sạn Peach Valley Đà Lạt,2.0,10.0,3,414969,414969,,"26K Yersin, Phường 10",11.94355028,108.45120523,Khách sạn mới; Phòng gia đình; Gần hồ Xuân Hương,Khách sạn mới; Phòng gia đình; Gần hồ Xuân Hương,Chợ Đà Lạt; Trung tâm TP Đà Lạt,https://www.ivivu.com/khach-san-da-lat/khach-san-peach-valley-da-lat,iVIVU,2026-09-20,2026-09-23,2026-09-24
577753,khach-san-tulip-city-view-da-lat,Khách sạn Tulip City View Đà Lạt,2.0,10.0,1,453914,453914,,"53 – 55 Phan Như Thạch, Phường 1",11.9413588,108.43414507,,,Chợ Đà Lạt; Trung tâm TP Đà Lạt,https://www.ivivu.com/khach-san-da-lat/khach-san-tulip-city-view-da-lat,iVIVU,2026-09-20,2026-09-23,2026-09-24
577764,khach-san-tulip-2-da-lat,Khách sạn Tulip 2 Đà Lạt,2.0,0.0,0,812735,812735,,"14 Nguyễn Chí Thanh, Phường 1",11.9418264,108.436197,,,Chợ Đà Lạt; Trung tâm TP Đà Lạt,https://www.ivivu.com/khach-san-da-lat/khach-san-tulip-2-da-lat,iVIVU,2026-09-20,2026-09-23,2026-09-24
577774,khach-san-ky-hoa-da-lat,Khách sạn Kỳ Hòa Đà Lạt,3.0,0.0,0,412313,412313,,"217 Phù Đổng Thiên Vương, Phường 8",11.9682746,108.4438025,,,Chợ Đà Lạt; Trung tâm TP Đà Lạt,https://www.ivivu.com/khach-san-da-lat/khach-san-ky-hoa-da-lat,iVIVU,2026-09-20,2026-09-23,2026-09-24
577966,gold-view-hotel-da-lat,Khách sạn Gold View Đà Lạt,3.5,0.0,0,465185,465185,,"33 Dang Thai Than, Phuong 3, Da Lat",11.930533,108.449501,"Gold View Hotel Đà Lạt ở trung tâm Đà Lạt, chỉ cách Nhà thờ lớn Đà Lạt và Quảng trường Lâm Viên 5 phút lái xe. Khách sạn này cách Cáp treo Đà Lạt 0, 9 mi (1, 5 km) và cách Chợ Đà Lạt 1, 6 mi (2, 6 km).","Gold View Hotel Đà Lạt ở trung tâm Đà Lạt, chỉ cách Nhà thờ lớn Đà Lạt và Quảng trường Lâm Viên 5 phút lái xe. Khách sạn này cách Cáp treo Đà Lạt 0, 9 mi (1, 5 km) và cách Chợ Đà Lạt 1, 6 mi (2, 6 km).",,https://www.ivivu.com/khach-san-da-lat/gold-view-hotel-da-lat,iVIVU,2026-09-20,2026-09-23,2026-09-24
577976,mega-sky-hotel,Mega Sky Hotel,3.0,0.0,0,335726,335726,,81 Hung Vuong Street,11.9482,108.47519,"Mega Sky Hotel ở Đà Lạt, cách Bảo tàng Lâm Đồng và Chùa Thiên Vương 5 phút lái xe. Khách sạn này cách Dinh Bảo Đại 1 1, 5 mi (2, 4 km) và cách Vườn hoa Đà Lạt 2, 2 mi (3, 5 km).","Mega Sky Hotel ở Đà Lạt, cách Bảo tàng Lâm Đồng và Chùa Thiên Vương 5 phút lái xe. Khách sạn này cách Dinh Bảo Đại 1 1, 5 mi (2, 4 km) và cách Vườn hoa Đà Lạt 2, 2 mi (3, 5 km).",,https://www.ivivu.com/khach-san-da-lat/mega-sky-hotel,iVIVU,2026-09-20,2026-09-23,2026-09-24
577977,harmony-villa-da-lat,Biệt Thự Harmony Đà Lạt,0.0,10.0,2,407047,407047,,98 Tô Hiến Thành,11.93036,108.443565,"Harmony Villa Đà Lạt ở Đà Lạt, cách Cáp treo Đà Lạt và Quảng trường Lâm Viên 5 phút lái xe. Nhà khách này cách Nhà thờ lớn Đà Lạt 1, 9 mi (3 km) và cách Chợ Đà Lạt 2, 3 mi (3, 6 km).","Harmony Villa Đà Lạt ở Đà Lạt, cách Cáp treo Đà Lạt và Quảng trường Lâm Viên 5 phút lái xe. Nhà khách này cách Nhà thờ lớn Đà Lạt 1, 9 mi (3 km) và cách Chợ Đà Lạt 2, 3 mi (3, 6 km).",,https://www.ivivu.com/khach-san-da-lat/harmony-villa-da-lat,iVIVU,2026-09-20,2026-09-23,2026-09-24
577990,khach-san-tuan-thuy,Khách sạn Tuấn Thủy,2.0,0.0,0,313100,313100,,"Block R1 26-27 KQH Golf Valley, Ward 2",11.9478208,108.438921,"Khách sạn Tuấn Thủy ở Đà Lạt, cách Dinh Bảo Đại 1 và Bảo tàng Lâm Đồng 10 phút lái xe. Khách sạn này cách Quảng trường Lâm Viên 4 mi (6, 5 km) và cách Chùa Linh Phước 4, 1 mi (6, 6 km).","Khách sạn Tuấn Thủy ở Đà Lạt, cách Dinh Bảo Đại 1 và Bảo tàng Lâm Đồng 10 phút lái xe. Khách sạn này cách Quảng trường Lâm Viên 4 mi (6, 5 km) và cách Chùa Linh Phước 4, 1 mi (6, 6 km).",,https://www.ivivu.com/khach-san-da-lat/khach-san-tuan-thuy,iVIVU,2026-09-20,2026-09-23,2026-09-24
578006,7s-hotel-the-gate-dalat,Khách sạn The Gate Boutique Đà Lạt,2.5,8.0,1,545308,545308,,"28 Đặng Thái Thân, Phường 3",11.929921,108.449423,"7S Hotel The Gate Dalat ở Đà Lạt, cách Nhà thờ lớn Đà Lạt và Quảng trường Lâm Viên 5 phút lái xe. Khách sạn này cách Cáp treo Đà Lạt 0, 9 mi (1, 5 km) và cách Chợ Đà Lạt 1, 6 mi (2, 6 km).","7S Hotel The Gate Dalat ở Đà Lạt, cách Nhà thờ lớn Đà Lạt và Quảng trường Lâm Viên 5 phút lái xe. Khách sạn này cách Cáp treo Đà Lạt 0, 9 mi (1, 5 km) và cách Chợ Đà Lạt 1, 6 mi (2, 6 km).",,https://www.ivivu.com/khach-san-da-lat/7s-hotel-the-gate-dalat,iVIVU,2026-09-20,2026-09-23,2026-09-24
578307,khach-san-chau-giang,Khách sạn Châu Giang,2.0,0.0,0,274505,274505,,"80 Nguyen Chi Thanh, Ward 1",11.93984,108.43518,"Tọa lạc tại Đà Lạt, Khách sạn Châu Giang cách Chợ Đà Lạt và Nhà thờ lớn Đà Lạt 15 phút đi bộ. Khách sạn này cách Crazy House 0, 6 mi (1 km) và cách Chùa Lâm Tỳ Ni 1 mi (1, 5 km).","Tọa lạc tại Đà Lạt, Khách sạn Châu Giang cách Chợ Đà Lạt và Nhà thờ lớn Đà Lạt 15 phút đi bộ. Khách sạn này cách Crazy House 0, 6 mi (1 km) và cách Chùa Lâm Tỳ Ni 1 mi (1, 5 km).",,https://www.ivivu.com/khach-san-da-lat/khach-san-chau-giang,iVIVU,2026-09-20,2026-09-23,2026-09-24
578311,khach-san-thien-ly,Khách sạn Thiên Lý,2.5,0.0,0,449940,449940,,60 Phạm Ngũ Lão - phường 3,11.938052,108.434072,"Khách sạn Thiên Lý ở trung tâm Đà Lạt, cách Nhà thờ lớn Đà Lạt và Crazy House 10 phút đi bộ. Khách sạn này cách Chợ Đà Lạt 0, 6 mi (1 km) và cách Quảng trường Lâm Viên 0, 9 mi (1, 4 km).","Khách sạn Thiên Lý ở trung tâm Đà Lạt, cách Nhà thờ lớn Đà Lạt và Crazy House 10 phút đi bộ. Khách sạn này cách Chợ Đà Lạt 0, 6 mi (1 km) và cách Quảng trường Lâm Viên 0, 9 mi (1, 4 km).",,https://www.ivivu.com/khach-san-da-lat/khach-san-thien-ly,iVIVU,2026-09-20,2026-09-23,2026-09-24
578335,khach-san-nguyen-dang,Khách sạn Nguyên Đăng,2.0,0.0,0,6062580,6062580,,"21A - 21B Tran Phu, Ward 3",11.9356389,108.4329243,"Khách sạn Nguyên Đăng ở Đà Lạt, cách Nhà thờ lớn Đà Lạt 3 phút đi bộ và Crazy House 7 phút đi bộ. Khách sạn này cách Quảng trường Lâm Viên 0, 8 mi (1, 3 km) và cách Chợ Đà Lạt 0, 3 km).","Khách sạn Nguyên Đăng ở Đà Lạt, cách Nhà thờ lớn Đà Lạt 3 phút đi bộ và Crazy House 7 phút đi bộ. Khách sạn này cách Quảng trường Lâm Viên 0, 8 mi (1, 3 km) và cách Chợ Đà Lạt 0, 3 km).",,https://www.ivivu.com/khach-san-da-lat/khach-san-nguyen-dang,iVIVU,2026-09-20,2026-09-23,2026-09-24
578337,dalat-memory-inn,Khách sạn Dalat Memory Inn,3.0,0.0,0,476112,476112,,"8/1 Dao Duy Tu, ward 4",11.93492,108.43351,"Dalat Memory Inn ở Đà Lạt, cách Nhà thờ lớn Đà Lạt và Crazy House 10 phút đi bộ. Khách sạn này cách Chợ Đà Lạt 0, 8 mi (1, 4 km) và cách Dinh Bảo Đại 0, 9 mi (1, 5 km).","Dalat Memory Inn ở Đà Lạt, cách Nhà thờ lớn Đà Lạt và Crazy House 10 phút đi bộ. Khách sạn này cách Chợ Đà Lạt 0, 8 mi (1, 4 km) và cách Dinh Bảo Đại 0, 9 mi (1, 5 km).",,https://www.ivivu.com/khach-san-da-lat/dalat-memory-inn,iVIVU,2026-09-20,2026-09-23,2026-09-24
578339,lucas-inn,Lucas Inn,3.0,0.0,0,384814,384814,,"5/4 Lê Đại Hành, Phường 3",11.938387,108.438357,"Tọa lạc tại Đà Lạt, Lucas Inn chỉ cách Chợ Đà Lạt và Vườn hoa Đà Lạt 5 phút lái xe. Khách sạn cách Câu lạc bộ golf Dalat Palace 1, 7 mi (2, 7 km) và cách Cáp treo Đà Lạt 2 mi (3, 2 km).","Tọa lạc tại Đà Lạt, Lucas Inn chỉ cách Chợ Đà Lạt và Vườn hoa Đà Lạt 5 phút lái xe. Khách sạn cách Câu lạc bộ golf Dalat Palace 1, 7 mi (2, 7 km) và cách Cáp treo Đà Lạt 2 mi (3, 2 km).",,https://www.ivivu.com/khach-san-da-lat/lucas-inn,iVIVU,2026-09-20,2026-09-23,2026-09-24
578341,khach-san-hana-da-lat,Khách sạn Hana Đà Lạt,3.0,0.0,0,783729,783729,,53-55 BA THANG HAI,11.942547,108.434458,"Khách sạn Hana Đà Lạt ở Đà Lạt, cách Chợ Đà Lạt và Nhà thờ lớn Đà Lạt 15 phút đi bộ. Khách sạn này cách Chùa Linh Sơn 0, 8 mi (1, 4 km) và cách Nhà thờ Mai Anh 0, 9 mi (1, 4 km).","Khách sạn Hana Đà Lạt ở Đà Lạt, cách Chợ Đà Lạt và Nhà thờ lớn Đà Lạt 15 phút đi bộ. Khách sạn này cách Chùa Linh Sơn 0, 8 mi (1, 4 km) và cách Nhà thờ Mai Anh 0, 9 mi (1, 4 km).",,https://www.ivivu.com/khach-san-da-lat/khach-san-hana-da-lat,iVIVU,2026-09-20,2026-09-23,2026-09-24
578347,khach-san-minh-quan,Khách sạn Minh Quân,3.0,0.0,0,267079,267079,,"3/12 Ba Trieu, Phường 3, Đà Lạt, Tỉnh Lâm Đồng",11.93826,108.43506,"Khách sạn Minh Quân ở Đà Lạt, cách Nhà thờ lớn Đà Lạt và Crazy House 10 phút đi bộ. Khách sạn này cách Chợ Đà Lạt 0, 7 mi (1, 1 km) và cách Quảng trường Lâm Viên 0, 8 mi (1, 3 km).","Khách sạn Minh Quân ở Đà Lạt, cách Nhà thờ lớn Đà Lạt và Crazy House 10 phút đi bộ. Khách sạn này cách Chợ Đà Lạt 0, 7 mi (1, 1 km) và cách Quảng trường Lâm Viên 0, 8 mi (1, 3 km).",,https://www.ivivu.com/khach-san-da-lat/khach-san-minh-quan,iVIVU,2026-09-20,2026-09-23,2026-09-24
578352,khach-san-da-lat-phu-tho,Khách sạn Đà Lạt Phú Thọ,3.0,0.0,0,746888,746888,,42 HÀ HUY TẬP - P03 - ĐÀ LẠT,11.93528,108.44089,"Khách sạn Đà Lạt Phú Thọ ở Đà Lạt, cách Nhà thờ lớn Đà Lạt và Quảng trường Lâm Viên 15 phút đi bộ. Khách sạn này cách Crazy House 0, 9 mi (1, 4 km) và cách Chợ Đà Lạt 0, 9 mi (1, 5 km).","Khách sạn Đà Lạt Phú Thọ ở Đà Lạt, cách Nhà thờ lớn Đà Lạt và Quảng trường Lâm Viên 15 phút đi bộ. Khách sạn này cách Crazy House 0, 9 mi (1, 4 km) và cách Chợ Đà Lạt 0, 9 mi (1, 5 km).",,https://www.ivivu.com/khach-san-da-lat/khach-san-da-lat-phu-tho,iVIVU,2026-09-20,2026-09-23,2026-09-24
578361,huyen-179,Huyen 179 Hotel,3.0,0.0,0,429746,429746,,29 Bùi Thị Xuân,11.94453,108.4397,"Huyền 179 ở Đà Lạt, cách Chợ Đà Lạt và Chùa Linh Sơn 15 phút đi bộ. Khách sạn này cách Nhà thờ lớn Đà Lạt 0, 8 mi (1, 3 km) và cách Hồ Xuân Hương 0, 9 mi (1, 5 km).","Huyền 179 ở Đà Lạt, cách Chợ Đà Lạt và Chùa Linh Sơn 15 phút đi bộ. Khách sạn này cách Nhà thờ lớn Đà Lạt 0, 8 mi (1, 3 km) và cách Hồ Xuân Hương 0, 9 mi (1, 5 km).",,https://www.ivivu.com/khach-san-da-lat/huyen-179,iVIVU,2026-09-20,2026-09-23,2026-09-24
578373,the-grace-29012359,The Grace Hotel,2.5,0.0,0,428130,428130,,51 Nam Ky Khoi Nghia,11.94036,108.43518,"The Grace ở trung tâm Đà Lạt, cách Chợ Đà Lạt và Nhà thờ lớn Đà Lạt 15 phút đi bộ. Khách sạn này cách Crazy House 0, 8 mi (1, 3 km) và cách Chùa Linh Sơn 1 mi (1, 6 km).","The Grace ở trung tâm Đà Lạt, cách Chợ Đà Lạt và Nhà thờ lớn Đà Lạt 15 phút đi bộ. Khách sạn này cách Crazy House 0, 8 mi (1, 3 km) và cách Chùa Linh Sơn 1 mi (1, 6 km).",,https://www.ivivu.com/khach-san-da-lat/the-grace-29012359,iVIVU,2026-09-20,2026-09-23,2026-09-24
578385,khach-san-wisteria,Khách sạn Wisteria Đà Lạt,2.0,0.0,0,2001951,2001951,,"5/6 Le Dai Hanh, phuong 3",11.94034,108.43723,Gần chợ Đà Lạt,Gần chợ Đà Lạt,Chợ Đà Lạt,https://www.ivivu.com/khach-san-da-lat/khach-san-wisteria,iVIVU,2026-09-20,2026-09-23,2026-09-24
578400,khach-san-tata-2,Khách sạn Tata 2,2.0,0.0,0,517515,517515,,23 Phan Như Thạch,11.940787,108.4309076,"Tọa lạc tại Đà Lạt, Khách sạn Tata 2 cách Chợ Đà Lạt và Nhà thờ lớn Đà Lạt 15 phút đi bộ. Khách sạn này cách Crazy House 0, 9 mi (1, 4 km) và cách Chùa Linh Sơn 1 mi (1, 5 km).","Tọa lạc tại Đà Lạt, Khách sạn Tata 2 cách Chợ Đà Lạt và Nhà thờ lớn Đà Lạt 15 phút đi bộ. Khách sạn này cách Crazy House 0, 9 mi (1, 4 km) và cách Chùa Linh Sơn 1 mi (1, 5 km).",,https://www.ivivu.com/khach-san-da-lat/khach-san-tata-2,iVIVU,2026-09-20,2026-09-23,2026-09-24
578412,circle-chiquilla,Circle Chiquilla,3.0,0.0,0,407773,407773,,"128C AN DUONG VUONG, PHUONG 2",11.955069,108.435889,"Circle Chiquilla ở trung tâm Đà Lạt, cách Chùa Linh Sơn và Đại học Đà Lạt 15 phút đi bộ. Khách sạn này cách Nhà thờ Mai Anh 0, 9 mi (1, 4 km) và cách Câu lạc bộ golf Dalat Palace 1 mi (1, 6 km).","Circle Chiquilla ở trung tâm Đà Lạt, cách Chùa Linh Sơn và Đại học Đà Lạt 15 phút đi bộ. Khách sạn này cách Nhà thờ Mai Anh 0, 9 mi (1, 4 km) và cách Câu lạc bộ golf Dalat Palace 1 mi (1, 6 km).",,https://www.ivivu.com/khach-san-da-lat/circle-chiquilla,iVIVU,2026-09-20,2026-09-23,2026-09-24
578662,new-hampton-suits-khach-san-tam-xuan,New Hampton Suits- Khách sạn trung tâm Tầm Xuân,2.5,0.0,0,553267,553267,,"14 - 16 Hai Thuong, phuong 1",11.94183,108.431727,"New Hampton Suits - Khách sạn Tầm Xuân ở Đà Lạt, cách Chợ Đà Lạt và Nhà thờ Mai Anh 15 phút đi bộ. Khách sạn này cách Crazy House 0, 7 mi (1, 1 km) và cách Chùa Lâm Tỳ Ni 0, 7 mi (1, 2 km).","New Hampton Suits - Khách sạn Tầm Xuân ở Đà Lạt, cách Chợ Đà Lạt và Nhà thờ Mai Anh 15 phút đi bộ. Khách sạn này cách Crazy House 0, 7 mi (1, 1 km) và cách Chùa Lâm Tỳ Ni 0, 7 mi (1, 2 km).",,https://www.ivivu.com/khach-san-da-lat/new-hampton-suits-khach-san-tam-xuan,iVIVU,2026-09-20,2026-09-23,2026-09-24
578694,ttr-studio,Khách sạn căn hộ TTR Studio,0.0,0.0,0,361053,361053,,Đường Nguyễn Khuyến,11.9437,108.422894,"Tọa lạc tại trung tâm Đà Lạt, TTR Studio cách Thác Cam Ly và Chợ Đà Lạt 5 phút lái xe. Khách sạn căn hộ cách Dinh Bảo Đại 1, 5 mi (2, 4 km) và cách Hồ Xuân Hương 2, 3 mi (3, 7 km).","Tọa lạc tại trung tâm Đà Lạt, TTR Studio cách Thác Cam Ly và Chợ Đà Lạt 5 phút lái xe. Khách sạn căn hộ cách Dinh Bảo Đại 1, 5 mi (2, 4 km) và cách Hồ Xuân Hương 2, 3 mi (3, 7 km).",,https://www.ivivu.com/khach-san-da-lat/ttr-studio,iVIVU,2026-09-20,2026-09-23,2026-09-24
578702,khach-san-tasme,Khách sạn Tasme,3.0,0.0,0,266696,266696,,"14 Trieu Viet Vuong, Ward 4",11.9323,108.427,"Khách sạn Tasme ở Đà Lạt, cách Dinh Bảo Đại 4 phút đi bộ và Chùa Lâm Tỳ Ni 8 phút đi bộ. Khách sạn này cách Crazy House 0, 4 mi (0, 7 km) và cách Nhà thờ lớn Đà Lạt 0, 9 mi (1, 4 km).","Khách sạn Tasme ở Đà Lạt, cách Dinh Bảo Đại 4 phút đi bộ và Chùa Lâm Tỳ Ni 8 phút đi bộ. Khách sạn này cách Crazy House 0, 4 mi (0, 7 km) và cách Nhà thờ lớn Đà Lạt 0, 9 mi (1, 4 km).",,https://www.ivivu.com/khach-san-da-lat/khach-san-tasme,iVIVU,2026-09-20,2026-09-23,2026-09-24
578709,christinas-da-lat-bich-dao-villas,BICH DAO Boutique - Dalat,0.0,0.0,0,1209920,1209920,,8 Trieu Viet Vuong,11.9316943,108.4244019,"Christina's Da Lat - Bich Dao Villas ở Đà Lạt, cách Dinh Bảo Đại 4 phút đi bộ và Chùa Lâm Tỳ Ni 8 phút đi bộ. Nhà khách này cách Crazy House 0, 4 mi (0, 7 km) và cách Nhà thờ lớn Đà Lạt 0, 8 mi (1, 3 km).","Christina's Da Lat - Bich Dao Villas ở Đà Lạt, cách Dinh Bảo Đại 4 phút đi bộ và Chùa Lâm Tỳ Ni 8 phút đi bộ. Nhà khách này cách Crazy House 0, 4 mi (0, 7 km) và cách Nhà thờ lớn Đà Lạt 0, 8 mi (1, 3 km).",,https://www.ivivu.com/khach-san-da-lat/christinas-da-lat-bich-dao-villas,iVIVU,2026-09-20,2026-09-23,2026-09-24
578712,khach-san-dinh-loan,Khách sạn Dinh Loan,3.0,0.0,0,856582,856582,,16 Đường Gio An,11.939296,108.421318,"Tọa lạc tại Đà Lạt, Khách sạn Dinh Loan cách Thác Cam Ly và Chùa Lâm Tỳ Ni 15 phút đi bộ. Khách sạn này cách Crazy House 1 mi (1, 7 km) và cách Nhà thờ lớn Đà Lạt 1, 3 mi (2, 2 km).","Tọa lạc tại Đà Lạt, Khách sạn Dinh Loan cách Thác Cam Ly và Chùa Lâm Tỳ Ni 15 phút đi bộ. Khách sạn này cách Crazy House 1 mi (1, 7 km) và cách Nhà thờ lớn Đà Lạt 1, 3 mi (2, 2 km).",,https://www.ivivu.com/khach-san-da-lat/khach-san-dinh-loan,iVIVU,2026-09-20,2026-09-23,2026-09-24
578797,khach-san-dreams,Khách sạn Dreams,3.0,0.0,0,772744,772744,,140 Phan Dinh Phung,11.946968,108.43549,"Khách sạn Dreams ở Đà Lạt, cách Chùa Linh Sơn và Chợ Đà Lạt 15 phút đi bộ. Khách sạn này cách Đại học Đà Lạt 1 mi (1, 6 km) và cách Chùa Lâm Tỳ Ni 1, 2 mi (1, 9 km).","Khách sạn Dreams ở Đà Lạt, cách Chùa Linh Sơn và Chợ Đà Lạt 15 phút đi bộ. Khách sạn này cách Đại học Đà Lạt 1 mi (1, 6 km) và cách Chùa Lâm Tỳ Ni 1, 2 mi (1, 9 km).",,https://www.ivivu.com/khach-san-da-lat/khach-san-dreams,iVIVU,2026-09-20,2026-09-23,2026-09-24
578805,khach-san-my-hy,Khách sạn Mỹ Hy,3.0,0.0,0,223151,223151,,27 Ly Tu Trong,11.945145,108.438828,"Khách sạn Mỹ Hy ở trung tâm Đà Lạt, cách Chợ Đà Lạt và Chùa Linh Sơn 15 phút đi bộ. Khách sạn này cách Nhà thờ lớn Đà Lạt 0, 9 mi (1, 4 km) và cách Hồ Xuân Hương 1 mi (1, 6 km).","Khách sạn Mỹ Hy ở trung tâm Đà Lạt, cách Chợ Đà Lạt và Chùa Linh Sơn 15 phút đi bộ. Khách sạn này cách Nhà thờ lớn Đà Lạt 0, 9 mi (1, 4 km) và cách Hồ Xuân Hương 1 mi (1, 6 km).",,https://www.ivivu.com/khach-san-da-lat/khach-san-my-hy,iVIVU,2026-09-20,2026-09-23,2026-09-24
579996,khach-san-sandals-star,Khách sạn Sandals Star Đức Trọng,3.0,0.0,0,622087,622087,,"KM270, Liên Nghĩa",11.737347,108.373904,Hiện đại,Hiện đại,Đức Trọng,https://www.ivivu.com/khach-san-da-lat/khach-san-sandals-star,iVIVU,2026-09-20,2026-09-23,2026-09-24
580298,dalat-sky-hostel,Dalat Sky Hostel,0.0,0.0,0,296154,296154,,27 Vo Thi Sau,11.949304,108.438497,"Dalat Sky Hostel ở Đà Lạt, cách Chùa Linh Sơn 4 phút đi bộ và Đại học Đà Lạt 10 phút đi bộ. Hostel này cách Câu lạc bộ golf Dalat Palace 0, 8 mi (1, 2 km) và cách Nhà thờ Mai Anh 1 mi (1, 7 km).","Dalat Sky Hostel ở Đà Lạt, cách Chùa Linh Sơn 4 phút đi bộ và Đại học Đà Lạt 10 phút đi bộ. Hostel này cách Câu lạc bộ golf Dalat Palace 0, 8 mi (1, 2 km) và cách Nhà thờ Mai Anh 1 mi (1, 7 km).",,https://www.ivivu.com/khach-san-da-lat/dalat-sky-hostel,iVIVU,2026-09-20,2026-09-23,2026-09-24
580314,cherry-house-da-lat,Cherry House Da Lat,2.0,0.0,0,222105,222105,,Hẻm 31 NGUYỄN CÔNG TRỨ - PHƯỜNG 8 - TP ĐÀ LẠT,11.954794,108.440417,"Cherry House Đà Lạt ở Đà Lạt, cách Đại học Đà Lạt 3 phút đi bộ và Câu lạc bộ golf Dalat Palace 8 phút đi bộ. Khách sạn này cách Chùa Linh Sơn 0, 6 mi (0, 9 km) và cách Vườn hoa Đà Lạt 0, 9 mi (1, 4 km).","Cherry House Đà Lạt ở Đà Lạt, cách Đại học Đà Lạt 3 phút đi bộ và Câu lạc bộ golf Dalat Palace 8 phút đi bộ. Khách sạn này cách Chùa Linh Sơn 0, 6 mi (0, 9 km) và cách Vườn hoa Đà Lạt 0, 9 mi (1, 4 km).",,https://www.ivivu.com/khach-san-da-lat/cherry-house-da-lat,iVIVU,2026-09-20,2026-09-23,2026-09-24
580324,khach-san-hong-tung,Khách sạn Hồng Tùng,2.0,0.0,0,347480,347480,,"85- 87 Nguyễn Công Trứ, Phường 2",11.956399,108.439267,"Tọa lạc tại Đà Lạt, Khách sạn Hồng Tùng cách Đại học Đà Lạt và Câu lạc bộ golf Dalat Palace 15 phút đi bộ. Khách sạn này cách Chùa Linh Sơn 1 mi (1, 5 km) và cách Vườn hoa Đà Lạt 1, 1 mi (1, 7 km).","Tọa lạc tại Đà Lạt, Khách sạn Hồng Tùng cách Đại học Đà Lạt và Câu lạc bộ golf Dalat Palace 15 phút đi bộ. Khách sạn này cách Chùa Linh Sơn 1 mi (1, 5 km) và cách Vườn hoa Đà Lạt 1, 1 mi (1, 7 km).",,https://www.ivivu.com/khach-san-da-lat/khach-san-hong-tung,iVIVU,2026-09-20,2026-09-23,2026-09-24
580496,d-house-da-lat,D House Dalat,3.0,0.0,0,461654,461654,,"131 Hoang Hoa Tham, Phuong 10",11.930621,108.464295,"D House Đà Lạt ở Đà Lạt, trên núi, cách Chùa Thiên Vương và Dinh Bảo Đại 1 5 phút lái xe. Khách sạn này cách Bảo tàng Lâm Đồng 1 mi (1, 6 km) và cách Quảng trường Lâm Viên 2, 1 mi (3, 4 km).","D House Đà Lạt ở Đà Lạt, trên núi, cách Chùa Thiên Vương và Dinh Bảo Đại 1 5 phút lái xe. Khách sạn này cách Bảo tàng Lâm Đồng 1 mi (1, 6 km) và cách Quảng trường Lâm Viên 2, 1 mi (3, 4 km).",,https://www.ivivu.com/khach-san-da-lat/d-house-da-lat,iVIVU,2026-09-20,2026-09-23,2026-09-24
580714,nqueen-villa,Biệt thự N'Queen,0.0,0.0,0,864507,864507,,"37 Duong Yersin, Phuong 09",11.941469,108.451798,"N'Queen Villa ở Đà Lạt, cách Quảng trường Lâm Viên và Bảo tàng Lâm Đồng 5 phút lái xe. Khách sạn căn hộ này cách Chùa Thiên Vương 0, 9 mi (1, 4 km) và cách Nhà thờ lớn Đà Lạt 1, 2 mi (1, 9 km).","N'Queen Villa ở Đà Lạt, cách Quảng trường Lâm Viên và Bảo tàng Lâm Đồng 5 phút lái xe. Khách sạn căn hộ này cách Chùa Thiên Vương 0, 9 mi (1, 4 km) và cách Nhà thờ lớn Đà Lạt 1, 2 mi (1, 9 km).",,https://www.ivivu.com/khach-san-da-lat/nqueen-villa,iVIVU,2026-09-20,2026-09-23,2026-09-24
580716,daisy-gold-da-lat,Khách Sạn Daisy Gold Đà Lạt,3.5,0.0,0,844030,844030,,"14 Sương Nguyệt Ánh, Phường 9",11.950176,108.455389,"Tọa lạc tại Đà Lạt, Daisy Gold Đà Lạt cách Vườn hoa Đà Lạt và Hồ Xuân Hương 15 phút đi bộ. Khách sạn này cách Câu lạc bộ golf Dalat Palace 0, 9 mi (1, 4 km) và cách Quảng trường Lâm Viên 1, 2 mi (2 km).","Tọa lạc tại Đà Lạt, Daisy Gold Đà Lạt cách Vườn hoa Đà Lạt và Hồ Xuân Hương 15 phút đi bộ. Khách sạn này cách Câu lạc bộ golf Dalat Palace 0, 9 mi (1, 4 km) và cách Quảng trường Lâm Viên 1, 2 mi (2 km).",,https://www.ivivu.com/khach-san-da-lat/daisy-gold-da-lat,iVIVU,2026-09-20,2026-09-23,2026-09-24
582128,an-garden-dalat,An Garden Dalat,0.0,0.0,0,291521,291521,,"26A Dong da, Phuong 3",11.924455,108.443446,"An Garden Dalat ở Đà Lạt, cách Cáp treo Đà Lạt và Nhà thờ lớn Đà Lạt 5 phút lái xe. Nhà khách này cách Quảng trường Lâm Viên 1, 8 mi (3 km) và cách Dinh Bảo Đại 2 mi (3, 2 km).","An Garden Dalat ở Đà Lạt, cách Cáp treo Đà Lạt và Nhà thờ lớn Đà Lạt 5 phút lái xe. Nhà khách này cách Quảng trường Lâm Viên 1, 8 mi (3 km) và cách Dinh Bảo Đại 2 mi (3, 2 km).",,https://www.ivivu.com/khach-san-da-lat/an-garden-dalat,iVIVU,2026-09-20,2026-09-23,2026-09-24
794548,khach-san-taladalat-da-lat,Khách sạn Taladalat Đà Lạt,0.0,10.0,3,771528,771528,,"14/11 Khởi Nghĩa Bắc Sơn, Phường 10",11.9370263,108.4521916,Tiện lợi,Tiện lợi,Trung tâm TP Đà Lạt,https://www.ivivu.com/khach-san-da-lat/khach-san-taladalat-da-lat,iVIVU,2026-09-20,2026-09-23,2026-09-24
794569,khach-san-guava-hill-boutique-da-lat,Khách sạn Guava Hill Boutique Đà Lạt,0.0,0.0,0,1453196,1453196,,"54 Nguyễn Đình Chiểu, phường 9",11.9506436,108.4602991,Hiện đại; Vị trí thuận tiện,Hiện đại; Vị trí thuận tiện,Trung tâm TP Đà Lạt,https://www.ivivu.com/khach-san-da-lat/khach-san-guava-hill-boutique-da-lat,iVIVU,2026-09-20,2026-09-23,2026-09-24
794627,adela-hotel-cafe,Khách sạn Adela Đà Lạt,0.0,0.0,0,648300,648300,,"62/14 Đ. Hùng Vương, Phường 9",11.948645,108.4707351,,,Trung tâm TP Đà Lạt,https://www.ivivu.com/khach-san-da-lat/adela-hotel-cafe,iVIVU,2026-09-20,2026-09-23,2026-09-24
816790,moon-valley-dalat-hotel,Khách sạn Moon Valley Đà Lạt,3.0,9.6,5,527128,527128,,"31C Dang Thai Than Road, Ward 3",11.93033518,108.45055118,,,,https://www.ivivu.com/khach-san-da-lat/moon-valley-dalat-hotel,iVIVU,2026-09-20,2026-09-23,2026-09-24
816795,pine-forest-house-da-lat,Pine Forest House Da Lat,3.0,0.0,0,426438,426438,,Hẻm 2 Đặng Th&#225;i Th&#226;n,11.9300508,108.451431,,,,https://www.ivivu.com/khach-san-da-lat/pine-forest-house-da-lat,iVIVU,2026-09-20,2026-09-23,2026-09-24
816796,the-art-an-yen-villa,The Art - Biệt Thự An Yên,0.0,0.0,0,602577,602577,,47/3 HOANG HOA THAM W10 DALAT,11.9657298072817,108.578446707583,,,,https://www.ivivu.com/khach-san-da-lat/the-art-an-yen-villa,iVIVU,2026-09-20,2026-09-23,2026-09-24
816797,omirita-resort-dalat,Khu Nghỉ Dưỡng Omirita Đà Lạt,3.0,8.0,2,749843,749843,,"Tiểu Khu 156, Đèo Mimosa, Phường 10",11.9174276,108.4601,Biệt thự Pháp giữa rừng thông Mimosa; Trải nghiệm thiên nhiên đa dạng,Biệt thự Pháp giữa rừng thông Mimosa; Trải nghiệm thiên nhiên đa dạng,,https://www.ivivu.com/khach-san-da-lat/omirita-resort-dalat,iVIVU,2026-09-20,2026-09-23,2026-09-24
816798,homestay-vuontung-pine-garden,Homestay VuonTung (Pine Garden),0.0,0.0,0,351340,351340,,"14/1 Đường 3 Tháng 4, Phường 3",11.9312179,108.4451068,,,,https://www.ivivu.com/khach-san-da-lat/homestay-vuontung-pine-garden,iVIVU,2026-09-20,2026-09-23,2026-09-24
816799,tan-villa-2-da-lat,Tân Villa 2 - Đà Lạt,0.0,0.0,0,1445040,1445040,,"26 A, 3/4 Street",11.9302787276459,108.44658964611,,,,https://www.ivivu.com/khach-san-da-lat/tan-villa-2-da-lat,iVIVU,2026-09-20,2026-09-23,2026-09-24
816802,lacasa-may,Lacasa May,3.0,0.0,0,546492,546492,,"10/5, Đường Ba Tháng Tư",11.93257999420166,108.44550323486328,,,,https://www.ivivu.com/khach-san-da-lat/lacasa-may,iVIVU,2026-09-20,2026-09-23,2026-09-24
816809,minh-chien-suite-luxury-apartment,Minh Chien Suite Luxury Apartment,0.0,0.0,0,1300383,1300383,,"An son, Phuong 4",11.9254742,108.427444,,,,https://www.ivivu.com/khach-san-da-lat/minh-chien-suite-luxury-apartment,iVIVU,2026-09-20,2026-09-23,2026-09-24
816810,oak-village-by-d-home,Oak Village by D Home,0.0,0.0,0,734023,734023,,32/21 hẻm 32 đường 3/4 phường 3,11.9175138,108.441856,,,,https://www.ivivu.com/khach-san-da-lat/oak-village-by-d-home,iVIVU,2026-09-20,2026-09-23,2026-09-24
816813,memory-inn-dalat,Memory Inn Đà Lạt,0.0,0.0,0,626472,626472,,"SỐ 3 KQH Đà Lạt Green, Đường 3/4",11.9330902099609,108.446601867676,,,,https://www.ivivu.com/khach-san-da-lat/memory-inn-dalat,iVIVU,2026-09-20,2026-09-23,2026-09-24
816814,greeneco-da-lat-hotel,GreenEco Da Lat Hotel,2.0,10.0,2,479389,479389,,"9A Trieu Viet Vuong, District 3",11.920023355027,108.436444839287,,,,https://www.ivivu.com/khach-san-da-lat/greeneco-da-lat-hotel,iVIVU,2026-09-20,2026-09-23,2026-09-24
816815,ngoc-nguyen-homestay,Ngoc Nguyen Homestay,2.0,0.0,0,3870908,3870908,,12 Đường Triệu Việt Vương,11.9284239,108.430511,,,,https://www.ivivu.com/khach-san-da-lat/ngoc-nguyen-homestay,iVIVU,2026-09-20,2026-09-23,2026-09-24
816818,hoa-sen-vang-hotel-dalat,Khách sạn Sen Vàng,2.0,0.0,0,563915,563915,,4 Triệu Việt Vương f4,11.9323526,108.4269875,,,,https://www.ivivu.com/khach-san-da-lat/hoa-sen-vang-hotel-dalat,iVIVU,2026-09-20,2026-09-23,2026-09-24
816819,ttr-vincent-hotel,TTR Vincent Hotel,3.0,0.0,0,256340,256340,,26 Đường Trần Lê,11.9365206,108.426941,,,,https://www.ivivu.com/khach-san-da-lat/ttr-vincent-hotel,iVIVU,2026-09-20,2026-09-23,2026-09-24
816820,ttr-central-apart-hotel,TTR Central Apart Hotel,0.0,0.0,0,779211,779211,,4b Hải Thượng,11.9422245,108.431526,,,,https://www.ivivu.com/khach-san-da-lat/ttr-central-apart-hotel,iVIVU,2026-09-20,2026-09-23,2026-09-24
816821,thanh-thao-hotel,Khách sạn Thanh Thảo,2.0,0.0,0,486570,486570,,"21 Nguyen Van Troi,",11.945,108.4356,,,,https://www.ivivu.com/khach-san-da-lat/thanh-thao-hotel,iVIVU,2026-09-20,2026-09-23,2026-09-24
816824,bong-hong-hotel,Bong Hong Hotel,2.0,0.0,0,798867,798867,,"163 Duong 3 thang 2, phuong 4",11.940049780362536,108.43080925581978,,,,https://www.ivivu.com/khach-san-da-lat/bong-hong-hotel,iVIVU,2026-09-20,2026-09-23,2026-09-24
816827,dalat-lacasa,Đà Lạt Lacasa,2.0,0.0,0,689723,689723,,2 Hồ Tùng Mậu 2 B hồ tùng Mậu - Phường 3 - Đalat,11.9375,108.43929290771484,,,,https://www.ivivu.com/khach-san-da-lat/dalat-lacasa,iVIVU,2026-09-20,2026-09-23,2026-09-24
816832,artis-hotel-dalat,Khách sạn Artis Đà Lạt,3.0,10.0,1,1591080,1591080,,"11 Hoang Dieu, Ward 5",11.9425204,108.4303935,,,,https://www.ivivu.com/khach-san-da-lat/artis-hotel-dalat,iVIVU,2026-09-20,2026-09-23,2026-09-24
816833,q-center-dalat,Q-Center Dalat,1.5,0.0,0,499492,499492,,82 Nguyen Chi Thanh,11.9397728,108.4352731,,,,https://www.ivivu.com/khach-san-da-lat/q-center-dalat,iVIVU,2026-09-20,2026-09-23,2026-09-24
816834,centro-hotel,Centro Hotel,2.0,0.0,0,333112,333112,,103 Phan Bội Châu,11.9437644,108.4387176,,,,https://www.ivivu.com/khach-san-da-lat/centro-hotel,iVIVU,2026-09-20,2026-09-23,2026-09-24
816836,nha-an-cozy,Nhà An Cozy,1.0,0.0,0,1328715,1328715,,"A1 KQH Nguyễn Khuyến, Phường 5",11.943594,108.422577,,,,https://www.ivivu.com/khach-san-da-lat/nha-an-cozy,iVIVU,2026-09-20,2026-09-23,2026-09-24
816838,khach-san-tuong-vy-1988-hotel,KHÁCH SẠN TƯỜNG VY 1988 HOTEL,2.0,0.0,0,254624,254624,,"46 Phan Như Thạch, Phường 1",11.9410753,108.433449,,,,https://www.ivivu.com/khach-san-da-lat/khach-san-tuong-vy-1988-hotel,iVIVU,2026-09-20,2026-09-23,2026-09-24
816844,tournesol-villa-dalat,Tournesol Villa Dalat,0.0,0.0,0,1048254,1048254,,"Lô 11, Khu Quy Hoạch 51 Đống Đa, Phường 3",11.9268656,108.442055,,,,https://www.ivivu.com/khach-san-da-lat/tournesol-villa-dalat,iVIVU,2026-09-20,2026-09-23,2026-09-24
816847,thanh-do-hotel,khách sạn Thành Đô,0.0,0.0,0,893363,893363,,"50Nguyen Chi Thanh , tp Da Lat",11.9401019869527,108.436245895343,,,,https://www.ivivu.com/khach-san-da-lat/thanh-do-hotel,iVIVU,2026-09-20,2026-09-23,2026-09-24
816848,president-hotel,President Hotel,3.0,0.0,0,684466,684466,,Trần Bình Trọng,11.9457664,108.428955,,,,https://www.ivivu.com/khach-san-da-lat/president-hotel,iVIVU,2026-09-20,2026-09-23,2026-09-24
816849,hoa-dat-hotel,Hoa Dat Hotel,2.0,0.0,0,585021,585021,,Đường Hồ Tùng Mậu,11.9385757,108.439529,,,,https://www.ivivu.com/khach-san-da-lat/hoa-dat-hotel,iVIVU,2026-09-20,2026-09-23,2026-09-24
816850,dalat-paradise-hotel,KHÁCH SẠN ĐÀ LẠT PARADISE,3.0,0.0,0,1019813,1019813,,28- BATRIEU- P4- DALAT,11.938150214502928,108.43418222156525,,,,https://www.ivivu.com/khach-san-da-lat/dalat-paradise-hotel,iVIVU,2026-09-20,2026-09-23,2026-09-24
816853,blue-sky-homestay,Blue Sky Homestay,0.0,0.0,0,307965,307965,,"80/2 Hoang Dieu, Ward 5",11.943172,108.423983,,,,https://www.ivivu.com/khach-san-da-lat/blue-sky-homestay,iVIVU,2026-09-20,2026-09-23,2026-09-24
816859,ami-boutique-hotel-dalat,Khách sạn Ami Boutique Đà Lạt,3.0,10.0,5,338580,338580,,17 Huynh Thu Khang,11.93520560036055,108.42854730377212,,,,https://www.ivivu.com/khach-san-da-lat/ami-boutique-hotel-dalat,iVIVU,2026-09-20,2026-09-23,2026-09-24
816862,de-maat-hotel,De Ma'at Hôtel,2.0,0.0,0,889110,889110,,33-35 Nam Kỳ Khởi Nghĩa,11.9403791,108.435448,,,,https://www.ivivu.com/khach-san-da-lat/de-maat-hotel,iVIVU,2026-09-20,2026-09-23,2026-09-24
816863,yukkuri-boutique-hotel-dalat,Khách sạn YUKKURI Boutique Đà Lạt,2.0,0.0,0,585730,585730,,"19/3 Tran Phu, Phuong 3",11.9359545,108.4361882,,,,https://www.ivivu.com/khach-san-da-lat/yukkuri-boutique-hotel-dalat,iVIVU,2026-09-20,2026-09-23,2026-09-24
816876,dalat-sa-lemongrass,Sả Đà Lạt,0.0,0.0,0,299515,299515,,"83/2 Phan Dinh Phung , ward 1",11.943880081176758,108.43363952636719,,,,https://www.ivivu.com/khach-san-da-lat/dalat-sa-lemongrass,iVIVU,2026-09-20,2026-09-23,2026-09-24
816879,dong-thuy-phuong,Đồng Thủy Phương,2.0,0.0,0,480043,480043,,"4 Phan Như Thạch, phường 1",11.941282312586225,108.43570839755324,,,,https://www.ivivu.com/khach-san-da-lat/dong-thuy-phuong,iVIVU,2026-09-20,2026-09-23,2026-09-24
816881,nhat-nguyen-hotel,Khách Sạn Nhật Nguyên,4.5,0.0,0,517842,517842,,"33/23 Ho Tung Mau street, ward 3",11.9392663083017,108.438902829654,,,,https://www.ivivu.com/khach-san-da-lat/nhat-nguyen-hotel,iVIVU,2026-09-20,2026-09-23,2026-09-24
816885,orimi-cafe-homies-da-lat,Orimi Café & Homies Đà Lạt,1.0,0.0,0,817438,817438,,30 Đường An Bình,11.9285278,108.437653,,,,https://www.ivivu.com/khach-san-da-lat/orimi-cafe-homies-da-lat,iVIVU,2026-09-20,2026-09-23,2026-09-24
816886,royal-palace-1,Khách Sạn Royal Palace Đà Lạt,3.0,0.0,0,529605,529605,,"49A Hà Huy Tập, Phường 3",11.93546185,108.44101617,,,,https://www.ivivu.com/khach-san-da-lat/royal-palace-1,iVIVU,2026-09-20,2026-09-23,2026-09-24
816894,hanz-ngoc-sang-hotel-dalat,Khách sạn S79 Kim Phú,2.0,0.0,0,420883,420883,,"Hai Ba Trung, Dalat City Center",11.9430238,108.4350578,,,,https://www.ivivu.com/khach-san-da-lat/hanz-ngoc-sang-hotel-dalat,iVIVU,2026-09-20,2026-09-23,2026-09-24
816896,le-grey-dalat-hotel,Le Grey Dalat Hotel,2.0,0.0,0,535972,535972,,"23 Le Dai Hanh Phuong 3, Da Lat",11.93834881933099,108.43786695581969,,,,https://www.ivivu.com/khach-san-da-lat/le-grey-dalat-hotel,iVIVU,2026-09-20,2026-09-23,2026-09-24
816901,phuong-hong-guesthouse,Phuong Hong Guesthouse,0.0,0.0,0,242104,242104,,"23/2 phạm ngũ lão, phường 3",11.93763088092,108.435042500496,,,,https://www.ivivu.com/khach-san-da-lat/phuong-hong-guesthouse,iVIVU,2026-09-20,2026-09-23,2026-09-24
816904,dalat-lavita,Lavita Đà lạt,0.0,0.0,0,564544,564544,,"34 Hai Thuong, Ward 6",11.942805973894462,108.43099344907375,,,,https://www.ivivu.com/khach-san-da-lat/dalat-lavita,iVIVU,2026-09-20,2026-09-23,2026-09-24
816909,isana-hotel-dalat,Isana Hotel Dalat,2.5,0.0,0,467770,467770,,"41-43 Truong Cong Dinh, Phuong 1",11.9447858,108.43488100000002,,,,https://www.ivivu.com/khach-san-da-lat/isana-hotel-dalat,iVIVU,2026-09-20,2026-09-23,2026-09-24
816910,amigo-homestay,AMIGO HOMESTAY,3.0,0.0,0,438821,438821,,5 Đường Thủ Khoa Huân,11.9413261,108.433723,,,,https://www.ivivu.com/khach-san-da-lat/amigo-homestay,iVIVU,2026-09-20,2026-09-23,2026-09-24
816911,capital-o-585-saigon-book-da-lat-hotel,Khách Sạn Capital O 585 Sài Gòn Book Đà Lạt,3.0,0.0,0,439414,439414,,"16 Trạng Trình Street, 09 Ward",11.951283534255458,108.4540123432962,,,,https://www.ivivu.com/khach-san-da-lat/capital-o-585-saigon-book-da-lat-hotel,iVIVU,2026-09-20,2026-09-23,2026-09-24
816913,roha-hotel,Roha Hotel,1.0,0.0,0,217045,217045,,Yersin,11.941084294533656,108.45123761271975,,,,https://www.ivivu.com/khach-san-da-lat/roha-hotel,iVIVU,2026-09-20,2026-09-23,2026-09-24
816915,anh-duc-hotel-da-lat,Khách sạn Anh Đức Đà Lạt,3.0,0.0,0,467856,467856,,1A Tuong Pho - Phuong 9 - Dalat,11.9470075784772,108.460580290599,,,,https://www.ivivu.com/khach-san-da-lat/anh-duc-hotel-da-lat,iVIVU,2026-09-20,2026-09-23,2026-09-24
816916,kimi-homestay,KiMi HomeStay,0.0,0.0,0,484245,484245,,Đường Nguyên Tử Lực,11.9539156,108.450432,,,,https://www.ivivu.com/khach-san-da-lat/kimi-homestay,iVIVU,2026-09-20,2026-09-23,2026-09-24
816920,binh-duong-da-lat-hotel,Bình Dương-Đà Lạt Hotel,2.0,0.0,0,417752,417752,,"36c Đ. Hùng Vương, Phường 10",11.946756,108.4649058,,,,https://www.ivivu.com/khach-san-da-lat/binh-duong-da-lat-hotel,iVIVU,2026-09-20,2026-09-23,2026-09-24
816921,le-gia-hotel-da-lat,Lê Gia Hotel Đà Lạt,2.0,0.0,0,665602,665602,,"21 Khe Sanh, Phường 10",11.9326229,108.4597,,,,https://www.ivivu.com/khach-san-da-lat/le-gia-hotel-da-lat,iVIVU,2026-09-20,2026-09-23,2026-09-24
816922,andalat-homestay,ANDALAT HOMESTAY,1.0,0.0,0,634264,634264,,9 Hoàng Hoa Thám,11.9412441474464,108.465331475478,,,,https://www.ivivu.com/khach-san-da-lat/andalat-homestay,iVIVU,2026-09-20,2026-09-23,2026-09-24
816928,dream-boutique-hotel,Khách sạn Dream Boutique,4.0,0.0,0,2028862,2028862,,"1A Hoàng Hoa Thám, Phường 10",11.9397876,108.4633647,,,,https://www.ivivu.com/khach-san-da-lat/dream-boutique-hotel,iVIVU,2026-09-20,2026-09-23,2026-09-24
816931,win-villa-coffee,Win Villa Coffee,0.0,0.0,0,603949,603949,,5 Khe Sanh,11.9369307,108.45916,,,,https://www.ivivu.com/khach-san-da-lat/win-villa-coffee,iVIVU,2026-09-20,2026-09-23,2026-09-24
816933,thung-lung-mo-dream-valley,Thung Lũng Mơ,0.0,0.0,0,343704,343704,,5 Đường Nam Hồ,11.9456100463867,108.476951599121,,,,https://www.ivivu.com/khach-san-da-lat/thung-lung-mo-dream-valley,iVIVU,2026-09-20,2026-09-23,2026-09-24
816934,the-orchid-villa,Biệt thự Ngọc Lan,0.0,0.0,0,1107568,1107568,,"120 Tô Hiến Thành, Phường 3",11.93600592408744,108.47891855751504,,,,https://www.ivivu.com/khach-san-da-lat/the-orchid-villa,iVIVU,2026-09-20,2026-09-23,2026-09-24
816936,shin-village-hotel,SHIN VILLAGE HOTEL,3.0,0.0,0,403671,403671,,152-154 Hoàng Hoa Thám,11.9413362,108.4653488,,,,https://www.ivivu.com/khach-san-da-lat/shin-village-hotel,iVIVU,2026-09-20,2026-09-23,2026-09-24
816941,arya-hotel,ARYA HOTEL DALAT,2.0,0.0,0,479149,479149,,"406 Hai Ba Trung Street, Ward 6",11.9555786,108.4299474,,,,https://www.ivivu.com/khach-san-da-lat/arya-hotel,iVIVU,2026-09-20,2026-09-23,2026-09-24
816943,nap-am-dalat,Nap Am - Dalat,2.0,0.0,0,539511,539511,,"lo c15 Tô Vĩnh Diện, phường 6",11.9553496,108.4225341,,,,https://www.ivivu.com/khach-san-da-lat/nap-am-dalat,iVIVU,2026-09-20,2026-09-23,2026-09-24
816959,bonjour-da-lat-hotel,Bonjour Da Lat Hotel,3.0,0.0,0,366453,366453,,286 Đường Phù Đổng Thiên Vương,11.9734592,108.440788,,,,https://www.ivivu.com/khach-san-da-lat/bonjour-da-lat-hotel,iVIVU,2026-09-20,2026-09-23,2026-09-24
816960,kdalat-hotel,K'DaLat Hotel,2.0,0.0,0,361902,361902,,"C39 KQH Ho&#224;ng Văn Thụ, Phường 4",11.94929,108.42996,,,,https://www.ivivu.com/khach-san-da-lat/kdalat-hotel,iVIVU,2026-09-20,2026-09-23,2026-09-24
816963,the-frames-dalat,The Frames Dalat,3.0,0.0,0,574838,574838,,69/43 Mai Hac De (Hem 6 Mai Anh),11.9492626,108.427643,,,,https://www.ivivu.com/khach-san-da-lat/the-frames-dalat,iVIVU,2026-09-20,2026-09-23,2026-09-24
816968,le-petit-paris-hotel,Khách Sạn Le petit Paris,3.0,0.0,0,474502,474502,,"Số 05 Mai Hắc Đế, P6",11.947331671383212,108.42975855393657,,,,https://www.ivivu.com/khach-san-da-lat/le-petit-paris-hotel,iVIVU,2026-09-20,2026-09-23,2026-09-24
816972,lata-hotel-apartments,LATA Hotel & Apartments,4.0,0.0,0,869520,869520,,"51 Ngô Quyền, Phường 6, Đà Lạt",11.953429514973,108.42954084548,,,,https://www.ivivu.com/khach-san-da-lat/lata-hotel-apartments,iVIVU,2026-09-20,2026-09-23,2026-09-24
817557,the-eco-tropicana-garden,The Eco Tropicana Garden,0.0,0.0,0,894328,894328,,"Hamlet 4, B'La Commune, Bao Lam District",11.67703505,107.74518999,,,,https://www.ivivu.com/khach-san-da-lat/the-eco-tropicana-garden,iVIVU,2026-09-20,2026-09-23,2026-09-24
817558,tea-garden-house,Tea Garden House,0.0,0.0,0,768249,768249,,183C/4 Nguyễn Văn Cừ,11.5463991,107.829895,,,,https://www.ivivu.com/khach-san-da-lat/tea-garden-house,iVIVU,2026-09-20,2026-09-23,2026-09-24
817601,hoang-anh-hotel,Khách sạn Hoàng Anh,0.0,0.0,0,300081,300081,,6 Tran Quang Khai - thi tran Lien Nghia,11.7416496276855,108.369850158691,,,,https://www.ivivu.com/khach-san-da-lat/hoang-anh-hotel,iVIVU,2026-09-20,2026-09-23,2026-09-24
897449,khach-san-new-century-da-lat,Khách sạn New Century Đà Lạt,3.0,10.0,5,960208,960208,,"14B Đường Đống Đa, Phường 3",11.9236753,108.4432352,,,Trung tâm TP Đà Lạt,https://www.ivivu.com/khach-san-da-lat/khach-san-new-century-da-lat,iVIVU,2026-09-20,2026-09-23,2026-09-24
940108,sunflower-hotel-resort-bao-loc,Sunflower Hotel & Resort Bảo Lộc,0.0,0.0,0,954894,954894,,"21 Đường 1 tháng 5, Phường B'Lao",11.5400738,107.8025968,,,,https://www.ivivu.com/khach-san-da-lat/sunflower-hotel-resort-bao-loc,iVIVU,2026-09-20,2026-09-23,2026-09-24
940205,khach-san-le-house-da-lat,Khách sạn Le House Đà Lạt,3.0,10.0,1,929774,929774,,"124 Phạm Ngọc Thạch, Phường 6",11.9469187,108.4325135,,,Trung tâm TP Đà Lạt,https://www.ivivu.com/khach-san-da-lat/khach-san-le-house-da-lat,iVIVU,2026-09-20,2026-09-23,2026-09-24
959073,dream-garden-homestay-cau-dat,Dream Garden Homestay Cầu Đất,4.0,8.0,1,1101127,1101127,,"Dream Garden Homestay Cầu Đất, Đường Đất L&#224;ng, Trường Xu&#226;n, Xu&#226;n Trường, Th&#224;nh phố Đ&#224; Lạt",11.8921048,108.5468104,,,,https://www.ivivu.com/khach-san-da-lat/dream-garden-homestay-cau-dat,iVIVU,2026-09-20,2026-09-23,2026-09-24
959078,calyssa-hotels-village,CALYSSA HOTELS & VILLAGE,3.0,0.0,0,632491,632491,,"17 Quốc lộ 20, Phường 11",11.9429531273702,108.477215187141,,,,https://www.ivivu.com/khach-san-da-lat/calyssa-hotels-village,iVIVU,2026-09-20,2026-09-23,2026-09-24
959096,lung-chung-house,Lưng Chừng House,1.0,0.0,0,440950,440950,,"Km 13, Quốc lộ 20",11.928948908380535,108.53434871511078,,,,https://www.ivivu.com/khach-san-da-lat/lung-chung-house,iVIVU,2026-09-20,2026-09-23,2026-09-24
959121,da-lat-cui-homestay,Đà Lạt Củi Homestay,0.0,0.0,0,682469,682469,,79 Đường Triệu Việt Vương,11.9211101531982,108.436073303223,Wi-Fi [miễn phí],Wi-Fi [miễn phí],,https://www.ivivu.com/khach-san-da-lat/da-lat-cui-homestay,iVIVU,2026-09-20,2026-09-23,2026-09-24
959139,casanova-dalat-hotel-coffee,Khách sạn Casanova Đà Lạt,0.0,10.0,1,347147,347147,,"24 Lương Thế Vinh, Phường 3",11.933149473290726,108.44146790446443,,,,https://www.ivivu.com/khach-san-da-lat/casanova-dalat-hotel-coffee,iVIVU,2026-09-20,2026-09-23,2026-09-24
959161,baby-owl,Baby Owl,0.0,0.0,0,1212041,1212041,,,11.933001453047144,108.44115059467381,,,,https://www.ivivu.com/khach-san-da-lat/baby-owl,iVIVU,2026-09-20,2026-09-23,2026-09-24
959165,vuon-nha-cui,Vườn Nhà Củi,0.0,0.0,0,621300,621300,,58 Đường An Sơn,11.9269895553589,108.43244934082,,,,https://www.ivivu.com/khach-san-da-lat/vuon-nha-cui,iVIVU,2026-09-20,2026-09-23,2026-09-24
959170,an-nhien-hotel,An Nhien Hotel,2.0,0.0,0,338392,338392,,"12-14 To Hien Thanh, Ward 3",11.928291,108.44615,,,,https://www.ivivu.com/khach-san-da-lat/an-nhien-hotel,iVIVU,2026-09-20,2026-09-23,2026-09-24
959175,lavender-glamping-and-resorts-dalat,Lavender Glamping and Resorts Dalat,4.0,0.0,0,1660161,1660161,,Tuyền Lâm Lake,11.8957319,108.421089,Đưa đón sân bay; Bãi đỗ xe [miễn phí],Đưa đón sân bay; Bãi đỗ xe [miễn phí],,https://www.ivivu.com/khach-san-da-lat/lavender-glamping-and-resorts-dalat,iVIVU,2026-09-20,2026-09-23,2026-09-24
959206,lu-tan-inn,Khách sạn Lữ Tấn,0.0,0.0,0,803863,803863,,"2/25 Trần Hưng Đạo, phường 3",11.93492647019988,108.44183716505127,,,,https://www.ivivu.com/khach-san-da-lat/lu-tan-inn,iVIVU,2026-09-20,2026-09-23,2026-09-24
959207,double-queen-room,Double Queen room,0.0,0.0,0,570691,570691,,,11.932109887782474,108.44275633666065,,,,https://www.ivivu.com/khach-san-da-lat/double-queen-room,iVIVU,2026-09-20,2026-09-23,2026-09-24
959224,dalat-venus-hotel,Dalat Venus,2.0,0.0,0,450560,450560,,41 Nam Ky Khoi Nghia Tel 02633.608084,11.940354788697801,108.43520075082779,,,,https://www.ivivu.com/khach-san-da-lat/dalat-venus-hotel,iVIVU,2026-09-20,2026-09-23,2026-09-24
959234,myrtle-boutique-hotel,Khách sạn Boutique Myrtle,2.0,0.0,0,288832,288832,,"32 An Bình, Phường 3",11.9282687,108.4373181,,,,https://www.ivivu.com/khach-san-da-lat/myrtle-boutique-hotel,iVIVU,2026-09-20,2026-09-23,2026-09-24
959241,nguyen-tai-hostel-coffee-da-lat,Nguyen Tai Hostel & Coffee Đa Lat,0.0,0.0,0,416140,416140,,188 Phan Đình Phùng,11.9483804702759,108.435791015625,,,,https://www.ivivu.com/khach-san-da-lat/nguyen-tai-hostel-coffee-da-lat,iVIVU,2026-09-20,2026-09-23,2026-09-24
959275,lam-anh-glory-hotel,Lâm Anh Glory Hotel,2.0,0.0,0,214214,214214,,57 Nam Kỳ Khởi Nghĩa,11.940352,108.435,,,,https://www.ivivu.com/khach-san-da-lat/lam-anh-glory-hotel,iVIVU,2026-09-20,2026-09-23,2026-09-24
959290,ngan-hoa-mille-fleurs,Ngan Hoa - Mille Fleurs,2.0,0.0,0,986505,986505,,152 Bui Thi Xuan,11.948749542236328,108.43929290771484,,,,https://www.ivivu.com/khach-san-da-lat/ngan-hoa-mille-fleurs,iVIVU,2026-09-20,2026-09-23,2026-09-24
959292,mai-thang-hotel,Mai Thang Hotel,3.0,0.0,0,474152,474152,,6 Hai Bà Trưng,11.9434146,108.43262849999996,Nhận phòng [24 giờ]; Bãi đỗ xe [miễn phí],Nhận phòng [24 giờ]; Bãi đỗ xe [miễn phí],,https://www.ivivu.com/khach-san-da-lat/mai-thang-hotel,iVIVU,2026-09-20,2026-09-23,2026-09-24
959298,mk-sweet-house-1-dalat-center,MK Sweet House 1 - Dalat Center,0.0,0.0,0,2995179,2995179,,,11.943972031896141,108.4380586247746,,,,https://www.ivivu.com/khach-san-da-lat/mk-sweet-house-1-dalat-center,iVIVU,2026-09-20,2026-09-23,2026-09-24
959327,pearl-wealth-hotel,Pearl Wealth Dalat Hotel,1.0,0.0,0,485916,485916,,73 Nam Kỳ Khởi Nghĩa,11.940555860982796,108.43466766633988,,,,https://www.ivivu.com/khach-san-da-lat/pearl-wealth-hotel,iVIVU,2026-09-20,2026-09-23,2026-09-24
959341,tus-house,Tú's House,0.0,0.0,0,938202,938202,,,11.93524253601854,108.41975778830178,,,,https://www.ivivu.com/khach-san-da-lat/tus-house,iVIVU,2026-09-20,2026-09-23,2026-09-24
959342,dalat-center-apartment-room-502,DALAT CENTER APARTMENT (Room 502),0.0,0.0,0,1745414,1745414,,,11.943860710884842,108.43812160796617,Khóa điện tử,Khóa điện tử,,https://www.ivivu.com/khach-san-da-lat/dalat-center-apartment-room-502,iVIVU,2026-09-20,2026-09-23,2026-09-24
959360,thanh-thanh-hotel,Thanh Thanh Hotel,2.0,0.0,0,311000,311000,,70B Đường Ba Tháng 2,11.9422254207132,108.434,Nhận/trả phòng [nhanh]; Nhận phòng [24 giờ]; Wi-Fi [miễn phí]; Bãi đỗ xe [miễn phí]; Đưa đón sân bay,Nhận/trả phòng [nhanh]; Nhận phòng [24 giờ]; Wi-Fi [miễn phí]; Bãi đỗ xe [miễn phí]; Đưa đón sân bay,,https://www.ivivu.com/khach-san-da-lat/thanh-thanh-hotel,iVIVU,2026-09-20,2026-09-23,2026-09-24
959388,nap-o-teepee-homestay,Nap o TEEPEE Homestay,0.0,0.0,0,440288,440288,,54 Đ. Ngô Thì Sỹ,11.931489,108.4236928,Nhận/trả phòng [nhanh]; Bãi đỗ xe [miễn phí],Nhận/trả phòng [nhanh]; Bãi đỗ xe [miễn phí],,https://www.ivivu.com/khach-san-da-lat/nap-o-teepee-homestay,iVIVU,2026-09-20,2026-09-23,2026-09-24
959398,cherry-hotel-50157120,CHERRY HOTEL,2.0,0.0,0,315090,315090,,"5 Phan Như Thạch, Phường 1",11.941128,108.43568,,,,https://www.ivivu.com/khach-san-da-lat/cherry-hotel-50157120,iVIVU,2026-09-20,2026-09-23,2026-09-24
959416,royal-dalat-hotel,Khách sạn Royal Đà Lạt,3.0,0.0,0,682401,682401,,24 Đ. Nguyễn Chí Thanh,11.9414396,108.4362922,,,,https://www.ivivu.com/khach-san-da-lat/royal-dalat-hotel,iVIVU,2026-09-20,2026-09-23,2026-09-24
959417,mien-suong-khoi-homestay-da-lat,Mien Suong Khoi Homestay Đa Lat,0.0,0.0,0,355638,355638,,42 Đường Ngô Thì Sỹ,11.931027,108.42457,,,,https://www.ivivu.com/khach-san-da-lat/mien-suong-khoi-homestay-da-lat,iVIVU,2026-09-20,2026-09-23,2026-09-24
959439,the-hobbit-bungalow,THE HOBBIT BUNGALOW,0.0,0.0,0,516588,516588,,LO 16 KQH 51 DONG DA,11.927403929418082,108.44209222691336,Nhận phòng [24 giờ]; Wi-Fi [miễn phí]; Đưa đón sân bay; Bãi đỗ xe [miễn phí],Nhận phòng [24 giờ]; Wi-Fi [miễn phí]; Đưa đón sân bay; Bãi đỗ xe [miễn phí],,https://www.ivivu.com/khach-san-da-lat/the-hobbit-bungalow,iVIVU,2026-09-20,2026-09-23,2026-09-24
959442,d-house-dalat-2,D House Dalat 2,0.0,0.0,0,492480,492480,,"53 An Son Hill Villas, Ward 04",11.945456,108.4433,Đưa đón sân bay,Đưa đón sân bay,,https://www.ivivu.com/khach-san-da-lat/d-house-dalat-2,iVIVU,2026-09-20,2026-09-23,2026-09-24
959452,ha-na-hotel-da-lat,Hạ Na Hotel Đà Lạt,2.0,10.0,1,247329,247329,,Hẻm 163 đường Ba Tháng Hai,11.9396278762024,108.431574683537,Nhận/trả phòng [nhanh]; Wi-Fi [miễn phí]; Bãi đỗ xe [miễn phí]; Đưa đón sân bay,Nhận/trả phòng [nhanh]; Wi-Fi [miễn phí]; Bãi đỗ xe [miễn phí]; Đưa đón sân bay,,https://www.ivivu.com/khach-san-da-lat/ha-na-hotel-da-lat,iVIVU,2026-09-20,2026-09-23,2026-09-24
959468,bidv-central-da-lat-hotel,BIDV Central Da Lat Hotel,3.0,0.0,0,253720,253720,,"35 Đường Bà Triệu, Phường 3",11.936981,108.433716,,,,https://www.ivivu.com/khach-san-da-lat/bidv-central-da-lat-hotel,iVIVU,2026-09-20,2026-09-23,2026-09-24
959516,pansy-hotel-dalat,Pansy Hotel Dalat,2.0,0.0,0,809649,809649,,78 đường Ba Tháng Hai,11.9420896517572,108.433987037824,,,,https://www.ivivu.com/khach-san-da-lat/pansy-hotel-dalat,iVIVU,2026-09-20,2026-09-23,2026-09-24
959522,dalat-stream-hotel-khach-san-dep-da-lat,Dalat Stream Hotel- Khách Sạn Đẹp Đà Lạt,3.0,0.0,0,471645,471645,,Số 07 Ngõ Yên Bình-Đường Đặng Thùy Trâm- Phường 4,11.9400568,108.425339,Nhận phòng [24 giờ]; Nhận/trả phòng [nhanh]; Wi-Fi [miễn phí]; Bãi đỗ xe [miễn phí]; Đưa đón sân bay,Nhận phòng [24 giờ]; Nhận/trả phòng [nhanh]; Wi-Fi [miễn phí]; Bãi đỗ xe [miễn phí]; Đưa đón sân bay,,https://www.ivivu.com/khach-san-da-lat/dalat-stream-hotel-khach-san-dep-da-lat,iVIVU,2026-09-20,2026-09-23,2026-09-24
959550,thanh-anh-hotel-da-lat,Khách sạn Thanh Anh Đà Lạt,1.0,0.0,0,403269,403269,,"21 Lê Quý Đôn, Đà Lạt",11.9411648,108.4308713,,,,https://www.ivivu.com/khach-san-da-lat/thanh-anh-hotel-da-lat,iVIVU,2026-09-20,2026-09-23,2026-09-24
959553,dalat-park-hotel,Dalat Park Hotel,2.0,0.0,0,350580,350580,,38 Đường Trần Phú,11.9360962,108.432495,,,,https://www.ivivu.com/khach-san-da-lat/dalat-park-hotel,iVIVU,2026-09-20,2026-09-23,2026-09-24
959563,vietnam-hotel-dalat,Khách sạn Việt Nam Đà Lạt,1.0,0.0,0,414745,414745,,"3H Nam Ky Khoi Nghia Street, Ward 1, Dalat City",11.9416476,108.4359761,,,,https://www.ivivu.com/khach-san-da-lat/vietnam-hotel-dalat,iVIVU,2026-09-20,2026-09-23,2026-09-24
959593,home-bong-may,Home Bong May,0.0,0.0,0,1091737,1091737,,"12/6 Đ. Mạc Đĩnh Chi, Phường 4",11.9410772,108.429131,,,,https://www.ivivu.com/khach-san-da-lat/home-bong-may,iVIVU,2026-09-20,2026-09-23,2026-09-24
959632,the-lush-house,The Lush House,2.0,0.0,0,945032,945032,,72 Nguyen Thi Nghia,11.949119579530889,108.43976916510154,,,,https://www.ivivu.com/khach-san-da-lat/the-lush-house,iVIVU,2026-09-20,2026-09-23,2026-09-24
959655,white-coffee-house-hotel,White Coffee House Hotel,0.0,0.0,0,412709,412709,,"C36 KQH Đường Trần Lê, Phường 4",11.937222679545103,108.42684442884806,,,,https://www.ivivu.com/khach-san-da-lat/white-coffee-house-hotel,iVIVU,2026-09-20,2026-09-23,2026-09-24
959660,the-note-dalat,The Note Dalat,0.0,10.0,1,748954,748954,,21 Phan Như Thạch,11.9412202835083,108.43524932861328,,,,https://www.ivivu.com/khach-san-da-lat/the-note-dalat,iVIVU,2026-09-20,2026-09-23,2026-09-24
959667,can-ho-aura-apartment-theo-tieu-chuan-5-sao,Căn hộ Aura Apartment theo tiêu chuẩn 5 sao,0.0,0.0,0,1643647,1643647,,,11.94282779319701,108.43440998153538,,,,https://www.ivivu.com/khach-san-da-lat/can-ho-aura-apartment-theo-tieu-chuan-5-sao,iVIVU,2026-09-20,2026-09-23,2026-09-24
959724,hoa-mi-condotel,Họa Mi Condotel,0.0,0.0,0,688688,688688,,"37 Trần Bình Trọng, Đà Lạt",11.9441001552669,108.426710082806,,,,https://www.ivivu.com/khach-san-da-lat/hoa-mi-condotel,iVIVU,2026-09-20,2026-09-23,2026-09-24
959735,doc-may-boutique-villa,Biệt thự Boutique Dốc Mây,0.0,0.0,0,471058,471058,,16B Nam Ky Khoi Nghia,11.9406499862671,108.43473815918,,,,https://www.ivivu.com/khach-san-da-lat/doc-may-boutique-villa,iVIVU,2026-09-20,2026-09-23,2026-09-24
959740,crazy-house-dalat,Crazy House Dalat,0.0,0.0,0,731095,731095,,"03 Huynh Thuc Khang, Phuong 4",11.9345689048372,108.430737261984,,,,https://www.ivivu.com/khach-san-da-lat/crazy-house-dalat,iVIVU,2026-09-20,2026-09-23,2026-09-24
959743,gia-nguyen-hotel-dalat,Gia Nguyễn Hotel Dalat,1.0,0.0,0,494434,494434,,"27 Đường Lê Hồng Phong, Phường 4",11.932619,108.42606,,,,https://www.ivivu.com/khach-san-da-lat/gia-nguyen-hotel-dalat,iVIVU,2026-09-20,2026-09-23,2026-09-24
959745,na-ni-hotel,NA NI HOTEL,3.0,0.0,0,343995,343995,,"26 Đ. Nguyễn Chí Thanh, Phường 1",11.941406,108.43646,,,,https://www.ivivu.com/khach-san-da-lat/na-ni-hotel,iVIVU,2026-09-20,2026-09-23,2026-09-24
959750,happy-bun-hotel,Happy Bun Hotel,1.0,0.0,0,586078,586078,,57 Đường Nguyễn Đình Quân,11.940207,108.41363,,,,https://www.ivivu.com/khach-san-da-lat/happy-bun-hotel,iVIVU,2026-09-20,2026-09-23,2026-09-24
959751,an-nhi-hotel,Khách sạn An Nhi,0.0,0.0,0,1012891,1012891,,"Đường Trần Phú Thửa 325, TBĐ số 8, Trần Phú",11.9358100891113,108.436141967773,,,,https://www.ivivu.com/khach-san-da-lat/an-nhi-hotel,iVIVU,2026-09-20,2026-09-23,2026-09-24
959803,ha-khoa-hotel-da-lat,Khách sạn Hà Khoa Đà Lạt,1.0,0.0,0,407397,407397,,"60/6 Pasteur, Phuong 4",11.934710497437882,108.4262897295772,,,,https://www.ivivu.com/khach-san-da-lat/ha-khoa-hotel-da-lat,iVIVU,2026-09-20,2026-09-23,2026-09-24
959807,bach-place-dalat,Bach Place Dalat,4.0,0.0,0,927432,927432,,"268 Đường Hai Bà Trưng, Phường 2",11.949862,108.43268,,,,https://www.ivivu.com/khach-san-da-lat/bach-place-dalat,iVIVU,2026-09-20,2026-09-23,2026-09-24
959823,ngoc-sang-1-hotel,Ngoc Sang 1 Hotel,2.0,0.0,0,614192,614192,,20 Ba Th&#225;ng Hai,11.942894237226339,108.43503801653598,Nhận phòng [24 giờ]; Nhận/trả phòng [nhanh]; Đưa đón sân bay; Bãi đỗ xe [miễn phí],Nhận phòng [24 giờ]; Nhận/trả phòng [nhanh]; Đưa đón sân bay; Bãi đỗ xe [miễn phí],,https://www.ivivu.com/khach-san-da-lat/ngoc-sang-1-hotel,iVIVU,2026-09-20,2026-09-23,2026-09-24
959833,river-park-hotel-dalat,River Park Hotel Dalat,0.0,0.0,0,578908,578908,,"115 Phan Bội Ch u, Phường 1",11.94367841,108.43911918,Nhận phòng [24 giờ]; Đưa đón sân bay,Nhận phòng [24 giờ]; Đưa đón sân bay,,https://www.ivivu.com/khach-san-da-lat/river-park-hotel-dalat,iVIVU,2026-09-20,2026-09-23,2026-09-24
959857,the-grandview-villa-dalat,The Grandview Villa Dalat,4.0,0.0,0,722435,722435,,"3B Trinh Hoai Duc street, 11 Ward",11.94465159223212,108.47913931635597,Nhận/trả phòng [nhanh]; Bãi đỗ xe [miễn phí],Nhận/trả phòng [nhanh]; Bãi đỗ xe [miễn phí],,https://www.ivivu.com/khach-san-da-lat/the-grandview-villa-dalat,iVIVU,2026-09-20,2026-09-23,2026-09-24
959859,cherry-hotel-da-lat,Cherry Hotel 2,4.0,0.0,0,268083,268083,,"176 Đường Hai Bà Trưng, Phường 6",11.946891,108.433815,,,,https://www.ivivu.com/khach-san-da-lat/cherry-hotel-da-lat,iVIVU,2026-09-20,2026-09-23,2026-09-24
959865,thuy-duong-hotel,Khách sạn Thùy Dương,2.0,0.0,0,412218,412218,,19 Phan Như Thạch,11.94124984741211,108.43524932861328,Đưa đón sân bay; Bãi đỗ xe [miễn phí],Đưa đón sân bay; Bãi đỗ xe [miễn phí],,https://www.ivivu.com/khach-san-da-lat/thuy-duong-hotel,iVIVU,2026-09-20,2026-09-23,2026-09-24
959873,banyan-boutique-by-5h,Banyan Boutique by 5H,0.0,0.0,0,656998,656998,,"94 Ly Tu Trong Street , district 2",11.946743,108.439351,Nhận/trả phòng [nhanh]; Nhận phòng [24 giờ]; Wi-Fi [miễn phí]; Bãi đỗ xe [miễn phí],Nhận/trả phòng [nhanh]; Nhận phòng [24 giờ]; Wi-Fi [miễn phí]; Bãi đỗ xe [miễn phí],,https://www.ivivu.com/khach-san-da-lat/banyan-boutique-by-5h,iVIVU,2026-09-20,2026-09-23,2026-09-24
959880,da-lat-mr-happy-homestay,Da Lat Mr.Happy Homestay,0.0,0.0,0,287502,287502,,2 Đ. Hoàng Diệu,11.942741549794302,108.43068321660232,Nhận/trả phòng [nhanh]; Bãi đỗ xe [miễn phí]; Đưa đón sân bay,Nhận/trả phòng [nhanh]; Bãi đỗ xe [miễn phí]; Đưa đón sân bay,,https://www.ivivu.com/khach-san-da-lat/da-lat-mr-happy-homestay,iVIVU,2026-09-20,2026-09-23,2026-09-24
959886,42-da-lat,42 Đà Lạt,1.0,0.0,0,335611,335611,,"No. 42/11 Ha Huy Tap Street, Ward 3",11.935118,108.44043,Nhận/trả phòng [nhanh]; Đưa đón sân bay,Nhận/trả phòng [nhanh]; Đưa đón sân bay,,https://www.ivivu.com/khach-san-da-lat/42-da-lat,iVIVU,2026-09-20,2026-09-23,2026-09-24
959888,kim-ngan-hills-eco-resort,Khu Nghỉ Dưỡng Kim Ngân Hills Eco,4.0,0.0,0,715086,715086,,"Tiểu Khu 151, Đường Ngô Gia Tự, Phường 12, Đà Lạt",11.9761162,108.4757425,Nhận/trả phòng [nhanh]; Nhận phòng [24 giờ]; Đưa đón sân bay; Bãi đỗ xe [miễn phí],Nhận/trả phòng [nhanh]; Nhận phòng [24 giờ]; Đưa đón sân bay; Bãi đỗ xe [miễn phí],,https://www.ivivu.com/khach-san-da-lat/kim-ngan-hills-eco-resort,iVIVU,2026-09-20,2026-09-23,2026-09-24
959899,den-long-homestay-coffee,Đen long homestay & coffee,0.0,0.0,0,364790,364790,,"26 Đường Lê Lai, phường 5",11.944040298461914,108.42359924316406,Nhận phòng [24 giờ]; Bãi đỗ xe [miễn phí]; Đưa đón sân bay,Nhận phòng [24 giờ]; Bãi đỗ xe [miễn phí]; Đưa đón sân bay,,https://www.ivivu.com/khach-san-da-lat/den-long-homestay-coffee,iVIVU,2026-09-20,2026-09-23,2026-09-24
959902,ngoc-nguyen-anh-hotel-dalat,Ngoc Nguyen Anh Hotel Dalat,2.0,0.0,0,369436,369436,,103 Bùi Thị Xuân,11.9467681975061,108.440401554108,Nhận/trả phòng [nhanh]; Nhận phòng [24 giờ]; Wi-Fi [miễn phí]; Đưa đón sân bay; Bãi đỗ xe [miễn phí],Nhận/trả phòng [nhanh]; Nhận phòng [24 giờ]; Wi-Fi [miễn phí]; Đưa đón sân bay; Bãi đỗ xe [miễn phí],,https://www.ivivu.com/khach-san-da-lat/ngoc-nguyen-anh-hotel-dalat,iVIVU,2026-09-20,2026-09-23,2026-09-24
959916,nha-soi,Nhà Sói Homestay Da Lat,0.0,0.0,0,340884,340884,,Đ. Trịnh Ho&#224;i Đức,11.947429251843731,108.48148882766655,Nhận phòng [24 giờ]; Đưa đón sân bay,Nhận phòng [24 giờ]; Đưa đón sân bay,,https://www.ivivu.com/khach-san-da-lat/nha-soi,iVIVU,2026-09-20,2026-09-23,2026-09-24
959917,camly-homestay,Camly Homestay,0.0,0.0,0,375280,375280,,"3/62 DAO DUY TU, P4",11.933047304692135,108.43248541234061,Nhận/trả phòng [nhanh]; Đưa đón sân bay,Nhận/trả phòng [nhanh]; Đưa đón sân bay,,https://www.ivivu.com/khach-san-da-lat/camly-homestay,iVIVU,2026-09-20,2026-09-23,2026-09-24
959921,hoang-minh-chau-hotel,Khách Sạn Hoàng Minh Châu,2.5,0.0,0,790731,790731,,"Số 10 Nguyễn Chí Thanh, Phường 1",11.9421943294226,108.436046987772,Nhận/trả phòng [nhanh]; Nhận phòng [24 giờ]; Wi-Fi [miễn phí],Nhận/trả phòng [nhanh]; Nhận phòng [24 giờ]; Wi-Fi [miễn phí],,https://www.ivivu.com/khach-san-da-lat/hoang-minh-chau-hotel,iVIVU,2026-09-20,2026-09-23,2026-09-24
959997,kim-oanh-orchids-hotel,Khách Sạn Kim Oanh Orchids,3.0,0.0,0,621911,621911,,24 Khu Hoa Binh,11.9435392,108.43572979999999,Nhận phòng [24 giờ]; Wi-Fi [miễn phí],Nhận phòng [24 giờ]; Wi-Fi [miễn phí],,https://www.ivivu.com/khach-san-da-lat/kim-oanh-orchids-hotel,iVIVU,2026-09-20,2026-09-23,2026-09-24
960014,anh-dao-hotel,ANH DAO HOTEL,2.0,0.0,0,439791,439791,,50 Khu Hoà Bình,11.9427509,108.435982,,,,https://www.ivivu.com/khach-san-da-lat/anh-dao-hotel,iVIVU,2026-09-20,2026-09-23,2026-09-24
960039,quy-tai-premium-hotel,Quy Tai Premium Hotel,0.0,0.0,0,1760269,1760269,,"Lô B4-3, Khu Quy Hoach Golf Valley",11.946124,108.44259,,,,https://www.ivivu.com/khach-san-da-lat/quy-tai-premium-hotel,iVIVU,2026-09-20,2026-09-23,2026-09-24
960040,can-ho-cao-cap-view-ho-xuan-huong-ga-da-lat,Căn hộ cao cấp view Hồ Xuân Hương - Ga Đà Lạt,0.0,0.0,0,1467831,1467831,,,11.939969112488464,108.45809022968142,,,,https://www.ivivu.com/khach-san-da-lat/can-ho-cao-cap-view-ho-xuan-huong-ga-da-lat,iVIVU,2026-09-20,2026-09-23,2026-09-24
960041,m-hotel-16364644,M Hotel,0.0,0.0,0,355458,355458,,272 Bui Thi Xuan,11.95350949074095,108.44056780185244,,,,https://www.ivivu.com/khach-san-da-lat/m-hotel-16364644,iVIVU,2026-09-20,2026-09-23,2026-09-24
960061,whammyhouse,WhammyHouse,0.0,0.0,0,192050,192050,,"1/29B Trần Nhân Tông, Phường 8",11.9541035,108.446739,Nhận/trả phòng [nhanh]; Nhận phòng [24 giờ]; Wi-Fi [miễn phí]; Bãi đỗ xe [miễn phí],Nhận/trả phòng [nhanh]; Nhận phòng [24 giờ]; Wi-Fi [miễn phí]; Bãi đỗ xe [miễn phí],,https://www.ivivu.com/khach-san-da-lat/whammyhouse,iVIVU,2026-09-20,2026-09-23,2026-09-24
960081,savio-villa,Savio Villa Hoang Hoa Tham,2.0,0.0,0,360509,360509,,Hoàng Hoa Thám,11.93742,108.46254,Nhận phòng [24 giờ]; Bãi đỗ xe [miễn phí],Nhận phòng [24 giờ]; Bãi đỗ xe [miễn phí],,https://www.ivivu.com/khach-san-da-lat/savio-villa,iVIVU,2026-09-20,2026-09-23,2026-09-24
960084,ngoc-dong-phuong-villa-home,Ngoc Dong Phuong Villa Home,0.0,0.0,0,447075,447075,,"57/3 Hùng Vương, Phường 9",11.950844681606021,108.46860477246095,Nhận phòng [24 giờ]; Đưa đón sân bay; Bãi đỗ xe [miễn phí],Nhận phòng [24 giờ]; Đưa đón sân bay; Bãi đỗ xe [miễn phí],,https://www.ivivu.com/khach-san-da-lat/ngoc-dong-phuong-villa-home,iVIVU,2026-09-20,2026-09-23,2026-09-24
960100,lengkeng-da-lat-homestay,Lengkeng Da Lat Homestay,0.0,0.0,0,389263,389263,,57/4 Hoàng Hoa Thám,11.9365100860596,108.464202880859,,,,https://www.ivivu.com/khach-san-da-lat/lengkeng-da-lat-homestay,iVIVU,2026-09-20,2026-09-23,2026-09-24
960116,jodi-dalat-hotel,Jodi Dalat Hotel,3.0,0.0,0,1076985,1076985,,"6D Hồ Xuân Hương, Phường 9",11.952632,108.47004,Bãi đỗ xe [miễn phí],Bãi đỗ xe [miễn phí],,https://www.ivivu.com/khach-san-da-lat/jodi-dalat-hotel,iVIVU,2026-09-20,2026-09-23,2026-09-24
960139,tommy-hotel-dalat,Tommy Hotel Dalat,2.0,0.0,0,542420,542420,,hem 22 khe sanh phuong 10 dalat,11.932744532132,108.460748802794,Nhận phòng [24 giờ]; Đưa đón sân bay; Bãi đỗ xe [miễn phí],Nhận phòng [24 giờ]; Đưa đón sân bay; Bãi đỗ xe [miễn phí],,https://www.ivivu.com/khach-san-da-lat/tommy-hotel-dalat,iVIVU,2026-09-20,2026-09-23,2026-09-24
960140,the-aura-apartments-with-luxury-design,The Aura Apartments with luxury design,0.0,0.0,0,1745397,1745397,,,11.93989478671891,108.45811490614538,Khóa điện tử; Wi-Fi,Khóa điện tử; Wi-Fi,,https://www.ivivu.com/khach-san-da-lat/the-aura-apartments-with-luxury-design,iVIVU,2026-09-20,2026-09-23,2026-09-24
960146,da-goc-nha-boutique-hotel,Da Goc Nha Boutique Hotel,4.0,0.0,0,935956,935956,,"C22 Khu Quy Hoạch Viện Nghiên Cứu Hạt Nhân , Tây",11.9445953,108.47554,Nhận phòng [24 giờ]; Wi-Fi [miễn phí]; Bãi đỗ xe [miễn phí],Nhận phòng [24 giờ]; Wi-Fi [miễn phí]; Bãi đỗ xe [miễn phí],,https://www.ivivu.com/khach-san-da-lat/da-goc-nha-boutique-hotel,iVIVU,2026-09-20,2026-09-23,2026-09-24
960159,joy-villa,Khách sạn căn hộ TTR Joy Đà Lạt,2.5,0.0,0,330312,330312,,"2 Đường Khởi Nghĩa Bắc Sơn, Phường 10",11.934959430321872,108.44879150390625,Nhận phòng [24 giờ]; Đưa đón sân bay; Bãi đỗ xe [miễn phí],Nhận phòng [24 giờ]; Đưa đón sân bay; Bãi đỗ xe [miễn phí],,https://www.ivivu.com/khach-san-da-lat/joy-villa,iVIVU,2026-09-20,2026-09-23,2026-09-24
960166,cherry-luxury-hotel,Cherry Luxury Hotel,2.0,0.0,0,668972,668972,,2 Đ. Phạm Hồng Thái,11.938903,108.4507037,,,,https://www.ivivu.com/khach-san-da-lat/cherry-luxury-hotel,iVIVU,2026-09-20,2026-09-23,2026-09-24
960167,dieu-thong-hotel-da-lat,Diệu Thông Hotel Đà Lạt,2.0,0.0,0,641236,641236,,"18/4 Lê Văn Tám, Phường 10",11.9372438476414,108.454764694443,,,,https://www.ivivu.com/khach-san-da-lat/dieu-thong-hotel-da-lat,iVIVU,2026-09-20,2026-09-23,2026-09-24
960170,lavini-house,Lavini House,0.0,0.0,0,725418,725418,,"6F Hồ Xuân Hương, Phường 9",11.953675,108.47092,,,,https://www.ivivu.com/khach-san-da-lat/lavini-house,iVIVU,2026-09-20,2026-09-23,2026-09-24
960198,do-gia-bao-villas,Đỗ Gia Bảo Villa,0.0,0.0,0,731738,731738,,"6e Hồ Xuân Hương, Phường 9",11.9536915,108.470726,Nhận phòng [24 giờ]; Nhận/trả phòng [nhanh]; Bãi đỗ xe [miễn phí]; Đưa đón sân bay,Nhận phòng [24 giờ]; Nhận/trả phòng [nhanh]; Bãi đỗ xe [miễn phí]; Đưa đón sân bay,,https://www.ivivu.com/khach-san-da-lat/do-gia-bao-villas,iVIVU,2026-09-20,2026-09-23,2026-09-24
960202,can-ho-panorama,Căn Hộ Panorama,0.0,0.0,0,624043,624043,,37 Trần Hưng Đạo,11.940155,108.457733,Nhận phòng [24 giờ],Nhận phòng [24 giờ],,https://www.ivivu.com/khach-san-da-lat/can-ho-panorama,iVIVU,2026-09-20,2026-09-23,2026-09-24
960211,amia-hotel,Amia Hotel,0.0,0.0,0,470880,470880,,66 Hung Vuong,11.9493157411851,108.47214579140166,Nhận/trả phòng [nhanh]; Nhận phòng [24 giờ]; Đưa đón sân bay; Bãi đỗ xe [miễn phí],Nhận/trả phòng [nhanh]; Nhận phòng [24 giờ]; Đưa đón sân bay; Bãi đỗ xe [miễn phí],,https://www.ivivu.com/khach-san-da-lat/amia-hotel,iVIVU,2026-09-20,2026-09-23,2026-09-24
960296,d-home-da-lat-3,D Home Đà Lạt 3,0.0,0.0,0,549884,549884,,215 Xô Viết Nghệ Tĩnh,11.970656,108.42718,,,,https://www.ivivu.com/khach-san-da-lat/d-home-da-lat-3,iVIVU,2026-09-20,2026-09-23,2026-09-24
960307,chloe-homestay,Chloe Homestay,4.0,0.0,0,505250,505250,,Hẻm Xô Viết Nghệ Tĩnh,11.959365,108.42898,,,,https://www.ivivu.com/khach-san-da-lat/chloe-homestay,iVIVU,2026-09-20,2026-09-23,2026-09-24
960322,nha-an-da-lat-hotel,Nhà An Đà Lạt 2,2.0,0.0,0,537156,537156,,Hẻm 27 đường Le Hồng Phong,11.9593077,108.429413,,,,https://www.ivivu.com/khach-san-da-lat/nha-an-da-lat-hotel,iVIVU,2026-09-20,2026-09-23,2026-09-24
960332,kp-villa-dalat,KP VILLA DALAT,0.0,0.0,0,2827685,2827685,,Lô 1569 Đường Trần Đại Nghĩa,11.9674415935261,108.450503885706,,,,https://www.ivivu.com/khach-san-da-lat/kp-villa-dalat,iVIVU,2026-09-20,2026-09-23,2026-09-24
960348,sunset-hill-hotel,Sunset Hill Hotel,3.0,0.0,0,365687,365687,,5/24 Nguyễn Hữu Cảnh,11.966466330187,108.440720936805,,,,https://www.ivivu.com/khach-san-da-lat/sunset-hill-hotel,iVIVU,2026-09-20,2026-09-23,2026-09-24
960389,ngoc-sang-3-hotel,Ngọc Sang 3 Hotel,2.0,0.0,0,455665,455665,,"116 Đường Bạch Đằng, Phường 7",11.967585,108.42656,,,,https://www.ivivu.com/khach-san-da-lat/ngoc-sang-3-hotel,iVIVU,2026-09-20,2026-09-23,2026-09-24
960428,one-million-homestay,One Million Homestay,0.0,0.0,0,425578,425578,,Hẻm Lý Nam Đế,11.9580508960413,108.438484241734,,,,https://www.ivivu.com/khach-san-da-lat/one-million-homestay,iVIVU,2026-09-20,2026-09-23,2026-09-24
960434,pine-view-hotel-dalat,Khách sạn Pine View Đà Lạt,3.0,0.0,0,466341,466341,,23E Đường Hoàng Văn Thụ,11.946235,108.41627,Gần trung tâm Đà Lạt,Gần trung tâm Đà Lạt,,https://www.ivivu.com/khach-san-da-lat/pine-view-hotel-dalat,iVIVU,2026-09-20,2026-09-23,2026-09-24
960453,ngo-the-gallery,Ngo - The Gallery,2.0,0.0,0,427801,427801,,"481 Phan Đình Phùng, Phường 2",11.954571,108.431755,,,,https://www.ivivu.com/khach-san-da-lat/ngo-the-gallery,iVIVU,2026-09-20,2026-09-23,2026-09-24
960461,ht-house,Sleep box HT House Da Lat,2.0,0.0,0,403530,403530,,"65 Đường Mai Hắc Đế, Phường 6, Đà Lạt",11.948329,108.430176,,,,https://www.ivivu.com/khach-san-da-lat/ht-house,iVIVU,2026-09-20,2026-09-23,2026-09-24
960468,lana-home-dalat,Lana Home Dalat,3.0,0.0,0,356379,356379,,03 Cổ Loa,11.9546385,108.43544,,,,https://www.ivivu.com/khach-san-da-lat/lana-home-dalat,iVIVU,2026-09-20,2026-09-23,2026-09-24
960471,duy-thanh-hotel,Duy Thanh Hotel,1.0,0.0,0,313737,313737,,b3 khu quy hoạch phù đổng thiên vương phường 8,11.960824,108.442268,,,,https://www.ivivu.com/khach-san-da-lat/duy-thanh-hotel,iVIVU,2026-09-20,2026-09-23,2026-09-24
960522,anh-phuong-hotel-da-lat,Anh Phuong Hotel Da Lat,2.0,0.0,0,227345,227345,,33/24 đường Nguyễn Công Trứ,11.954270570788994,108.43965129234314,,,,https://www.ivivu.com/khach-san-da-lat/anh-phuong-hotel-da-lat,iVIVU,2026-09-20,2026-09-23,2026-09-24
960531,thom-house,Thom House,0.0,0.0,0,960852,960852,,97/3 Đường Trần Khánh Dư,11.9620973407622,108.441542885914,,,,https://www.ivivu.com/khach-san-da-lat/thom-house,iVIVU,2026-09-20,2026-09-23,2026-09-24
960533,k-boutique-hotel,Khách sạn K Boutique,0.0,0.0,0,226431,226431,,3 Đường Mai Hắc Đế Phường 6,11.9464797973633,108.429061889648,,,,https://www.ivivu.com/khach-san-da-lat/k-boutique-hotel,iVIVU,2026-09-20,2026-09-23,2026-09-24
960547,le-gia-hotel,Lê Gia HBT Hotel,2.0,0.0,0,220981,220981,,"308 Đường Hai Bà Trưng, Phường 2",11.952201,108.43127,,,,https://www.ivivu.com/khach-san-da-lat/le-gia-hotel,iVIVU,2026-09-20,2026-09-23,2026-09-24
967681,nha-nghi-377,Nha nghỉ 377,0.0,0.0,0,295321,295321,,"377/1 Tran Phu Street, Loc Son Ward, Bao Loc City",11.534875403778932,107.81720030307781,Nhận/trả phòng [nhanh]; Wi-Fi [miễn phí]; Bãi đỗ xe [miễn phí],Nhận/trả phòng [nhanh]; Wi-Fi [miễn phí]; Bãi đỗ xe [miễn phí],,https://www.ivivu.com/khach-san-da-lat/nha-nghi-377,iVIVU,2026-09-20,2026-09-23,2026-09-24
967682,vietphat-home,vietphat home,0.0,0.0,0,2283792,2283792,,,11.538492584507761,107.79366684355392,Wi-Fi; Đỗ xe miễn phí,Wi-Fi; Đỗ xe miễn phí,,https://www.ivivu.com/khach-san-da-lat/vietphat-home,iVIVU,2026-09-20,2026-09-23,2026-09-24
967686,nha-nghi-hong-hanh-ca-phe-diem-tam-nha-nghi,Nhà nghỉ Hồng Hạnh ( Cà phê- điểm tâm - nhà nghỉ)),0.0,0.0,0,293753,293753,,,11.538423694627733,107.88895477250242,,,,https://www.ivivu.com/khach-san-da-lat/nha-nghi-hong-hanh-ca-phe-diem-tam-nha-nghi,iVIVU,2026-09-20,2026-09-23,2026-09-24
967690,khach-san-sao-vang,Khách sạn Sao Vàng,2.0,0.0,0,476474,476474,,"801 Trần Phú, P. B'Lao",11.5430382,107.8028299,,,,https://www.ivivu.com/khach-san-da-lat/khach-san-sao-vang,iVIVU,2026-09-20,2026-09-23,2026-09-24
967721,the-homila-bao-loc-hill-view-bungalow-glamping,The Homilá Bảo Lộc - Hill View Bungalows,2.0,0.0,0,993938,993938,,"Thon 1, Xa Loc Ngai",11.622629,107.844315,,,,https://www.ivivu.com/khach-san-da-lat/the-homila-bao-loc-hill-view-bungalow-glamping,iVIVU,2026-09-20,2026-09-23,2026-09-24
967742,dong-phuong-hotel,DONG PHUONG HOTEL,3.0,0.0,0,627714,627714,,48 Quang Trung,11.555740332324,107.807432504044,,,,https://www.ivivu.com/khach-san-da-lat/dong-phuong-hotel,iVIVU,2026-09-20,2026-09-23,2026-09-24
968126,nha-nghi-anh-sang,NHÀ NGHỈ ANH SANG,3.0,0.0,0,540308,540308,,178 Quốc lộ 20,11.7513723,108.383377,,,,https://www.ivivu.com/khach-san-da-lat/nha-nghi-anh-sang,iVIVU,2026-09-20,2026-09-23,2026-09-24
968790,mien-suong-khoi-home-cafe,Miền Sương Khói - Home & Café,2.0,0.0,0,617281,617281,,70 Đường Trịnh Hoài Đức,11.9456511,108.481522,,,,https://www.ivivu.com/khach-san-da-lat/mien-suong-khoi-home-cafe,iVIVU,2026-09-20,2026-09-23,2026-09-24
968817,la-garden-villa,La Garden Villa,0.0,0.0,0,969407,969407,,"59 Đ. Trịnh Hoài Đức, Phường 11",11.945531,108.481155,Nhận phòng [24 giờ]; Wi-Fi [miễn phí]; Bãi đỗ xe [miễn phí],Nhận phòng [24 giờ]; Wi-Fi [miễn phí]; Bãi đỗ xe [miễn phí],,https://www.ivivu.com/khach-san-da-lat/la-garden-villa,iVIVU,2026-09-20,2026-09-23,2026-09-24
968841,the-present-house-da-lat,The Present House Da Lat,0.0,0.0,0,1202040,1202040,,59 Đường Trịnh Hoài Đức,11.9444189,108.48175,,,,https://www.ivivu.com/khach-san-da-lat/the-present-house-da-lat,iVIVU,2026-09-20,2026-09-23,2026-09-24
969083,xuan-home,Xuân Home,3.0,0.0,0,948230,948230,,D1 Huỳnh Tấn Phát,11.949175,108.49117,,,,https://www.ivivu.com/khach-san-da-lat/xuan-home,iVIVU,2026-09-20,2026-09-23,2026-09-24
969442,can-hộ-aura-giaờng-aai-theo-tiau-chuen-5-sao,Căn Hộ Aura Giường Đôi Theo Tiêu Chuẩn 5 Sao,0.0,0.0,0,1078406,1078406,,,11.940433070949851,108.45769463211911,Khóa điện tử; Wi-Fi,Khóa điện tử; Wi-Fi,,https://www.ivivu.com/khach-san-da-lat/can-hộ-aura-giaờng-aai-theo-tiau-chuen-5-sao,iVIVU,2026-09-20,2026-09-23,2026-09-24
970539,vivu-house-nha-nguyan-can,Vivu House Nhà Nguyên căn,0.0,0.0,0,1046092,1046092,,,11.945112725024808,108.43543030563136,Wi-Fi; Đỗ xe miễn phí,Wi-Fi; Đỗ xe miễn phí,,https://www.ivivu.com/khach-san-da-lat/vivu-house-nha-nguyan-can,iVIVU,2026-09-20,2026-09-23,2026-09-24
975198,khach-san-pi-boutique-da-lat,Khách sạn Pi Boutique Đà Lạt,0.0,0.0,0,876724,876724,,61 Thủ Khoa Huân,11.3940562,106.8818551,,,Trung tâm TP Đà Lạt,https://www.ivivu.com/khach-san-da-lat/khach-san-pi-boutique-da-lat,iVIVU,2026-09-20,2026-09-23,2026-09-24
975202,khach-san-maccal-da-lat,Khách sạn Maccal Đà Lạt,0.0,0.0,0,2484722,2484722,,"48 Phan Như Thạch, phường 01",11.9409562,108.4308483,,,Trung tâm TP Đà Lạt,https://www.ivivu.com/khach-san-da-lat/khach-san-maccal-da-lat,iVIVU,2026-09-20,2026-09-23,2026-09-24
975754,hese-dalat-boutique-resort,Dream Flower Dalat Hotel,3.0,0.0,0,348097,348097,,"57 Duong An Binh, Phuong 3",11.9243485,108.4370051,Nhận phòng [24 giờ]; Wi-Fi [miễn phí]; Bãi đỗ xe [miễn phí]; Đưa đón sân bay,Nhận phòng [24 giờ]; Wi-Fi [miễn phí]; Bãi đỗ xe [miễn phí]; Đưa đón sân bay,,https://www.ivivu.com/khach-san-da-lat/hese-dalat-boutique-resort,iVIVU,2026-09-20,2026-09-23,2026-09-24
975755,candy-villa-homestay-prenn,CANDY VILLA HOMESTAY PRENN,4.0,0.0,0,869671,869671,,Candy Villa Homestay Prenn,11.870148778911773,108.46836755092622,Nhận phòng [24 giờ]; Nhận/trả phòng [nhanh]; Wi-Fi [miễn phí]; Bãi đỗ xe [miễn phí],Nhận phòng [24 giờ]; Nhận/trả phòng [nhanh]; Wi-Fi [miễn phí]; Bãi đỗ xe [miễn phí],,https://www.ivivu.com/khach-san-da-lat/candy-villa-homestay-prenn,iVIVU,2026-09-20,2026-09-23,2026-09-24
975756,memory-inn-sky-view,Memory Inn - Sky View,5.0,0.0,0,563566,563566,,27B Đường Đặng Thái Thân,11.93062,108.44925,Nhận phòng [24 giờ]; Bãi đỗ xe [miễn phí]; Đưa đón sân bay,Nhận phòng [24 giờ]; Bãi đỗ xe [miễn phí]; Đưa đón sân bay,,https://www.ivivu.com/khach-san-da-lat/memory-inn-sky-view,iVIVU,2026-09-20,2026-09-23,2026-09-24
975760,hls-dalat-lodge,HLS Dalat Lodge,3.0,0.0,0,1203381,1203381,,35 DANG THAI THAN STREET,11.9305105,108.4497,Nhận/trả phòng [nhanh]; Nhận phòng [24 giờ]; Wi-Fi [miễn phí]; Đưa đón sân bay; Bãi đỗ xe [miễn phí],Nhận/trả phòng [nhanh]; Nhận phòng [24 giờ]; Wi-Fi [miễn phí]; Đưa đón sân bay; Bãi đỗ xe [miễn phí],,https://www.ivivu.com/khach-san-da-lat/hls-dalat-lodge,iVIVU,2026-09-20,2026-09-23,2026-09-24
975761,mala-home-coffee,Malá Home & Coffee,0.0,0.0,0,446456,446456,,Huyền Trân Công Chúa,11.930871745098244,108.41793804294088,Nhận phòng [24 giờ]; Nhận/trả phòng [nhanh]; Wi-Fi [miễn phí]; Đưa đón sân bay; Bãi đỗ xe [miễn phí],Nhận phòng [24 giờ]; Nhận/trả phòng [nhanh]; Wi-Fi [miễn phí]; Đưa đón sân bay; Bãi đỗ xe [miễn phí],,https://www.ivivu.com/khach-san-da-lat/mala-home-coffee,iVIVU,2026-09-20,2026-09-23,2026-09-24
975762,empress-dalat-sky-view-hotel,Empress Dalat - Sky View Hotel,3.0,0.0,0,466493,466493,,50 Phan Như Thạch,11.940883,108.43338,Nhận phòng [24 giờ]; Wi-Fi [miễn phí]; Đưa đón sân bay,Nhận phòng [24 giờ]; Wi-Fi [miễn phí]; Đưa đón sân bay,,https://www.ivivu.com/khach-san-da-lat/empress-dalat-sky-view-hotel,iVIVU,2026-09-20,2026-09-23,2026-09-24
975763,nha-chuot-farmstay,Nha Chuot Farmstay,3.0,0.0,0,551578,551578,,9/3 Hẻm Ng Quyền,11.945456,108.4433,Nhận phòng [24 giờ]; Đưa đón sân bay,Nhận phòng [24 giờ]; Đưa đón sân bay,,https://www.ivivu.com/khach-san-da-lat/nha-chuot-farmstay,iVIVU,2026-09-20,2026-09-23,2026-09-24
975764,december-dalat-22,December Dalat 22,2.0,0.0,0,254624,254624,,Số 5 Hoàng Diệu,11.942524,108.43084,Nhận phòng [24 giờ]; Wi-Fi [miễn phí],Nhận phòng [24 giờ]; Wi-Fi [miễn phí],,https://www.ivivu.com/khach-san-da-lat/december-dalat-22,iVIVU,2026-09-20,2026-09-23,2026-09-24
975767,la-mer-home-da-lat,La Mer Home Đà Lạt,2.0,0.0,0,980259,980259,,24 Nguyễn Thị Nghĩa,11.948316,108.44033,Nhận phòng [24 giờ]; Wi-Fi [miễn phí],Nhận phòng [24 giờ]; Wi-Fi [miễn phí],,https://www.ivivu.com/khach-san-da-lat/la-mer-home-da-lat,iVIVU,2026-09-20,2026-09-23,2026-09-24
975779,duy-khang-hotel-52524458,Duy Khang hotel,2.0,0.0,0,200353,200353,,21 Đồng Tâm,11.938864,108.4259,Nhận/trả phòng [nhanh]; Nhận phòng [24 giờ]; Đưa đón sân bay; Bãi đỗ xe [miễn phí],Nhận/trả phòng [nhanh]; Nhận phòng [24 giờ]; Đưa đón sân bay; Bãi đỗ xe [miễn phí],,https://www.ivivu.com/khach-san-da-lat/duy-khang-hotel-52524458,iVIVU,2026-09-20,2026-09-23,2026-09-24
975780,phaang-vy-luxury-hotel,Phương Vy Luxury Hotel,2.0,0.0,0,601489,601489,,"2/29 Phạm Ngũ Lão, phường 3",11.938174,108.435486,Nhận phòng [24 giờ]; Bãi đỗ xe [miễn phí],Nhận phòng [24 giờ]; Bãi đỗ xe [miễn phí],,https://www.ivivu.com/khach-san-da-lat/phaang-vy-luxury-hotel,iVIVU,2026-09-20,2026-09-23,2026-09-24
975785,xing-city-hotel-dalat-59288262,Xing City Hotel Dalat,2.0,0.0,0,337327,337327,,56 Đường Phạm Ngũ Lão,11.938023,108.4343,Wi-Fi [miễn phí]; Bãi đỗ xe [miễn phí],Wi-Fi [miễn phí]; Bãi đỗ xe [miễn phí],,https://www.ivivu.com/khach-san-da-lat/xing-city-hotel-dalat-59288262,iVIVU,2026-09-20,2026-09-23,2026-09-24
975786,pham-gia-villa-hotel,Pham Gia Villa & Hotel,3.0,0.0,0,355041,355041,,"93 To Hien Thanh street, ward 3",11.928156,108.44273,Nhận phòng [24 giờ]; Nhận/trả phòng [nhanh]; Đưa đón sân bay; Bãi đỗ xe [miễn phí],Nhận phòng [24 giờ]; Nhận/trả phòng [nhanh]; Đưa đón sân bay; Bãi đỗ xe [miễn phí],,https://www.ivivu.com/khach-san-da-lat/pham-gia-villa-hotel,iVIVU,2026-09-20,2026-09-23,2026-09-24
975787,the-manor-villas-da-lat,The Manor Villas Da Lat,3.0,10.0,2,567665,567665,,6 Đường Đống Đa,11.9257698,108.445283,Nhận/trả phòng [nhanh]; Nhận phòng [24 giờ]; Wi-Fi [miễn phí]; Bãi đỗ xe [miễn phí]; Đưa đón sân bay,Nhận/trả phòng [nhanh]; Nhận phòng [24 giờ]; Wi-Fi [miễn phí]; Bãi đỗ xe [miễn phí]; Đưa đón sân bay,,https://www.ivivu.com/khach-san-da-lat/the-manor-villas-da-lat,iVIVU,2026-09-20,2026-09-23,2026-09-24
975788,an-tam-house-da-lat,AN TÂM House Đà Lạt,2.0,0.0,0,285607,285607,,140 Đường Tô Hiến Thành,11.928887,108.443985,Nhận/trả phòng [nhanh]; Nhận phòng [24 giờ]; Wi-Fi [miễn phí]; Bãi đỗ xe [miễn phí]; Đưa đón sân bay,Nhận/trả phòng [nhanh]; Nhận phòng [24 giờ]; Wi-Fi [miễn phí]; Bãi đỗ xe [miễn phí]; Đưa đón sân bay,,https://www.ivivu.com/khach-san-da-lat/an-tam-house-da-lat,iVIVU,2026-09-20,2026-09-23,2026-09-24
975790,han-hoan-hotel-59287717,Han Hoan Hotel,2.0,0.0,0,387220,387220,,"108 Nguyễn Văn Trỗi, phường 2",11.948295,108.43713,Wi-Fi [miễn phí]; Bãi đỗ xe [miễn phí]; Đưa đón sân bay,Wi-Fi [miễn phí]; Bãi đỗ xe [miễn phí]; Đưa đón sân bay,,https://www.ivivu.com/khach-san-da-lat/han-hoan-hotel-59287717,iVIVU,2026-09-20,2026-09-23,2026-09-24
975791,haileys-house,Hailey's House,0.0,0.0,0,321251,321251,,"Lô 183 KQH Phan Đình Phùng, Phường 2 Đà Lạt",11.9490728107127,108.434717887885,Wi-Fi [miễn phí]; Đưa đón sân bay; Bãi đỗ xe [miễn phí],Wi-Fi [miễn phí]; Đưa đón sân bay; Bãi đỗ xe [miễn phí],,https://www.ivivu.com/khach-san-da-lat/haileys-house,iVIVU,2026-09-20,2026-09-23,2026-09-24
975793,mai-khanh-hotel,Mai Khanh Hotel,2.0,0.0,0,441696,441696,,10 Nguyễn Thị Định,11.940833,108.43065,Wi-Fi [miễn phí]; Bãi đỗ xe [miễn phí],Wi-Fi [miễn phí]; Bãi đỗ xe [miễn phí],,https://www.ivivu.com/khach-san-da-lat/mai-khanh-hotel,iVIVU,2026-09-20,2026-09-23,2026-09-24
975794,dd-hospitality-mi-amor-da-lat,DD Hospitality - Mi Amor Da Lat,3.0,8.0,1,967785,967785,,106 Đường Lý Tự Trọng,11.947402,108.439064,Nhận/trả phòng [nhanh]; Nhận phòng [24 giờ]; Wi-Fi [miễn phí],Nhận/trả phòng [nhanh]; Nhận phòng [24 giờ]; Wi-Fi [miễn phí],,https://www.ivivu.com/khach-san-da-lat/dd-hospitality-mi-amor-da-lat,iVIVU,2026-09-20,2026-09-23,2026-09-24
975799,gold-house-da-lat,Gold House,2.0,0.0,0,511250,511250,,"33/19 Hồ T ng Mậu, Phường 3, Th nh phố Đ Lạt",11.938904177101,108.439017783228,Nhận/trả phòng [nhanh]; Nhận phòng [24 giờ]; Bãi đỗ xe [miễn phí]; Đưa đón sân bay,Nhận/trả phòng [nhanh]; Nhận phòng [24 giờ]; Bãi đỗ xe [miễn phí]; Đưa đón sân bay,,https://www.ivivu.com/khach-san-da-lat/gold-house-da-lat,iVIVU,2026-09-20,2026-09-23,2026-09-24
975802,charlie-mansion-dalat,Charlie Mansion Dalat,3.0,7.0,2,1960896,1960896,,21/2 Yersin,11.941071,108.45081,Nhận phòng [24 giờ]; Nhận/trả phòng [nhanh]; Wi-Fi [miễn phí]; Bãi đỗ xe [miễn phí]; Đưa đón sân bay,Nhận phòng [24 giờ]; Nhận/trả phòng [nhanh]; Wi-Fi [miễn phí]; Bãi đỗ xe [miễn phí]; Đưa đón sân bay,,https://www.ivivu.com/khach-san-da-lat/charlie-mansion-dalat,iVIVU,2026-09-20,2026-09-23,2026-09-24
975803,xuan-traờng-dalat-central,Xuân Trường Dalat Central,3.0,0.0,0,236559,236559,,148 Yersin,11.9455005,108.4535926,Nhận/trả phòng [nhanh]; Nhận phòng [24 giờ]; Wi-Fi [miễn phí]; Bãi đỗ xe [miễn phí],Nhận/trả phòng [nhanh]; Nhận phòng [24 giờ]; Wi-Fi [miễn phí]; Bãi đỗ xe [miễn phí],,https://www.ivivu.com/khach-san-da-lat/xuan-traờng-dalat-central,iVIVU,2026-09-20,2026-09-23,2026-09-24
975804,rang-dong-villas,BIỆT THỰ RẠNG ĐÔNG,2.0,0.0,0,5805623,5805623,,"12/6 Đường Khởi Nghĩa Bắc Sơn, Phường 10, Đ Lạt",11.936346047497384,108.4517295351794,Nhận phòng [24 giờ]; Bãi đỗ xe [miễn phí],Nhận phòng [24 giờ]; Bãi đỗ xe [miễn phí],,https://www.ivivu.com/khach-san-da-lat/rang-dong-villas,iVIVU,2026-09-20,2026-09-23,2026-09-24
975806,greenview-hotel-dalat,Greenview City Hotel,3.0,0.0,0,352086,352086,,52 Khe Sanh,11.9378203,108.458809,Nhận/trả phòng [nhanh]; Nhận phòng [24 giờ]; Bãi đỗ xe [miễn phí]; Đưa đón sân bay,Nhận/trả phòng [nhanh]; Nhận phòng [24 giờ]; Bãi đỗ xe [miễn phí]; Đưa đón sân bay,,https://www.ivivu.com/khach-san-da-lat/greenview-hotel-dalat,iVIVU,2026-09-20,2026-09-23,2026-09-24
975807,hoang-long-hotel-59079020,Hoàng Long Hotel,2.0,0.0,0,249024,249024,,22 Khe Sanh,11.934614,108.45867,Bãi đỗ xe [miễn phí],Bãi đỗ xe [miễn phí],,https://www.ivivu.com/khach-san-da-lat/hoang-long-hotel-59079020,iVIVU,2026-09-20,2026-09-23,2026-09-24
975808,adela-villa-dalat,Adela Villa Dalat,4.0,0.0,0,2682341,2682341,,77 Hùng Vương,11.950122,108.47268,Wi-Fi [miễn phí]; Bãi đỗ xe [miễn phí],Wi-Fi [miễn phí]; Bãi đỗ xe [miễn phí],,https://www.ivivu.com/khach-san-da-lat/adela-villa-dalat,iVIVU,2026-09-20,2026-09-23,2026-09-24
975813,tp-dalat-hotel,TP Dalat Hotel,3.0,0.0,0,533505,533505,,Trần Quang Diệu,11.9429368273213,108.467933407593,,,,https://www.ivivu.com/khach-san-da-lat/tp-dalat-hotel,iVIVU,2026-09-20,2026-09-23,2026-09-24
975814,flower-home-khe-sanh-1,Flower Home Khe Sanh 1,0.0,0.0,0,1038198,1038198,,26 Hẻm 11 Khe Sanh,11.937239646911621,108.45915985107422,Nhận phòng [24 giờ]; Bãi đỗ xe [miễn phí],Nhận phòng [24 giờ]; Bãi đỗ xe [miễn phí],,https://www.ivivu.com/khach-san-da-lat/flower-home-khe-sanh-1,iVIVU,2026-09-20,2026-09-23,2026-09-24
975818,chem-homestay-da-lat,Chậm Homestay Đà Lạt,2.0,0.0,0,536616,536616,,28a Đ. Hùng Vương,11.945697,108.46547,Nhận phòng [24 giờ]; Wi-Fi [miễn phí],Nhận phòng [24 giờ]; Wi-Fi [miễn phí],,https://www.ivivu.com/khach-san-da-lat/chem-homestay-da-lat,iVIVU,2026-09-20,2026-09-23,2026-09-24
975820,dreamhome-da-lat,DreamHome-Đà Lạt,5.0,0.0,0,425016,425016,,2 Đ. Nguyễn Đ&#236;nh Chiểu,11.9510775,108.4614742,,,,https://www.ivivu.com/khach-san-da-lat/dreamhome-da-lat,iVIVU,2026-09-20,2026-09-23,2026-09-24
975823,the-elegant-da-lat,The Elegant Da Lat,3.0,0.0,0,856175,856175,,Nguyễn Hữu Cảnh,11.96949226711556,108.44000610354884,,,,https://www.ivivu.com/khach-san-da-lat/the-elegant-da-lat,iVIVU,2026-09-20,2026-09-23,2026-09-24
975826,camellia-villa-dalat-love-hill,Camellia Villa Dalat - Love Hill,4.0,0.0,0,6229160,6229160,,"7A/2 Mai Anh Đào, Phường 8, Thành phố Đà Lạt",11.981766,108.457436,Nhận/trả phòng [nhanh]; Nhận phòng [24 giờ]; Wi-Fi [miễn phí]; Bãi đỗ xe [miễn phí]; Phòng tập,Nhận/trả phòng [nhanh]; Nhận phòng [24 giờ]; Wi-Fi [miễn phí]; Bãi đỗ xe [miễn phí]; Phòng tập,,https://www.ivivu.com/khach-san-da-lat/camellia-villa-dalat-love-hill,iVIVU,2026-09-20,2026-09-23,2026-09-24
975833,magnolia-villas-da-lat,Magnolia Villas Đà Lạt,4.0,0.0,0,9263256,9263256,,7a Đường Mai Anh Đ&#224;o,11.9780923,108.4523493,Nhận phòng [24 giờ]; Nhận/trả phòng [nhanh]; Wi-Fi [miễn phí]; Bãi đỗ xe [miễn phí]; Phòng tập,Nhận phòng [24 giờ]; Nhận/trả phòng [nhanh]; Wi-Fi [miễn phí]; Bãi đỗ xe [miễn phí]; Phòng tập,,https://www.ivivu.com/khach-san-da-lat/magnolia-villas-da-lat,iVIVU,2026-09-20,2026-09-23,2026-09-24
975835,roserie-home-garden-dalat,Roserie Home Garden Dalat,0.0,0.0,0,389025,389025,,"Hẻm 6 Đồi Mai Anh, Phường 6",11.9492577853395,108.427997626404,Nhận/trả phòng [nhanh]; Bãi đỗ xe [miễn phí],Nhận/trả phòng [nhanh]; Bãi đỗ xe [miễn phí],,https://www.ivivu.com/khach-san-da-lat/roserie-home-garden-dalat,iVIVU,2026-09-20,2026-09-23,2026-09-24
976135,cao-lan-hamlet,Cao Lan Hamlet,3.0,0.0,0,4106475,4106475,,"Thôn 10 A, Xã Lộc Thành",11.463032,107.808205,Nhận phòng [24 giờ]; Đưa đón sân bay; Bãi đỗ xe [miễn phí],Nhận phòng [24 giờ]; Đưa đón sân bay; Bãi đỗ xe [miễn phí],,https://www.ivivu.com/khach-san-da-lat/cao-lan-hamlet,iVIVU,2026-09-20,2026-09-23,2026-09-24
976136,camellia,Camellia,2.0,0.0,0,542880,542880,,36 Hai Mươi Tám Tháng Ba,11.54567,107.80812,Wi-Fi [miễn phí]; Bãi đỗ xe [miễn phí],Wi-Fi [miễn phí]; Bãi đỗ xe [miễn phí],,https://www.ivivu.com/khach-san-da-lat/camellia,iVIVU,2026-09-20,2026-09-23,2026-09-24
1054269,khach-san-ttr-joy-apart-da-lat,Khách sạn TTR Joy Apart Đà Lạt,0.0,0.0,0,376432,376432,,"2 Đường Khởi Nghĩa Bắc Sơn, Phường 10",11.9342676,108.44739,,,,https://www.ivivu.com/khach-san-da-lat/khach-san-ttr-joy-apart-da-lat,iVIVU,2026-09-20,2026-09-23,2026-09-24
1055528,dong-homestay-66072258,ĐÔNG Homestay,5.0,0.0,0,777362,777362,,"Số 1, Hẻm 4 đường Đặng Thái Thân",11.926031,108.452774,,,,https://www.ivivu.com/khach-san-da-lat/dong-homestay-66072258,iVIVU,2026-09-20,2026-09-23,2026-09-24
1055530,ht-garden-villa-hotel,HT Garden Villa & Hotel,2.0,0.0,0,95714190,95714190,,"01/10 An Son, Phuong 4",11.92615237924435,108.43306839466095,Nhận phòng [24 giờ]; Đưa đón sân bay,Nhận phòng [24 giờ]; Đưa đón sân bay,,https://www.ivivu.com/khach-san-da-lat/ht-garden-villa-hotel,iVIVU,2026-09-20,2026-09-23,2026-09-24
1055533,nha-an-da-lat-3,Nhà An Đà Lạt 3,2.0,0.0,0,211228,211228,,T21 Đường An Sơn,11.926114,108.4309,Nhận/trả phòng [nhanh]; Wi-Fi [miễn phí]; Bãi đỗ xe [miễn phí],Nhận/trả phòng [nhanh]; Wi-Fi [miễn phí]; Bãi đỗ xe [miễn phí],,https://www.ivivu.com/khach-san-da-lat/nha-an-da-lat-3,iVIVU,2026-09-20,2026-09-23,2026-09-24
1055534,scent-room-village,Scent Room - Village,3.0,0.0,0,341183,341183,,"Đường Hoa Hồng, P04",11.896538999506557,108.41071787764835,Bãi đỗ xe [miễn phí],Bãi đỗ xe [miễn phí],,https://www.ivivu.com/khach-san-da-lat/scent-room-village,iVIVU,2026-09-20,2026-09-23,2026-09-24
1055535,mimosa-forest,Mimosa Forest,3.0,0.0,0,733321,733321,,Tuyền Lâm,11.889446,108.436455,Nhận phòng [24 giờ]; Wi-Fi [miễn phí]; Bãi đỗ xe [miễn phí]; Đưa đón sân bay,Nhận phòng [24 giờ]; Wi-Fi [miễn phí]; Bãi đỗ xe [miễn phí]; Đưa đón sân bay,,https://www.ivivu.com/khach-san-da-lat/mimosa-forest,iVIVU,2026-09-20,2026-09-23,2026-09-24
1055536,can-nha-nho,Căn Nhà Nhỏ,3.5,0.0,0,422507,422507,,8/5 Ba Tháng Tư,11.932854652404785,108.44530487060547,Nhận/trả phòng [nhanh]; Nhận phòng [24 giờ]; Bãi đỗ xe [miễn phí]; Đưa đón sân bay,Nhận/trả phòng [nhanh]; Nhận phòng [24 giờ]; Bãi đỗ xe [miễn phí]; Đưa đón sân bay,,https://www.ivivu.com/khach-san-da-lat/can-nha-nho,iVIVU,2026-09-20,2026-09-23,2026-09-24
1055537,samten-hills-boutique-villa,Samten Hills Boutique Villa,3.0,0.0,0,1413240,1413240,,11 Đường Đống Đa,11.923164,108.44435,Nhận phòng [24 giờ]; Bãi đỗ xe [miễn phí],Nhận phòng [24 giờ]; Bãi đỗ xe [miễn phí],,https://www.ivivu.com/khach-san-da-lat/samten-hills-boutique-villa,iVIVU,2026-09-20,2026-09-23,2026-09-24
1055538,white-villa-da-lat,White Villa Đà Lạt,3.0,0.0,0,826102,826102,,16 Tuyền L m,11.876711581676796,108.46632623925208,Wi-Fi [miễn phí]; Bãi đỗ xe [miễn phí],Wi-Fi [miễn phí]; Bãi đỗ xe [miễn phí],,https://www.ivivu.com/khach-san-da-lat/white-villa-da-lat,iVIVU,2026-09-20,2026-09-23,2026-09-24
1055539,scent-chalet-scent-village,Scent Chalet - Scent Village,3.0,0.0,0,219723,219723,,Đ. Hoa Hồng,11.896743,108.41051,Nhận phòng [24 giờ]; Đưa đón sân bay; Bãi đỗ xe [miễn phí],Nhận phòng [24 giờ]; Đưa đón sân bay; Bãi đỗ xe [miễn phí],,https://www.ivivu.com/khach-san-da-lat/scent-chalet-scent-village,iVIVU,2026-09-20,2026-09-23,2026-09-24
1055540,ks-thanh-thuy,KS Thanh Thùy,1.0,0.0,0,201862,201862,,83 Đường Hà Huy Tập,11.93269,108.44148,Nhận phòng [24 giờ]; Nhận/trả phòng [nhanh]; Bãi đỗ xe [miễn phí],Nhận phòng [24 giờ]; Nhận/trả phòng [nhanh]; Bãi đỗ xe [miễn phí],,https://www.ivivu.com/khach-san-da-lat/ks-thanh-thuy,iVIVU,2026-09-20,2026-09-23,2026-09-24
1055541,the-monhi,The Monhi,2.0,0.0,0,418739,418739,,79 Đường An Bình,11.922879219055176,108.4371109008789,Bãi đỗ xe [miễn phí],Bãi đỗ xe [miễn phí],,https://www.ivivu.com/khach-san-da-lat/the-monhi,iVIVU,2026-09-20,2026-09-23,2026-09-24
1055542,nam-ma-3-homestay-chi-nhanh-dang-thai-than,Nằm Mơ 3 Homestay - chi nhánh Đặng Thái Thân,2.0,0.0,0,466139,466139,,18/1 Đường Đặng Thái Thân,11.931675,108.45243,Nhận phòng [24 giờ]; Wi-Fi [miễn phí]; Bãi đỗ xe [miễn phí],Nhận phòng [24 giờ]; Wi-Fi [miễn phí]; Bãi đỗ xe [miễn phí],,https://www.ivivu.com/khach-san-da-lat/nam-ma-3-homestay-chi-nhanh-dang-thai-than,iVIVU,2026-09-20,2026-09-23,2026-09-24
1055543,khach-san-hoang-thang-1,Khách sạn Hoàng Thắng 1,1.0,0.0,0,457342,457342,,3 Mai Hắc Đế,11.946445,108.42915,Nhận/trả phòng [nhanh]; Đưa đón sân bay; Bãi đỗ xe [miễn phí],Nhận/trả phòng [nhanh]; Đưa đón sân bay; Bãi đỗ xe [miễn phí],,https://www.ivivu.com/khach-san-da-lat/khach-san-hoang-thang-1,iVIVU,2026-09-20,2026-09-23,2026-09-24
1055546,can-ho-tai-da-lat,Căn hộ tại Đà Lạt,3.0,0.0,0,1477440,1477440,,288 Đường Tô Hiến Thành,11.92854,108.44279,Bãi đỗ xe [miễn phí],Bãi đỗ xe [miễn phí],,https://www.ivivu.com/khach-san-da-lat/can-ho-tai-da-lat,iVIVU,2026-09-20,2026-09-23,2026-09-24
1055548,moc-nha-minh,Mộc Nhà Mình,0.0,0.0,0,533976,533976,,27E L Hồng Phong,11.9319295,108.4257795,Nhận phòng [24 giờ]; Wi-Fi [miễn phí]; Bãi đỗ xe [miễn phí],Nhận phòng [24 giờ]; Wi-Fi [miễn phí]; Bãi đỗ xe [miễn phí],,https://www.ivivu.com/khach-san-da-lat/moc-nha-minh,iVIVU,2026-09-20,2026-09-23,2026-09-24
1055549,flower-hill-hotel,Flower Hill Hotel,2.0,0.0,0,1787404,1787404,,21 Lê Hồng Phong,11.932802,108.4278,Nhận phòng [24 giờ],Nhận phòng [24 giờ],,https://www.ivivu.com/khach-san-da-lat/flower-hill-hotel,iVIVU,2026-09-20,2026-09-23,2026-09-24
1055550,pause-apartment,Pause Apartment,4.0,0.0,0,5079717,5079717,,10 Phan Bội Châu,11.944155,108.4379,Nhận/trả phòng [nhanh]; Wi-Fi [miễn phí]; Đưa đón sân bay; Bãi đỗ xe [miễn phí],Nhận/trả phòng [nhanh]; Wi-Fi [miễn phí]; Đưa đón sân bay; Bãi đỗ xe [miễn phí],,https://www.ivivu.com/khach-san-da-lat/pause-apartment,iVIVU,2026-09-20,2026-09-23,2026-09-24
1055554,vinh-tuan-hotel,Vĩnh Tuấn Hotel,0.0,0.0,0,371647,371647,,"107 Phan Bội Châu, phường 1, thành phố Đà Lạt",11.943605422973633,108.43890380859375,Wi-Fi [miễn phí]; Bãi đỗ xe [miễn phí]; Đưa đón sân bay,Wi-Fi [miễn phí]; Bãi đỗ xe [miễn phí]; Đưa đón sân bay,,https://www.ivivu.com/khach-san-da-lat/vinh-tuan-hotel,iVIVU,2026-09-20,2026-09-23,2026-09-24
1055558,cherry-da-lat-3-luxury-hotel,Cherry Đa Lat 3 - Luxury Hotel,3.0,0.0,0,716026,716026,,32 Đường Bùi Thị Xuân,11.9447775,108.43975,Wi-Fi [miễn phí]; Đưa đón sân bay,Wi-Fi [miễn phí]; Đưa đón sân bay,,https://www.ivivu.com/khach-san-da-lat/cherry-da-lat-3-luxury-hotel,iVIVU,2026-09-20,2026-09-23,2026-09-24
1055559,hasa-da-lat-hotel-and-apartment,Hasa Da Lat Hotel and Apartment,4.0,0.0,0,779915,779915,,"14/8 Pasteur, Phường 4",11.93642520904541,108.428466796875,Nhận phòng [24 giờ]; Wi-Fi [miễn phí]; Đưa đón sân bay,Nhận phòng [24 giờ]; Wi-Fi [miễn phí]; Đưa đón sân bay,,https://www.ivivu.com/khach-san-da-lat/hasa-da-lat-hotel-and-apartment,iVIVU,2026-09-20,2026-09-23,2026-09-24
1055560,the-brick-home,the BRICK HOME,1.0,0.0,0,578664,578664,,"1A, KQH Trần Lê",11.939208984375,108.42668914794922,Nhận phòng [24 giờ],Nhận phòng [24 giờ],,https://www.ivivu.com/khach-san-da-lat/the-brick-home,iVIVU,2026-09-20,2026-09-23,2026-09-24
1055563,thao-my-boutique-dalat,Thao My Boutique Dalat,3.0,0.0,0,215475,215475,,16 Nguyễn Thị Định,11.941013,108.43039,Nhận phòng [24 giờ]; Nhận/trả phòng [nhanh]; Bãi đỗ xe [miễn phí],Nhận phòng [24 giờ]; Nhận/trả phòng [nhanh]; Bãi đỗ xe [miễn phí],,https://www.ivivu.com/khach-san-da-lat/thao-my-boutique-dalat,iVIVU,2026-09-20,2026-09-23,2026-09-24
1055564,flower-home-khe-sanh-2,Flower Home Khe Sanh 2,4.0,0.0,0,827539,827539,,"số 58, đường Khe Sanh",11.945456,108.4433,Nhận phòng [24 giờ]; Wi-Fi [miễn phí]; Đưa đón sân bay,Nhận phòng [24 giờ]; Wi-Fi [miễn phí]; Đưa đón sân bay,,https://www.ivivu.com/khach-san-da-lat/flower-home-khe-sanh-2,iVIVU,2026-09-20,2026-09-23,2026-09-24
1055565,qr-hotel-dalat,QR Hotel Dalat,4.0,0.0,0,522164,522164,,73 Đường An Binh,11.9235081,108.4367965,Nhận phòng [24 giờ]; Nhận/trả phòng [nhanh]; Bãi đỗ xe [miễn phí]; Đưa đón sân bay,Nhận phòng [24 giờ]; Nhận/trả phòng [nhanh]; Bãi đỗ xe [miễn phí]; Đưa đón sân bay,,https://www.ivivu.com/khach-san-da-lat/qr-hotel-dalat,iVIVU,2026-09-20,2026-09-23,2026-09-24
1055566,the-lamp-boutique-house,The Lamp Boutique House,2.0,0.0,0,699334,699334,,77/8 Phan Boi Chau,11.9440492501902,108.438548046627,Nhận phòng [24 giờ]; Wi-Fi [miễn phí]; Đưa đón sân bay; Bãi đỗ xe [miễn phí],Nhận phòng [24 giờ]; Wi-Fi [miễn phí]; Đưa đón sân bay; Bãi đỗ xe [miễn phí],,https://www.ivivu.com/khach-san-da-lat/the-lamp-boutique-house,iVIVU,2026-09-20,2026-09-23,2026-09-24
1055567,violet-bao-anh,Violet Bảo Anh,2.0,0.0,0,170745,170745,,76 Đường Bùi Thị Xuân,11.946446,108.440445,Wi-Fi [miễn phí],Wi-Fi [miễn phí],,https://www.ivivu.com/khach-san-da-lat/violet-bao-anh,iVIVU,2026-09-20,2026-09-23,2026-09-24
1055568,h-long-dalat-central,H-Long Dalat Central,3.0,0.0,0,278355,278355,,121a Nguyễn Văn Trỗi,11.949268,108.43607,Nhận/trả phòng [nhanh]; Nhận phòng [24 giờ]; Wi-Fi [miễn phí],Nhận/trả phòng [nhanh]; Nhận phòng [24 giờ]; Wi-Fi [miễn phí],,https://www.ivivu.com/khach-san-da-lat/h-long-dalat-central,iVIVU,2026-09-20,2026-09-23,2026-09-24
1055570,lucina-boutique-hotel,LUCINA Boutique Hotel,3.0,0.0,0,522699,522699,,14 Đường Triệu Việt Vương,11.92977237701416,108.43213653564453,Nhận/trả phòng [nhanh]; Bãi đỗ xe [miễn phí],Nhận/trả phòng [nhanh]; Bãi đỗ xe [miễn phí],,https://www.ivivu.com/khach-san-da-lat/lucina-boutique-hotel,iVIVU,2026-09-20,2026-09-23,2026-09-24
1055571,ngoc-minh-chau-hotel,Ngọc Minh Châu Hotel,3.0,0.0,0,1396382,1396382,,82 Đ. Nguyễn Chí Thanh,11.93981,108.435616,Đưa đón sân bay,Đưa đón sân bay,,https://www.ivivu.com/khach-san-da-lat/ngoc-minh-chau-hotel,iVIVU,2026-09-20,2026-09-23,2026-09-24
1055572,belle-house-da-lat,Belle House Đà Lạt,2.0,0.0,0,554142,554142,,65 Huyền Trân Công Chúa,11.932201,108.41879,Nhận phòng [24 giờ]; Wi-Fi [miễn phí],Nhận phòng [24 giờ]; Wi-Fi [miễn phí],,https://www.ivivu.com/khach-san-da-lat/belle-house-da-lat,iVIVU,2026-09-20,2026-09-23,2026-09-24
1055574,he-boutique-hotel,Hè boutique hotel,3.0,0.0,0,721570,721570,,27 Nguyễn Thị Nghĩa,11.949295,108.440475,,,,https://www.ivivu.com/khach-san-da-lat/he-boutique-hotel,iVIVU,2026-09-20,2026-09-23,2026-09-24
1055575,tui-ba-gang-central-hotel,Túi Ba Gang Central Hotel,4.0,0.0,0,809550,809550,,"63a Ba Tháng Hai, Street",11.94218826,108.43411255,Nhận phòng [24 giờ]; Nhận/trả phòng [nhanh]; Wi-Fi [miễn phí]; Bãi đỗ xe [miễn phí],Nhận phòng [24 giờ]; Nhận/trả phòng [nhanh]; Wi-Fi [miễn phí]; Bãi đỗ xe [miễn phí],,https://www.ivivu.com/khach-san-da-lat/tui-ba-gang-central-hotel,iVIVU,2026-09-20,2026-09-23,2026-09-24
1055576,winterfell-hotel-61174710,WINTERFEll HOTEL,1.0,0.0,0,300574,300574,,"46 Nguyễn Thị Nghĩa , Phường 2",11.94744,108.44108,Wi-Fi [miễn phí]; Đưa đón sân bay,Wi-Fi [miễn phí]; Đưa đón sân bay,,https://www.ivivu.com/khach-san-da-lat/winterfell-hotel-61174710,iVIVU,2026-09-20,2026-09-23,2026-09-24
1055579,savio-hotel-trieu-viet-vuong,Savio Hotel Trieu Viet Vuong,2.0,0.0,0,724698,724698,,2 Đường Triệu Việt Vương,11.932087,108.42694,Nhận phòng [24 giờ],Nhận phòng [24 giờ],,https://www.ivivu.com/khach-san-da-lat/savio-hotel-trieu-viet-vuong,iVIVU,2026-09-20,2026-09-23,2026-09-24
1055582,pine-tree-dalat-studio-apartment,PINE TREE DALAT STUDIO APARTMENT,2.0,0.0,0,410608,410608,,A6 Đường Nguyễn Khuyến,11.943467,108.42242,Nhận phòng [24 giờ]; Wi-Fi [miễn phí]; Đưa đón sân bay; Bãi đỗ xe [miễn phí],Nhận phòng [24 giờ]; Wi-Fi [miễn phí]; Đưa đón sân bay; Bãi đỗ xe [miễn phí],,https://www.ivivu.com/khach-san-da-lat/pine-tree-dalat-studio-apartment,iVIVU,2026-09-20,2026-09-23,2026-09-24
1055583,hawaii-hotel-dalat-63102180,Hawaii Hotel Dalat,2.0,0.0,0,257508,257508,,53 Dong Tam,11.9373761821648,108.425458546028,,,,https://www.ivivu.com/khach-san-da-lat/hawaii-hotel-dalat-63102180,iVIVU,2026-09-20,2026-09-23,2026-09-24
1055584,feliz-dalat-homestay,Feliz Dalat Homestay,4.5,0.0,0,902009,902009,,"08 Nguyễn Biều cũ, 54/13 Phan Đình Phùng",11.943619728088379,108.43444061279297,Nhận phòng [24 giờ]; Nhận/trả phòng [nhanh]; Wi-Fi [miễn phí]; Đưa đón sân bay,Nhận phòng [24 giờ]; Nhận/trả phòng [nhanh]; Wi-Fi [miễn phí]; Đưa đón sân bay,,https://www.ivivu.com/khach-san-da-lat/feliz-dalat-homestay,iVIVU,2026-09-20,2026-09-23,2026-09-24
1055585,d-view-hotel,D View Hotel,3.0,0.0,0,1015198,1015198,,15d Đ. Trần Phú,11.935861587524414,108.43745422363281,Nhận phòng [24 giờ]; Wi-Fi [miễn phí]; Bãi đỗ xe [miễn phí],Nhận phòng [24 giờ]; Wi-Fi [miễn phí]; Bãi đỗ xe [miễn phí],,https://www.ivivu.com/khach-san-da-lat/d-view-hotel,iVIVU,2026-09-20,2026-09-23,2026-09-24
1055591,the-one-da-lat-hotel,The One Da Lat Hotel,3.0,0.0,0,1021222,1021222,,"B33, Khu Biệt Thự Golf Valley",11.946179,108.44199,Nhận phòng [24 giờ]; Nhận/trả phòng [nhanh]; Bãi đỗ xe [miễn phí]; Đưa đón sân bay; Phòng tập,Nhận phòng [24 giờ]; Nhận/trả phòng [nhanh]; Bãi đỗ xe [miễn phí]; Đưa đón sân bay; Phòng tập,,https://www.ivivu.com/khach-san-da-lat/the-one-da-lat-hotel,iVIVU,2026-09-20,2026-09-23,2026-09-24
1055592,gia-han-hotel-10613887,Gia Han Hotel,2.5,0.0,0,356375,356375,,21bis Tran Phu Street,11.935479649946242,108.43564429615003,Nhận phòng [24 giờ]; Wi-Fi [miễn phí]; Bãi đỗ xe [miễn phí],Nhận phòng [24 giờ]; Wi-Fi [miễn phí]; Bãi đỗ xe [miễn phí],,https://www.ivivu.com/khach-san-da-lat/gia-han-hotel-10613887,iVIVU,2026-09-20,2026-09-23,2026-09-24
1055593,dalat-roof-hotel,Dalat Roof Hotel,3.0,0.0,0,527759,527759,,50 Đường Ngô Thì Sỹ,11.931381,108.4241,Nhận/trả phòng [nhanh]; Nhận phòng [24 giờ]; Bãi đỗ xe [miễn phí],Nhận/trả phòng [nhanh]; Nhận phòng [24 giờ]; Bãi đỗ xe [miễn phí],,https://www.ivivu.com/khach-san-da-lat/dalat-roof-hotel,iVIVU,2026-09-20,2026-09-23,2026-09-24
1055596,auriluna-hotel-dalat,Auriluna Hotel Dalat,2.0,0.0,0,527099,527099,,109 - 111 Phan Bội Ch u,11.943637,108.43904,Wi-Fi [miễn phí],Wi-Fi [miễn phí],,https://www.ivivu.com/khach-san-da-lat/auriluna-hotel-dalat,iVIVU,2026-09-20,2026-09-23,2026-09-24
1055598,la-nha-homestay-dalat,La Nha Homestay Dalat,1.0,0.0,0,253945,253945,,"27 L Hồng Phong, Phường 4",11.9333697575707,108.425704957008,Nhận phòng [24 giờ]; Đưa đón sân bay; Bãi đỗ xe [miễn phí],Nhận phòng [24 giờ]; Đưa đón sân bay; Bãi đỗ xe [miễn phí],,https://www.ivivu.com/khach-san-da-lat/la-nha-homestay-dalat,iVIVU,2026-09-20,2026-09-23,2026-09-24
1055601,hien-nha-co-hoa,Hiên Nhà Có Hoa,2.0,0.0,0,351075,351075,,"32/37 Trần Thái Tông, Phường 10",11.939259,108.47313,Nhận phòng [24 giờ]; Wi-Fi [miễn phí],Nhận phòng [24 giờ]; Wi-Fi [miễn phí],,https://www.ivivu.com/khach-san-da-lat/hien-nha-co-hoa,iVIVU,2026-09-20,2026-09-23,2026-09-24
1055605,dmai-xanh-da-lat,D'Mai Xanh Da Lat,3.0,0.0,0,1062131,1062131,,12 Đ. Nguyễn Đình Chiểu,11.949858,108.45753,,,,https://www.ivivu.com/khach-san-da-lat/dmai-xanh-da-lat,iVIVU,2026-09-20,2026-09-23,2026-09-24
1055606,chuby-house-valley-view-da-lat,Chuby House Valley View Đà Lạt,3.0,0.0,0,1159431,1159431,,"4 L Văn T m, Phường 10",11.937816,108.45354,,,,https://www.ivivu.com/khach-san-da-lat/chuby-house-valley-view-da-lat,iVIVU,2026-09-20,2026-09-23,2026-09-24
1055607,dalat-train-village,Dalat Train Village,5.0,0.0,0,1355361,1355361,,1 Quang Trung,11.943645056474992,108.45591517144162,,,,https://www.ivivu.com/khach-san-da-lat/dalat-train-village,iVIVU,2026-09-20,2026-09-23,2026-09-24
1055609,otel-hotel-dalat,Otel Hotel Dalat,3.0,0.0,0,994452,994452,,Đ. Hùng Vương,11.948960304260254,108.47520446777344,,,,https://www.ivivu.com/khach-san-da-lat/otel-hotel-dalat,iVIVU,2026-09-20,2026-09-23,2026-09-24
1055611,dalat-harmony-garden,Dalat Harmony Garden,4.0,0.0,0,473530,473530,,3/5 Hoàng Hoa Thám,11.936841,108.464424,,,,https://www.ivivu.com/khach-san-da-lat/dalat-harmony-garden,iVIVU,2026-09-20,2026-09-23,2026-09-24
1055612,cozy-garden-boutique-hotel,Cozy Garden Boutique hotel,3.0,0.0,0,1206699,1206699,,94 Đ. Lữ Gia,11.954783,108.45928,Nhận/trả phòng [nhanh]; Nhận phòng [24 giờ]; Bãi đỗ xe [miễn phí]; Đưa đón sân bay,Nhận/trả phòng [nhanh]; Nhận phòng [24 giờ]; Bãi đỗ xe [miễn phí]; Đưa đón sân bay,,https://www.ivivu.com/khach-san-da-lat/cozy-garden-boutique-hotel,iVIVU,2026-09-20,2026-09-23,2026-09-24
1055614,the-palette-dalat-2,The Palette Dalat 2,3.0,0.0,0,693373,693373,,B11 KQH Đ. Phạm Hồng Thái,11.940729,108.45288,Nhận phòng [24 giờ]; Wi-Fi [miễn phí]; Bãi đỗ xe [miễn phí]; Đưa đón sân bay,Nhận phòng [24 giờ]; Wi-Fi [miễn phí]; Bãi đỗ xe [miễn phí]; Đưa đón sân bay,,https://www.ivivu.com/khach-san-da-lat/the-palette-dalat-2,iVIVU,2026-09-20,2026-09-23,2026-09-24
1055617,adalia-villa-hotel-da-lat,Adalia Villa & Hotel Đà Lạt,3.0,0.0,0,383440,383440,,Đường Trịnh Hoài Đức,11.94615,108.48067,Nhận/trả phòng [nhanh]; Nhận phòng [24 giờ]; Wi-Fi [miễn phí]; Bãi đỗ xe [miễn phí]; Đưa đón sân bay,Nhận/trả phòng [nhanh]; Nhận phòng [24 giờ]; Wi-Fi [miễn phí]; Bãi đỗ xe [miễn phí]; Đưa đón sân bay,,https://www.ivivu.com/khach-san-da-lat/adalia-villa-hotel-da-lat,iVIVU,2026-09-20,2026-09-23,2026-09-24
1055619,cloud9-cloud-view-glamping,Cloud9 & Cloud View Glamping,0.0,0.0,0,1045792,1045792,,"Truong Tho Village, Tram Hanh Commune",11.8927898406982,108.566741943359,Nhận phòng [24 giờ]; Đưa đón sân bay; Bãi đỗ xe [miễn phí],Nhận phòng [24 giờ]; Đưa đón sân bay; Bãi đỗ xe [miễn phí],,https://www.ivivu.com/khach-san-da-lat/cloud9-cloud-view-glamping,iVIVU,2026-09-20,2026-09-23,2026-09-24
1055625,anteaus-hotel-apartment-da-lat,Anteaus Hotel & Apartment Đà Lạt,4.0,0.0,0,710540,710540,,"Nguyen Tu Luc Street, Ward 8, Da Lat",11.96369024154667,108.45319996837269,Nhận phòng [24 giờ]; Bãi đỗ xe [miễn phí]; Đưa đón sân bay,Nhận phòng [24 giờ]; Bãi đỗ xe [miễn phí]; Đưa đón sân bay,,https://www.ivivu.com/khach-san-da-lat/anteaus-hotel-apartment-da-lat,iVIVU,2026-09-20,2026-09-23,2026-09-24
1055626,an-phu-house-valley-view,An Phu House Valley View,3.0,0.0,0,496531,496531,,Đường Cao Thắng,11.963917,108.42377,Nhận/trả phòng [nhanh]; Nhận phòng [24 giờ]; Wi-Fi [miễn phí]; Đưa đón sân bay; Bãi đỗ xe [miễn phí],Nhận/trả phòng [nhanh]; Nhận phòng [24 giờ]; Wi-Fi [miễn phí]; Đưa đón sân bay; Bãi đỗ xe [miễn phí],,https://www.ivivu.com/khach-san-da-lat/an-phu-house-valley-view,iVIVU,2026-09-20,2026-09-23,2026-09-24
1055627,phuc-hai-hotel-da-lat,Phuc Hai Hotel Da Lat,3.0,0.0,0,467430,467430,,188 Xô Viết Nghệ Tĩnh,11.964359,108.43177,Nhận phòng [24 giờ]; Nhận/trả phòng [nhanh]; Bãi đỗ xe [miễn phí],Nhận phòng [24 giờ]; Nhận/trả phòng [nhanh]; Bãi đỗ xe [miễn phí],,https://www.ivivu.com/khach-san-da-lat/phuc-hai-hotel-da-lat,iVIVU,2026-09-20,2026-09-23,2026-09-24
1055630,be-youth-villa-da-lat,Be Youth Villa Đà Lạt,2.0,0.0,0,258718,258718,,66 Đường Bạch Đằng,11.964272,108.42704,Nhận/trả phòng [nhanh]; Đưa đón sân bay; Bãi đỗ xe [miễn phí],Nhận/trả phòng [nhanh]; Đưa đón sân bay; Bãi đỗ xe [miễn phí],,https://www.ivivu.com/khach-san-da-lat/be-youth-villa-da-lat,iVIVU,2026-09-20,2026-09-23,2026-09-24
1055631,chiburo-home-da-lat,Chiburo Home Da Lat,3.0,0.0,0,734180,734180,,Chiburo Home Đ Lạt D11 KQH Ng Quyền,11.957396,108.42405,Nhận/trả phòng [nhanh]; Wi-Fi [miễn phí]; Đưa đón sân bay; Bãi đỗ xe [miễn phí],Nhận/trả phòng [nhanh]; Wi-Fi [miễn phí]; Đưa đón sân bay; Bãi đỗ xe [miễn phí],,https://www.ivivu.com/khach-san-da-lat/chiburo-home-da-lat,iVIVU,2026-09-20,2026-09-23,2026-09-24
1055632,co-bon-la-homestay,Cỏ Bốn Lá Homestay,4.0,0.0,0,6056752,6056752,,26 Đường Đinh Công Tráng,11.966158866882324,108.42764282226562,Nhận phòng [24 giờ]; Bãi đỗ xe [miễn phí],Nhận phòng [24 giờ]; Bãi đỗ xe [miễn phí],,https://www.ivivu.com/khach-san-da-lat/co-bon-la-homestay,iVIVU,2026-09-20,2026-09-23,2026-09-24
1055635,le-mui-hotel-apartment,Lê Mùi Hotel - Apartment,2.0,0.0,0,466414,466414,,344 Đường Nguy n Tử Lực,11.9763712617406,108.45312499999997,Nhận phòng [24 giờ]; Bãi đỗ xe [miễn phí]; Đưa đón sân bay,Nhận phòng [24 giờ]; Bãi đỗ xe [miễn phí]; Đưa đón sân bay,,https://www.ivivu.com/khach-san-da-lat/le-mui-hotel-apartment,iVIVU,2026-09-20,2026-09-23,2026-09-24
1055642,yori-house,Yori House,3.0,0.0,0,4548000,4548000,,15 Tô Hiệu,11.969506,108.436806,Nhận phòng [24 giờ],Nhận phòng [24 giờ],,https://www.ivivu.com/khach-san-da-lat/yori-house,iVIVU,2026-09-20,2026-09-23,2026-09-24
1055645,the-pink-boutique-hotel,The Pink Boutique Hotel,3.0,0.0,0,1035635,1035635,,7/1 A Ng Quyền,11.9508224,108.4303649,Nhận phòng [24 giờ]; Wi-Fi [miễn phí]; Bãi đỗ xe [miễn phí]; Đưa đón sân bay,Nhận phòng [24 giờ]; Wi-Fi [miễn phí]; Bãi đỗ xe [miễn phí]; Đưa đón sân bay,,https://www.ivivu.com/khach-san-da-lat/the-pink-boutique-hotel,iVIVU,2026-09-20,2026-09-23,2026-09-24
1056229,homestay-hong-phuc,Homestay Hồng Phúc,3.5,0.0,0,348276,348276,,Trần Phú,11.532061528558154,107.81786308564573,Nhận/trả phòng [nhanh]; Wi-Fi [miễn phí]; Bãi đỗ xe [miễn phí],Nhận/trả phòng [nhanh]; Wi-Fi [miễn phí]; Bãi đỗ xe [miễn phí],,https://www.ivivu.com/khach-san-da-lat/homestay-hong-phuc,iVIVU,2026-09-20,2026-09-23,2026-09-24
1056230,homestay-bao-loc-ngoc-kim,Homestay Bảo Lộc Ngọc Kim,5.0,0.0,0,456065,456065,,49 Hẻm 15 Tuệ Tĩnh,11.542589,107.82567,Nhận phòng [24 giờ]; Nhận/trả phòng [nhanh]; Bãi đỗ xe [miễn phí],Nhận phòng [24 giờ]; Nhận/trả phòng [nhanh]; Bãi đỗ xe [miễn phí],,https://www.ivivu.com/khach-san-da-lat/homestay-bao-loc-ngoc-kim,iVIVU,2026-09-20,2026-09-23,2026-09-24
1056231,blao-corner-homestay,B'lao Corner Homestay,3.0,0.0,0,1206576,1206576,,28 Đường Đinh Công Tráng,11.525620460510254,107.77534484863281,Nhận phòng [24 giờ]; Wi-Fi [miễn phí]; Bãi đỗ xe [miễn phí],Nhận phòng [24 giờ]; Wi-Fi [miễn phí]; Bãi đỗ xe [miễn phí],,https://www.ivivu.com/khach-san-da-lat/blao-corner-homestay,iVIVU,2026-09-20,2026-09-23,2026-09-24
1056234,dứa-homestay-bao-loc,Dứa Homestay - Bảo Lộc,4.0,0.0,0,541590,541590,,21 L Phụng Hiểu,11.525345976551897,107.76443648951452,Nhận phòng [24 giờ]; Bãi đỗ xe [miễn phí],Nhận phòng [24 giờ]; Bãi đỗ xe [miễn phí],,https://www.ivivu.com/khach-san-da-lat/dua-homestay-bao-loc,iVIVU,2026-09-20,2026-09-23,2026-09-24
1056235,an-an-homestay-bao-loc,An An Homestay Bảo Lộc,2.0,0.0,0,539232,539232,,Hẻm 268 Đ. Bùi Thị Xuân,11.561807,107.820526,Nhận phòng [24 giờ]; Wi-Fi [miễn phí]; Bãi đỗ xe [miễn phí],Nhận phòng [24 giờ]; Wi-Fi [miễn phí]; Bãi đỗ xe [miễn phí],,https://www.ivivu.com/khach-san-da-lat/an-an-homestay-bao-loc,iVIVU,2026-09-20,2026-09-23,2026-09-24
1112592,romeo-juliet-ho-tuyen-lam-dalat,Romeo Juliet Hồ Tuyền Lâm DaLat,3.0,0.0,0,447283,447283,,Tuyền Lâm,11.889478,108.43505,,,,https://www.ivivu.com/khach-san-da-lat/romeo-juliet-ho-tuyen-lam-dalat,iVIVU,2026-09-20,2026-09-23,2026-09-24
1112593,nu-homestay-da-lat,Nu Homestay Da Lat,3.0,0.0,0,578869,578869,,2M/8,11.933574,108.44479,Nhận/trả phòng [nhanh]; Wi-Fi [miễn phí]; Bãi đỗ xe [miễn phí],Nhận/trả phòng [nhanh]; Wi-Fi [miễn phí]; Bãi đỗ xe [miễn phí],,https://www.ivivu.com/khach-san-da-lat/nu-homestay-da-lat,iVIVU,2026-09-20,2026-09-23,2026-09-24
1112596,new-memories-hotel-dalat,New Memories Hotel DaLat,2.0,0.0,0,1123314,1123314,,"95 An Binh Street, Ward 3, Da Lat City",11.921535,108.43691,,,,https://www.ivivu.com/khach-san-da-lat/new-memories-hotel-dalat,iVIVU,2026-09-20,2026-09-23,2026-09-24
1112599,mian-house-79484704,MiAn House,1.0,0.0,0,275315,275315,,83 Đường Hà Huy Tập,11.93275,108.441505,,,,https://www.ivivu.com/khach-san-da-lat/mian-house-79484704,iVIVU,2026-09-20,2026-09-23,2026-09-24
1112600,lan-anh-resort-village,Lan Anh Resort Village,3.0,0.0,0,1251937,1251937,,1 Đường Trần Th nh T ng,11.90674533649545,108.4335943584053,,,,https://www.ivivu.com/khach-san-da-lat/lan-anh-resort-village,iVIVU,2026-09-20,2026-09-23,2026-09-24
1112601,flower-home-an-son,Flower Home An Sơn,2.0,0.0,0,533545,533545,,20 Đ. An Sơn,11.926350593566895,108.4316177368164,,,,https://www.ivivu.com/khach-san-da-lat/flower-home-an-son,iVIVU,2026-09-20,2026-09-23,2026-09-24
1112604,michelia-valley-hotel,Michelia Valley Hotel,2.0,0.0,0,222886,222886,,Hẻm 29 đường 3 Tháng 4,11.926107,108.44896,,,,https://www.ivivu.com/khach-san-da-lat/michelia-valley-hotel,iVIVU,2026-09-20,2026-09-23,2026-09-24
1112605,tuyet-quynh-hotel-da-lat,Tuyết Quỳnh Hotel Đà Lạt,2.0,0.0,0,421358,421358,,15 Đường Hà Huy Tập,11.936225,108.44118,Nhận phòng [24 giờ]; Wi-Fi [miễn phí]; Đưa đón sân bay; Bãi đỗ xe [miễn phí],Nhận phòng [24 giờ]; Wi-Fi [miễn phí]; Đưa đón sân bay; Bãi đỗ xe [miễn phí],,https://www.ivivu.com/khach-san-da-lat/tuyet-quynh-hotel-da-lat,iVIVU,2026-09-20,2026-09-23,2026-09-24
1112607,oyado-stay-in-dalat,OYADO STAY in DALAT,5.0,0.0,0,269180,269180,,Số 24 Hẻm 63,11.925469,108.439255,Đưa đón sân bay,Đưa đón sân bay,,https://www.ivivu.com/khach-san-da-lat/oyado-stay-in-dalat,iVIVU,2026-09-20,2026-09-23,2026-09-24
1112609,nexus-house-an-son-da-lat,Nexus House An Son Da Lat,4.0,0.0,0,662515,662515,,Đ. An Sơn,11.9253616333008,108.426361083984,Nhận phòng [24 giờ]; Nhận/trả phòng [nhanh]; Đưa đón sân bay; Bãi đỗ xe [miễn phí],Nhận phòng [24 giờ]; Nhận/trả phòng [nhanh]; Đưa đón sân bay; Bãi đỗ xe [miễn phí],,https://www.ivivu.com/khach-san-da-lat/nexus-house-an-son-da-lat,iVIVU,2026-09-20,2026-09-23,2026-09-24
1112610,the-sound-of-silence-homestay-da-lat,The Sound Of Silence Homestay Đà Lạt,2.0,0.0,0,508055,508055,,"Hẻm 4, Đặng Thái Thân",11.925312042236328,108.45415496826172,,,,https://www.ivivu.com/khach-san-da-lat/the-sound-of-silence-homestay-da-lat,iVIVU,2026-09-20,2026-09-23,2026-09-24
1112612,van-tung-homestay-cafe,Vạn Tùng Homestay & Café,3.5,0.0,0,625162,625162,,02 Tr c L m Y n Tử,11.9027539,108.4383293,Wi-Fi [miễn phí],Wi-Fi [miễn phí],,https://www.ivivu.com/khach-san-da-lat/van-tung-homestay-cafe,iVIVU,2026-09-20,2026-09-23,2026-09-24
1112614,may-glamping,May Glamping,4.0,0.0,0,368803,368803,,Tuý Sơn,11.947107,108.52881000000001,,,,https://www.ivivu.com/khach-san-da-lat/may-glamping,iVIVU,2026-09-20,2026-09-23,2026-09-24
1112616,khach-san-an-nhu,Khách sạn An Như,2.0,0.0,0,112781,112781,,06 Đường B i Thị Xu n,11.94349,108.440506,,,,https://www.ivivu.com/khach-san-da-lat/khach-san-an-nhu,iVIVU,2026-09-20,2026-09-23,2026-09-24
1112620,la-cherie-hotel,La Chérie Hotel,3.0,0.0,0,1470936,1470936,,5a Nam Kỳ Khởi Nghĩa,11.941179275512695,108.43608856201172,,,,https://www.ivivu.com/khach-san-da-lat/la-cherie-hotel,iVIVU,2026-09-20,2026-09-23,2026-09-24
1112622,coco-house-da-lat,COCO HOUSE Đa Lat,3.0,0.0,0,526911,526911,,Đà Lạt 18/6/2 bùi thị xuân,11.943713188171387,108.44088745117188,,,,https://www.ivivu.com/khach-san-da-lat/coco-house-da-lat,iVIVU,2026-09-20,2026-09-23,2026-09-24
1112623,book-home-da-lat,Book Home Đà Lạt,2.0,0.0,0,585418,585418,,"73 Đường Đống Đa, Phường 3",11.927686,108.43965,,,,https://www.ivivu.com/khach-san-da-lat/book-home-da-lat,iVIVU,2026-09-20,2026-09-23,2026-09-24
1112625,lina-hotel-79795467,Lina Hotel,1.0,0.0,0,329037,329037,,"51A Đ. Lữ Gia51 Lu Gia Street, Ward 9, Da Lat City, Lam Dong, Phường 9",11.945456,108.4433,Nhận phòng [24 giờ]; Nhận/trả phòng [nhanh]; Wi-Fi [miễn phí]; Bãi đỗ xe [miễn phí],Nhận phòng [24 giờ]; Nhận/trả phòng [nhanh]; Wi-Fi [miễn phí]; Bãi đỗ xe [miễn phí],,https://www.ivivu.com/khach-san-da-lat/lina-hotel-79795467,iVIVU,2026-09-20,2026-09-23,2026-09-24
1112627,viet-ha-hotel,Viet Ha Hotel,2.0,0.0,0,179725,179725,,105 Phan Bội Châu,11.94365119934082,108.4388656616211,Wi-Fi [miễn phí]; Đưa đón sân bay,Wi-Fi [miễn phí]; Đưa đón sân bay,,https://www.ivivu.com/khach-san-da-lat/viet-ha-hotel,iVIVU,2026-09-20,2026-09-23,2026-09-24
1112628,thanh-thanh-station-view,Thanh Thanh Station View,3.0,0.0,0,226281,226281,,126 Đường Tô Hiến Thành,11.929387,108.44338,Bãi đỗ xe [miễn phí]; Đưa đón sân bay,Bãi đỗ xe [miễn phí]; Đưa đón sân bay,,https://www.ivivu.com/khach-san-da-lat/thanh-thanh-station-view,iVIVU,2026-09-20,2026-09-23,2026-09-24
1112629,liens-2-hotel-da-lat,Liên's 2 Hotel Đà Lạt,2.0,0.0,0,537490,537490,,72 Đường L Tự Trọng,11.94567,108.4389668,,,,https://www.ivivu.com/khach-san-da-lat/liens-2-hotel-da-lat,iVIVU,2026-09-20,2026-09-23,2026-09-24
1112631,maps-soul-hostel,Map's Soul Hostel,2.0,0.0,0,492545,492545,,38 Đ. Trần Nhật Duật,11.945373,108.4293,,,,https://www.ivivu.com/khach-san-da-lat/maps-soul-hostel,iVIVU,2026-09-20,2026-09-23,2026-09-24
1112633,an-vy-inn,An Vy Inn,2.0,0.0,0,263254,263254,,i02 Nguyen Thi Nghia,11.94893,108.43993,,,,https://www.ivivu.com/khach-san-da-lat/an-vy-inn,iVIVU,2026-09-20,2026-09-23,2026-09-24
1112635,trang-homestay-da-lat,Trăng Homestay Đà Lạt,2.0,0.0,0,305194,305194,,99 Trần Văn C i,11.947975,108.42033,,,,https://www.ivivu.com/khach-san-da-lat/trang-homestay-da-lat,iVIVU,2026-09-20,2026-09-23,2026-09-24
1112636,my-hotel-da-lat,My Hotel Đà Lạt,2.0,0.0,0,1689968,1689968,,102 Đường Hai Bà Trưng,11.945035,108.433365,,,,https://www.ivivu.com/khach-san-da-lat/my-hotel-da-lat,iVIVU,2026-09-20,2026-09-23,2026-09-24
1112640,viet-anh-hotel-da-lat,Việt Anh Hotel Đà Lạt,2.0,0.0,0,224845,224845,,E20 KQH Mạc Đĩnh Chi,11.941164016723633,108.42790222167969,Nhận phòng [24 giờ]; Nhận/trả phòng [nhanh]; Bãi đỗ xe [miễn phí],Nhận phòng [24 giờ]; Nhận/trả phòng [nhanh]; Bãi đỗ xe [miễn phí],,https://www.ivivu.com/khach-san-da-lat/viet-anh-hotel-da-lat,iVIVU,2026-09-20,2026-09-23,2026-09-24
1112643,dalat-1893-homestay-75930523,Dalat 1893 Homestay,1.0,0.0,0,389926,389926,,Hẻm 59,11.942351,108.42719,,,,https://www.ivivu.com/khach-san-da-lat/dalat-1893-homestay-75930523,iVIVU,2026-09-20,2026-09-23,2026-09-24
1112647,tho-house-hotel-dalat,Tho House - Hotel Dalat,5.0,0.0,0,451415,451415,,11 Đ. Huỳnh Thúc Kháng,11.934965133666992,108.4300537109375,,,,https://www.ivivu.com/khach-san-da-lat/tho-house-hotel-dalat,iVIVU,2026-09-20,2026-09-23,2026-09-24
1112648,ami-villa-dalat,Ami Villa Dalat,2.0,0.0,0,1119988,1119988,,40 To Hien Thanh,11.928334,108.44495,,,,https://www.ivivu.com/khach-san-da-lat/ami-villa-dalat,iVIVU,2026-09-20,2026-09-23,2026-09-24
1112653,cozy-living-home-da-lat,Cozy Living Home Da Lat,4.0,0.0,0,1880869,1880869,,1A Đường Triệu Việt Vương,11.9302803,108.4279182,Nhận phòng [24 giờ]; Nhận/trả phòng [nhanh]; Đưa đón sân bay; Bãi đỗ xe [miễn phí],Nhận phòng [24 giờ]; Nhận/trả phòng [nhanh]; Đưa đón sân bay; Bãi đỗ xe [miễn phí],,https://www.ivivu.com/khach-san-da-lat/cozy-living-home-da-lat,iVIVU,2026-09-20,2026-09-23,2026-09-24
1112654,the-market-homestay,The Market Homestay,5.0,0.0,0,421420,421420,,62 Đường Nguyễn Thị Minh Khai,11.943981,108.43756,,,,https://www.ivivu.com/khach-san-da-lat/the-market-homestay,iVIVU,2026-09-20,2026-09-23,2026-09-24
1112655,nghia-lan-hotel,Nghia Lan Hotel,3.0,0.0,0,837362,837362,,97/4 Phan Bội Châu,11.9439125,108.43888,,,,https://www.ivivu.com/khach-san-da-lat/nghia-lan-hotel,iVIVU,2026-09-20,2026-09-23,2026-09-24
1112658,tina-family-75150662,Tina Family,4.0,0.0,0,606085,606085,,137 Đường Nguyễn Trung Trực,11.930665016174316,108.43695068359375,,,,https://www.ivivu.com/khach-san-da-lat/tina-family-75150662,iVIVU,2026-09-20,2026-09-23,2026-09-24
1112660,cafe-view-house,Cafe View House,2.0,0.0,0,428076,428076,,27 Đ. Ngô Thì Sỹ,11.932769,108.42374,,,,https://www.ivivu.com/khach-san-da-lat/cafe-view-house,iVIVU,2026-09-20,2026-09-23,2026-09-24
1112662,lotus-luxury-villa-da-lat,Lotus Luxury Villa Da Lat,3.0,0.0,0,363532,363532,,"35a Đường Trần Đại Nghĩa , Thành phố Đà Lạt",11.945456,108.4433,,,,https://www.ivivu.com/khach-san-da-lat/lotus-luxury-villa-da-lat,iVIVU,2026-09-20,2026-09-23,2026-09-24
1112664,ohayou-dalat-homestay-67753571,Ohayou Dalat Homestay,3.0,0.0,0,726092,726092,,29/3 Đường Ng Th Nhậm,11.933765776858303,108.42342314787504,,,,https://www.ivivu.com/khach-san-da-lat/ohayou-dalat-homestay-67753571,iVIVU,2026-09-20,2026-09-23,2026-09-24
1112670,de-ankh-village-homestay,De Ank'h Village Homestay,3.0,0.0,0,1901037,1901037,,132 Hẻm Hoàng Hoa Thám,11.945456,108.4433,,,,https://www.ivivu.com/khach-san-da-lat/de-ankh-village-homestay,iVIVU,2026-09-20,2026-09-23,2026-09-24
1112671,homestay-guitar-house,Homestay Guitar House,4.0,0.0,0,698928,698928,,21b Đường Triệu Việt Vương,11.931166,108.43149,,,,https://www.ivivu.com/khach-san-da-lat/homestay-guitar-house,iVIVU,2026-09-20,2026-09-23,2026-09-24
1112673,maison-dan-boutique-hotel,Maison d'An - Boutique Hotel,3.0,0.0,0,764701,764701,,37 Đ Phạm Ngũ Lão,11.937903,108.43476,Nhận phòng [24 giờ]; Đưa đón sân bay; Bãi đỗ xe [miễn phí],Nhận phòng [24 giờ]; Đưa đón sân bay; Bãi đỗ xe [miễn phí],,https://www.ivivu.com/khach-san-da-lat/maison-dan-boutique-hotel,iVIVU,2026-09-20,2026-09-23,2026-09-24
1112675,hotel-bao-duy-68522398,Hotel Bao Duy,3.0,0.0,0,673157,673157,,"Number 12 Tang Bat Ho street, ward 1",11.9439,108.43545,,,,https://www.ivivu.com/khach-san-da-lat/hotel-bao-duy-68522398,iVIVU,2026-09-20,2026-09-23,2026-09-24
1112676,ichigo-homestay-da-lat,Ichigo Homestay Đà Lạt,2.0,0.0,0,355407,355407,,"A7 Nguyễn Khuyến, Phường Cam Ly",11.943511,108.422455,Nhận phòng [24 giờ]; Wi-Fi [miễn phí]; Đưa đón sân bay,Nhận phòng [24 giờ]; Wi-Fi [miễn phí]; Đưa đón sân bay,,https://www.ivivu.com/khach-san-da-lat/ichigo-homestay-da-lat,iVIVU,2026-09-20,2026-09-23,2026-09-24
1112680,nha-cua-an,Nhà của An,5.0,0.0,0,217603,217603,,168 Đ. Tô Ngọc Vân,11.946337699890137,108.43408203125,,,,https://www.ivivu.com/khach-san-da-lat/nha-cua-an,iVIVU,2026-09-20,2026-09-23,2026-09-24
1112681,green-meadow-da-lat-otel,Green Meadow Đà Lạt - O'TEL,2.0,0.0,0,430572,430572,,20 D. Nguyễn Viết Xuân,11.934327,108.427315,,,,https://www.ivivu.com/khach-san-da-lat/green-meadow-da-lat-otel,iVIVU,2026-09-20,2026-09-23,2026-09-24
1112684,thi-vi-homestay,Thi Vị Homestay,3.5,0.0,0,667395,667395,,74 Đường Hà Huy Tập,11.932707786560059,108.44105529785156,Wi-Fi [miễn phí]; Bãi đỗ xe [miễn phí],Wi-Fi [miễn phí]; Bãi đỗ xe [miễn phí],,https://www.ivivu.com/khach-san-da-lat/thi-vi-homestay,iVIVU,2026-09-20,2026-09-23,2026-09-24
1112694,belle-amour-hotel-60186062,Belle Amour Hotel,2.0,0.0,0,412750,412750,,"23/3 Đ Phạm Ngũ Lão, Phường 4, Thành phố Đà Lạt",11.937723,108.4351,Nhận phòng [24 giờ]; Nhận/trả phòng [nhanh]; Bãi đỗ xe [miễn phí]; Đưa đón sân bay,Nhận phòng [24 giờ]; Nhận/trả phòng [nhanh]; Bãi đỗ xe [miễn phí]; Đưa đón sân bay,,https://www.ivivu.com/khach-san-da-lat/belle-amour-hotel-60186062,iVIVU,2026-09-20,2026-09-23,2026-09-24
1112697,may-studio-67136749,May Studio,4.0,0.0,0,871565,871565,,49 Đường Bùi Thị Xuân,11.944845,108.43929,,,,https://www.ivivu.com/khach-san-da-lat/may-studio-67136749,iVIVU,2026-09-20,2026-09-23,2026-09-24
1112698,phat-loi-hotel-dalat,Phat Loi Hotel Dalat,2.0,0.0,0,471181,471181,,84 Đường Bùi Thị Xuân,11.946838,108.44066,,,,https://www.ivivu.com/khach-san-da-lat/phat-loi-hotel-dalat,iVIVU,2026-09-20,2026-09-23,2026-09-24
1112699,the-arix-house-studio,THE ARIX House & Studio,2.0,0.0,0,615328,615328,,100 Hoàng Diệu,11.942769,108.422,,,,https://www.ivivu.com/khach-san-da-lat/the-arix-house-studio,iVIVU,2026-09-20,2026-09-23,2026-09-24
1112700,khach-san-tam-dung-2,Khách sạn Tâm Dung 2,2.0,0.0,0,249024,249024,,87 Đ. Thủ Khoa Hu n,11.940589994191722,108.43410868115693,,,,https://www.ivivu.com/khach-san-da-lat/khach-san-tam-dung-2,iVIVU,2026-09-20,2026-09-23,2026-09-24
1112701,ascoseco-hotel-da-lat,AScoseco Hotel Đà Lạt,3.0,0.0,0,599138,599138,,97/2 Phan Bội Châu,11.943943977355957,108.43873596191406,Nhận phòng [24 giờ]; Wi-Fi [miễn phí]; Đưa đón sân bay,Nhận phòng [24 giờ]; Wi-Fi [miễn phí]; Đưa đón sân bay,,https://www.ivivu.com/khach-san-da-lat/ascoseco-hotel-da-lat,iVIVU,2026-09-20,2026-09-23,2026-09-24
1112702,tam-dung-apartment,Tâm Dung Apartment,2.0,0.0,0,1034811,1034811,,"1 Phan Như Thạch, Phường Xuân Hương",11.941112,108.43583,,,,https://www.ivivu.com/khach-san-da-lat/tam-dung-apartment,iVIVU,2026-09-20,2026-09-23,2026-09-24
1112703,nia-hotel,NIA Hotel,3.0,0.0,0,1629338,1629338,,"43 Tran Binh Trong, Phuong 5",11.9435888,108.4260483,,,,https://www.ivivu.com/khach-san-da-lat/nia-hotel,iVIVU,2026-09-20,2026-09-23,2026-09-24
1112704,thanh-long-dalat-hotel,Thanh Long Dalat Hotel,1.0,0.0,0,433523,433523,,56 Nguyễn Ch Thanh,11.940112052362622,108.43609124422098,,,,https://www.ivivu.com/khach-san-da-lat/thanh-long-dalat-hotel,iVIVU,2026-09-20,2026-09-23,2026-09-24
1112705,hoa-chuong-villa-da-lat,Hoa Chuông Villa Đà Lạt,2.0,0.0,0,1201962,1201962,,74 Đường Hoàng Văn Thụ,11.941996,108.42112,Nhận phòng [24 giờ]; Wi-Fi [miễn phí],Nhận phòng [24 giờ]; Wi-Fi [miễn phí],,https://www.ivivu.com/khach-san-da-lat/hoa-chuong-villa-da-lat,iVIVU,2026-09-20,2026-09-23,2026-09-24
1112707,nhat-anh-hotel-da-lat,Nhat Anh Hotel Đa Lat,2.0,0.0,0,252377,252377,,"H86 Nguyễn Thị Nghĩa, P2",11.948351211179952,108.44028895089147,,,,https://www.ivivu.com/khach-san-da-lat/nhat-anh-hotel-da-lat,iVIVU,2026-09-20,2026-09-23,2026-09-24
1112709,villa-22-biet-thu-tieu-chuan-khach-san-da-lat,Villa 22 - Biệt Thự Tiêu Chuẩn Khách Sạn - Đà Lạt,5.0,0.0,0,1257930,1257930,,22 D. Nguyễn Viết Xu n,11.9340549,108.4268247,Nhận phòng [24 giờ]; Đưa đón sân bay; Bãi đỗ xe [miễn phí],Nhận phòng [24 giờ]; Đưa đón sân bay; Bãi đỗ xe [miễn phí],,https://www.ivivu.com/khach-san-da-lat/villa-22-biet-thu-tieu-chuan-khach-san-da-lat,iVIVU,2026-09-20,2026-09-23,2026-09-24
1112711,viet-anh-da-lat-hotel,Việt Anh Đà Lạt Hotel,2.0,0.0,0,229845,229845,,E20 Đường Mạc Đĩnh Chi,11.941168785095215,108.42788696289062,Nhận/trả phòng [nhanh]; Nhận phòng [24 giờ]; Wi-Fi [miễn phí]; Bãi đỗ xe [miễn phí],Nhận/trả phòng [nhanh]; Nhận phòng [24 giờ]; Wi-Fi [miễn phí]; Bãi đỗ xe [miễn phí],,https://www.ivivu.com/khach-san-da-lat/viet-anh-da-lat-hotel,iVIVU,2026-09-20,2026-09-23,2026-09-24
1112713,les-dalat-sky-hotel-da-lat-68556202,LE'S DALAT SKY Hotel Da Lat,2.0,0.0,0,656374,656374,,98 Đường Hoàng Diệu,11.942583,108.4227,,,,https://www.ivivu.com/khach-san-da-lat/les-dalat-sky-hotel-da-lat-68556202,iVIVU,2026-09-20,2026-09-23,2026-09-24
1112715,ksol-hotel-apartment,K'Sol Hotel & Apartment,5.0,0.0,0,463894,463894,,16 Trần Bình Trọng,11.943637,108.42573,Nhận/trả phòng [nhanh]; Nhận phòng [24 giờ]; Bãi đỗ xe [miễn phí],Nhận/trả phòng [nhanh]; Nhận phòng [24 giờ]; Bãi đỗ xe [miễn phí],,https://www.ivivu.com/khach-san-da-lat/ksol-hotel-apartment,iVIVU,2026-09-20,2026-09-23,2026-09-24
1112716,le-vu-hotel-16716884,Le Vu Hotel,1.0,0.0,0,181527,181527,,"89 Phan Như Thạch, Phường1",11.940665245056152,108.4342041015625,,,,https://www.ivivu.com/khach-san-da-lat/le-vu-hotel-16716884,iVIVU,2026-09-20,2026-09-23,2026-09-24
1112721,blue-windy-da-lat-homestay,Blue Windy Đà Lạt Homestay,2.0,0.0,0,333402,333402,,100 Hoàng Diệu,11.942793,108.42203,Nhận/trả phòng [nhanh]; Wi-Fi [miễn phí]; Bãi đỗ xe [miễn phí],Nhận/trả phòng [nhanh]; Wi-Fi [miễn phí]; Bãi đỗ xe [miễn phí],,https://www.ivivu.com/khach-san-da-lat/blue-windy-da-lat-homestay,iVIVU,2026-09-20,2026-09-23,2026-09-24
1112722,reply-1996-apartment-in-dalat-center,Reply 1996 Apartment in DaLat Center,4.5,0.0,0,3587591,3587591,,10 Phan Bội Châu,11.9441548,108.4378995,Nhận phòng [24 giờ]; Wi-Fi [miễn phí]; Phòng tập,Nhận phòng [24 giờ]; Wi-Fi [miễn phí]; Phòng tập,,https://www.ivivu.com/khach-san-da-lat/reply-1996-apartment-in-dalat-center,iVIVU,2026-09-20,2026-09-23,2026-09-24
1112723,kaylin-house-68217304,Kaylin House,3.0,0.0,0,458610,458610,,17/4 Nguyễn Trãi,11.942662239074707,108.45282745361328,Nhận phòng [24 giờ]; Nhận/trả phòng [nhanh]; Wi-Fi [miễn phí]; Đưa đón sân bay,Nhận phòng [24 giờ]; Nhận/trả phòng [nhanh]; Wi-Fi [miễn phí]; Đưa đón sân bay,,https://www.ivivu.com/khach-san-da-lat/kaylin-house-68217304,iVIVU,2026-09-20,2026-09-23,2026-09-24
1112724,misty-lake-dalat-hotel,Misty Lake Dalat Hotel,2.0,0.0,0,538988,538988,,Cảm ơn sự hỗ trợ của qu đội ngũ v ch ng t i rất mong nhận được phản hồi sớm.\,11.943686,108.451778,,,,https://www.ivivu.com/khach-san-da-lat/misty-lake-dalat-hotel,iVIVU,2026-09-20,2026-09-23,2026-09-24
1112725,olagi-hotel-2,Olagi Hotel 2,3.0,0.0,0,426405,426405,,34 D. Sương Nguyệt Anh,11.951314926147461,108.45635223388672,Bãi đỗ xe [miễn phí],Bãi đỗ xe [miễn phí],,https://www.ivivu.com/khach-san-da-lat/olagi-hotel-2,iVIVU,2026-09-20,2026-09-23,2026-09-24
1112731,homestay-chon-binh-yen,Homestay Chốn Bình Yên,2.0,0.0,0,369506,369506,,18A Th nh Mẫu - Phường Langbiang Đ Lạt Vietnam,11.945456,108.4433,Wi-Fi [miễn phí],Wi-Fi [miễn phí],,https://www.ivivu.com/khach-san-da-lat/homestay-chon-binh-yen,iVIVU,2026-09-20,2026-09-23,2026-09-24
1112734,pine-hill-hotel-dalat,Pine Hill Hotel Dalat,3.0,0.0,0,361504,361504,,49 Đường Hà Huy Tập,11.935452,108.44113,Nhận phòng [24 giờ]; Wi-Fi [miễn phí]; Đưa đón sân bay,Nhận phòng [24 giờ]; Wi-Fi [miễn phí]; Đưa đón sân bay,,https://www.ivivu.com/khach-san-da-lat/pine-hill-hotel-dalat,iVIVU,2026-09-20,2026-09-23,2026-09-24
1112736,phuong-tim-homestay-da-lat-phuong-tim-homestay,Phượng Tím Homestay Đà Lạt (Phuong Tim Homestay),3.0,0.0,0,297762,297762,,25 Đ. Hùng Vương,11.944327354431152,108.46351623535156,,,,https://www.ivivu.com/khach-san-da-lat/phuong-tim-homestay-da-lat-phuong-tim-homestay,iVIVU,2026-09-20,2026-09-23,2026-09-24
1112737,scenery-hotel-dalat,Scenery Hotel DaLat,2.0,0.0,0,1241137,1241137,,9 D. Sương Nguyệt Anh,11.950369,108.45377,Nhận/trả phòng [nhanh]; Nhận phòng [24 giờ]; Bãi đỗ xe [miễn phí]; Đưa đón sân bay,Nhận/trả phòng [nhanh]; Nhận phòng [24 giờ]; Bãi đỗ xe [miễn phí]; Đưa đón sân bay,,https://www.ivivu.com/khach-san-da-lat/scenery-hotel-dalat,iVIVU,2026-09-20,2026-09-23,2026-09-24
1112738,meraki-villa-dalat,Meraki Villa Dalat,3.0,0.0,0,1133598,1133598,,"113/1A-1B Đường Lữ Gia, Phường 9",11.9551948,108.4580196,,,,https://www.ivivu.com/khach-san-da-lat/meraki-villa-dalat,iVIVU,2026-09-20,2026-09-23,2026-09-24
1112741,mie-house-da-lat,Mie House Da Lat,2.0,0.0,0,267590,267590,,27/57 Yersin,11.941675,108.45137,,,,https://www.ivivu.com/khach-san-da-lat/mie-house-da-lat,iVIVU,2026-09-20,2026-09-23,2026-09-24
1112743,teen-hotel-view-nha-long-lang-man,Teen Hotel - View Nhà Lồng lãng mạn,3.0,0.0,0,384289,384289,,KQH Đường Nguyễn Hữu Cầu,11.962389040268112,108.48022658822174,Nhận/trả phòng [nhanh]; Nhận phòng [24 giờ]; Wi-Fi [miễn phí]; Đưa đón sân bay; Bãi đỗ xe [miễn phí],Nhận/trả phòng [nhanh]; Nhận phòng [24 giờ]; Wi-Fi [miễn phí]; Đưa đón sân bay; Bãi đỗ xe [miễn phí],,https://www.ivivu.com/khach-san-da-lat/teen-hotel-view-nha-long-lang-man,iVIVU,2026-09-20,2026-09-23,2026-09-24
1112749,minh-cuong-hotel,MINH CƯƠNG HOTEL,2.0,0.0,0,372120,372120,,C13 KQH Đặng Thái Thân,11.94041919708252,108.45831298828125,Nhận phòng [24 giờ]; Đưa đón sân bay,Nhận phòng [24 giờ]; Đưa đón sân bay,,https://www.ivivu.com/khach-san-da-lat/minh-cuong-hotel,iVIVU,2026-09-20,2026-09-23,2026-09-24
1112752,de-maat-villa-da-lat,De Ma'at Villa Da lat,4.0,0.0,0,5465880,5465880,,5 Khe Sanh,11.93797779083252,108.45919036865234,Wi-Fi [miễn phí]; Bãi đỗ xe [miễn phí],Wi-Fi [miễn phí]; Bãi đỗ xe [miễn phí],,https://www.ivivu.com/khach-san-da-lat/de-maat-villa-da-lat,iVIVU,2026-09-20,2026-09-23,2026-09-24
1112753,d-home-2-hung-vuong-view-thung-lung-bbq-san-vuon,D Home 2 Hùng Vương - View Thung Lũng BBQ Sân Vườn,5.0,0.0,0,993744,993744,,Đ. H ng Vương,11.94812877079002,108.4756064943123,Nhận phòng [24 giờ]; Nhận/trả phòng [nhanh],Nhận phòng [24 giờ]; Nhận/trả phòng [nhanh],,https://www.ivivu.com/khach-san-da-lat/d-home-2-hung-vuong-view-thung-lung-bbq-san-vuon,iVIVU,2026-09-20,2026-09-23,2026-09-24
1112756,chiic-house-da-lat,Chiic House Đà Lạt,3.0,0.0,0,689282,689282,,"54 Khu Quy Hoạch, Yersin",11.946596,108.45605,Nhận phòng [24 giờ]; Nhận/trả phòng [nhanh]; Bãi đỗ xe [miễn phí],Nhận phòng [24 giờ]; Nhận/trả phòng [nhanh]; Bãi đỗ xe [miễn phí],,https://www.ivivu.com/khach-san-da-lat/chiic-house-da-lat,iVIVU,2026-09-20,2026-09-23,2026-09-24
1112764,the-brownhaven-da-lat,The Brownhaven Đà Lạt,2.0,0.0,0,556925,556925,,"12A M Linh, L m Vi n",11.959287,108.47157,,,,https://www.ivivu.com/khach-san-da-lat/the-brownhaven-da-lat,iVIVU,2026-09-20,2026-09-23,2026-09-24
1112765,ngan-ha-xanh-hotel-75216794,Ngân Hà Xanh Hotel,2.0,0.0,0,671932,671932,,188/9 Yersin,11.948124,108.45601,,,,https://www.ivivu.com/khach-san-da-lat/ngan-ha-xanh-hotel-75216794,iVIVU,2026-09-20,2026-09-23,2026-09-24
1112766,mck-homestay-dalat-can-ho-104-71992698,MCK Homestay Dalat - Can Ho 104,3.0,0.0,0,1581374,1581374,,58 Hoàng Hoa Thám,11.9354109,108.4643129,,,,https://www.ivivu.com/khach-san-da-lat/mck-homestay-dalat-can-ho-104-71992698,iVIVU,2026-09-20,2026-09-23,2026-09-24
1112768,banla-boutique-hotel,Banla Boutique Hotel,4.0,0.0,0,1233958,1233958,,47 Đ. Nguyễn Đình Chiểu,11.950755812972476,108.46146962698361,Nhận phòng [24 giờ]; Đưa đón sân bay; Bãi đỗ xe [miễn phí],Nhận phòng [24 giờ]; Đưa đón sân bay; Bãi đỗ xe [miễn phí],,https://www.ivivu.com/khach-san-da-lat/banla-boutique-hotel,iVIVU,2026-09-20,2026-09-23,2026-09-24
1112769,ngoc-sang-2-hotel,Ngoc Sang 2 Hotel,2.0,0.0,0,612700,612700,,Đ. Phạm Hồng Thái,11.940187454223633,108.45638275146484,Nhận/trả phòng [nhanh]; Nhận phòng [24 giờ]; Đưa đón sân bay; Bãi đỗ xe [miễn phí],Nhận/trả phòng [nhanh]; Nhận phòng [24 giờ]; Đưa đón sân bay; Bãi đỗ xe [miễn phí],,https://www.ivivu.com/khach-san-da-lat/ngoc-sang-2-hotel,iVIVU,2026-09-20,2026-09-23,2026-09-24
1112771,he-maison-boutique-stay-cafe,He Maison Boutique Stay & cafe,3.0,0.0,0,1093098,1093098,,"He Maison Boutique hotel - Cafe - Cocktails bar - Bistro, Ward 10",11.929887,108.46178,,,,https://www.ivivu.com/khach-san-da-lat/he-maison-boutique-stay-cafe,iVIVU,2026-09-20,2026-09-23,2026-09-24
1112772,bibo-house-89-pht,BiBo-House-89-PHT,3.0,0.0,0,850671,850671,,89/1 Đ. Phạm Hồng Th i,11.940878638656367,108.45715053819951,,,,https://www.ivivu.com/khach-san-da-lat/bibo-house-89-pht,iVIVU,2026-09-20,2026-09-23,2026-09-24
1112773,nha-22-do-doc,Nhà 22 độ dốc,4.0,0.0,0,6682176,6682176,,22 Đ. Nam Hồ,11.9458477,108.4781678,Nhận phòng [24 giờ]; Đưa đón sân bay,Nhận phòng [24 giờ]; Đưa đón sân bay,,https://www.ivivu.com/khach-san-da-lat/nha-22-do-doc,iVIVU,2026-09-20,2026-09-23,2026-09-24
1112774,man-trai-ham-homestay-dalat,MẬN TRẠI HẦM - Homestay Dalat,5.0,0.0,0,1141711,1141711,,120 Hoàng Hoa Thám,11.9299345,108.46433,,,,https://www.ivivu.com/khach-san-da-lat/man-trai-ham-homestay-dalat,iVIVU,2026-09-20,2026-09-23,2026-09-24
1112775,golden-apple-villa-da-lat-79902498,Golden Apple Villa Đa Lat,3.0,0.0,0,484890,484890,,114 (số cũ 75/14) Nam Hồ,11.950224,108.47458,,,,https://www.ivivu.com/khach-san-da-lat/golden-apple-villa-da-lat-79902498,iVIVU,2026-09-20,2026-09-23,2026-09-24
1112776,purple-house-dalat,Purple House Dalat,5.0,0.0,0,290528,290528,,117 Hoàng Hoa Thám,11.935595,108.46476,,,,https://www.ivivu.com/khach-san-da-lat/purple-house-dalat,iVIVU,2026-09-20,2026-09-23,2026-09-24
1112779,phintala-hotel,PhinTala Hotel,5.0,0.0,0,1278298,1278298,,30 Đường Khởi Nghĩa Bắc Sơn,11.937579154968262,108.45280456542969,,,,https://www.ivivu.com/khach-san-da-lat/phintala-hotel,iVIVU,2026-09-20,2026-09-23,2026-09-24
1112784,mai-la-home-herbal-spa-nang-tam-village,Mái Lá Home & Herbal Spa - Nàng Tấm Village,2.0,0.0,0,534299,534299,,54 Đ. Trịnh Hoài Đức,11.944848,108.48275,Nhận phòng [24 giờ]; Wi-Fi [miễn phí],Nhận phòng [24 giờ]; Wi-Fi [miễn phí],,https://www.ivivu.com/khach-san-da-lat/mai-la-home-herbal-spa-nang-tam-village,iVIVU,2026-09-20,2026-09-23,2026-09-24
1112785,hamia-villa-dalat-villa-minh-anh,Hamia Villa Dalat ( Villa Minh Anh ),3.0,0.0,0,956105,956105,,80/17 Đ. Trịnh Hoài Đức,11.947081,108.48368,,,,https://www.ivivu.com/khach-san-da-lat/hamia-villa-dalat-villa-minh-anh,iVIVU,2026-09-20,2026-09-23,2026-09-24
1112788,he-maison-retreat,He Maison Retreat,4.0,0.0,0,1104519,1104519,,"Cầu Suối Nước Trong, Th n 6",11.934318542480469,108.34222412109375,,,,https://www.ivivu.com/khach-san-da-lat/he-maison-retreat,iVIVU,2026-09-20,2026-09-23,2026-09-24
1112789,santolina-homestay-tay-ho-hill,Santolina Homestay - Tây Hồ Hill,2.0,0.0,0,641802,641802,,63a Đ. Nam Hồ,11.950474191652095,108.4777810291419,,,,https://www.ivivu.com/khach-san-da-lat/santolina-homestay-tay-ho-hill,iVIVU,2026-09-20,2026-09-23,2026-09-24
1112790,diem-du-lich-nong-nghiep-nong-thon-avocado-farm,Điểm du lịch nông nghiệp nông thôn Avocado Farm,3.0,0.0,0,719308,719308,,,11.733511,108.525894,,,,https://www.ivivu.com/khach-san-da-lat/diem-du-lich-nong-nghiep-nong-thon-avocado-farm,iVIVU,2026-09-20,2026-09-23,2026-09-24
1112791,iza-homestay,IZA Homestay,4.5,0.0,0,402471,402471,,31 Sào Nam,11.943466,108.48508,,,,https://www.ivivu.com/khach-san-da-lat/iza-homestay,iVIVU,2026-09-20,2026-09-23,2026-09-24
1112794,boho-boutique-dalat-romantic-light-valley-view,Boho Boutique Dalat - Romantic Light Valley View,4.0,10.0,1,302427,302427,,19 Đường Đinh Công Tráng,11.964861,108.42744,,,,https://www.ivivu.com/khach-san-da-lat/boho-boutique-dalat-romantic-light-valley-view,iVIVU,2026-09-20,2026-09-23,2026-09-24
1112796,the-villa,Thé Villa,3.0,0.0,0,1272767,1272767,,43-12 Đường Vạn Hạnh,11.962619,108.44823,Nhận phòng [24 giờ]; Wi-Fi [miễn phí],Nhận phòng [24 giờ]; Wi-Fi [miễn phí],,https://www.ivivu.com/khach-san-da-lat/the-villa,iVIVU,2026-09-20,2026-09-23,2026-09-24
1112798,nam-mo-2-homestay-chi-nhanh-ngo-quyen,Nằm Mơ 2 Homestay - Chi Nhánh Ngô Quyền,2.0,0.0,0,589189,589189,,217/8 Hẻm Ng Quyền,11.957882,108.42627,Nhận phòng [24 giờ]; Wi-Fi [miễn phí]; Bãi đỗ xe [miễn phí],Nhận phòng [24 giờ]; Wi-Fi [miễn phí]; Bãi đỗ xe [miễn phí],,https://www.ivivu.com/khach-san-da-lat/nam-mo-2-homestay-chi-nhanh-ngo-quyen,iVIVU,2026-09-20,2026-09-23,2026-09-24
1112800,lumiere-villa-da-lat,Lumiere Villa Da Lat,3.5,0.0,0,627603,627603,,12/12 Đường Vạn Hạnh,11.961831,108.44396,,,,https://www.ivivu.com/khach-san-da-lat/lumiere-villa-da-lat,iVIVU,2026-09-20,2026-09-23,2026-09-24
1112801,gia-ha-house-r0-3-ban-cong-balcony,Gia Hạ House R0.3-Ban Công balcony,3.0,0.0,0,652088,652088,,"Nguyen Quy Planning Area, Ward 6",11.95845890045166,108.42404174804688,Nhận phòng [24 giờ]; Wi-Fi [miễn phí]; Bãi đỗ xe [miễn phí],Nhận phòng [24 giờ]; Wi-Fi [miễn phí]; Bãi đỗ xe [miễn phí],,https://www.ivivu.com/khach-san-da-lat/gia-ha-house-r0-3-ban-cong-balcony,iVIVU,2026-09-20,2026-09-23,2026-09-24
1112803,nomad-home-coffee,Nomad Home & Coffee,5.0,0.0,0,1347542,1347542,,Phường 7 Số 25/2 Hẻm 10 Xo Viet Nghe Tinh,11.975273,108.42342,,,,https://www.ivivu.com/khach-san-da-lat/nomad-home-coffee,iVIVU,2026-09-20,2026-09-23,2026-09-24
1112808,happy-home-da-lat-78677979,Happy Home Đà Lạt,2.0,0.0,0,395648,395648,,270 Hẻm X Viết Nghệ Tĩnh,11.9687805,108.43052,,,,https://www.ivivu.com/khach-san-da-lat/happy-home-da-lat-78677979,iVIVU,2026-09-20,2026-09-23,2026-09-24
1112810,trien-thong-an-nhien-da-lat-rung-trong-pho-62230100,Trien Thong An Nhien Đa Lat Rung Trong Pho,5.0,0.0,0,725626,725626,,27 Ankroet,11.977957,108.4092,Bãi đỗ xe [miễn phí],Bãi đỗ xe [miễn phí],,https://www.ivivu.com/khach-san-da-lat/trien-thong-an-nhien-da-lat-rung-trong-pho-62230100,iVIVU,2026-09-20,2026-09-23,2026-09-24
1112813,enjoy-apartment,Enjoy Apartment,2.0,0.0,0,711178,711178,,85 Đ. Cổ Loa,11.9537314,108.4337542,Bãi đỗ xe [miễn phí],Bãi đỗ xe [miễn phí],,https://www.ivivu.com/khach-san-da-lat/enjoy-apartment,iVIVU,2026-09-20,2026-09-23,2026-09-24
1112814,mia-house-dalat,Mia House Dalat,2.0,0.0,0,375588,375588,,233 Đường Hai Bà Trưng,11.948971,108.43274,,,,https://www.ivivu.com/khach-san-da-lat/mia-house-dalat,iVIVU,2026-09-20,2026-09-23,2026-09-24
1112829,bika-hostel-and-dorm,BIKA Hostel and Dorm,1.0,0.0,0,160346,160346,,48 Đ. Yết Ki u,11.9503346,108.4273918,Đưa đón sân bay; Bãi đỗ xe [miễn phí],Đưa đón sân bay; Bãi đỗ xe [miễn phí],,https://www.ivivu.com/khach-san-da-lat/bika-hostel-and-dorm,iVIVU,2026-09-20,2026-09-23,2026-09-24
1112831,homieow-inn,Homieow Inn,3.5,0.0,0,554184,554184,,270/10 Phan Đình Phùng,11.9538355,108.43361,Nhận phòng [24 giờ]; Wi-Fi [miễn phí],Nhận phòng [24 giờ]; Wi-Fi [miễn phí],,https://www.ivivu.com/khach-san-da-lat/homieow-inn,iVIVU,2026-09-20,2026-09-23,2026-09-24
1114099,quinn-homestay-lam-dong,Quinn Homestay Lâm Đồng,2.0,0.0,0,1245170,1245170,,Xa Bao Lam 3,11.418196,107.79166,Nhận phòng [24 giờ]; Wi-Fi [miễn phí],Nhận phòng [24 giờ]; Wi-Fi [miễn phí],,https://www.ivivu.com/khach-san-da-lat/quinn-homestay-lam-dong,iVIVU,2026-09-20,2026-09-23,2026-09-24
1114100,villa-nha-co-hai-cay-tung,Villa Nhà có hai cây Tùng,4.5,0.0,0,486324,486324,,57/35 Trần Quốc Toản,11.539145469665527,107.80965423583984,,,,https://www.ivivu.com/khach-san-da-lat/villa-nha-co-hai-cay-tung,iVIVU,2026-09-20,2026-09-23,2026-09-24
1114101,mandalastay-bao-loc-75780539,Mandalastay Bao Loc,3.5,0.0,0,949760,949760,,Đường Số 5,11.5759,107.77196,,,,https://www.ivivu.com/khach-san-da-lat/mandalastay-bao-loc-75780539,iVIVU,2026-09-20,2026-09-23,2026-09-24
1114102,khach-san-bao-loc-garden,Khách sạn Bảo Lộc Garden,3.0,0.0,0,386458,386458,,83-85 Nguyễn Thị Minh Khai,11.541496276855469,107.80646514892578,Nhận phòng [24 giờ]; Bãi đỗ xe [miễn phí],Nhận phòng [24 giờ]; Bãi đỗ xe [miễn phí],,https://www.ivivu.com/khach-san-da-lat/khach-san-bao-loc-garden,iVIVU,2026-09-20,2026-09-23,2026-09-24
1114106,anh-mai-hotel-lam-dong,Ánh Mai Hotel Lâm Đồng,2.0,0.0,0,426698,426698,,"L 54a khu quy hoạch H Giang, phường 1",11.55076,107.8162,Nhận phòng [24 giờ],Nhận phòng [24 giờ],,https://www.ivivu.com/khach-san-da-lat/anh-mai-hotel-lam-dong,iVIVU,2026-09-20,2026-09-23,2026-09-24
1114107,ho-may-homestay-bao-loc,Hồ Mây Homestay Bảo Lộc,2.0,0.0,0,969721,969721,,TT. Lộc Thắng,11.648342,107.82931,Nhận phòng [24 giờ]; Wi-Fi [miễn phí],Nhận phòng [24 giờ]; Wi-Fi [miễn phí],,https://www.ivivu.com/khach-san-da-lat/ho-may-homestay-bao-loc,iVIVU,2026-09-20,2026-09-23,2026-09-24
1114169,go-bungalow-homestay,Gỗ Bungalow & Homestay,5.0,0.0,0,1104360,1104360,,DT725,11.812321,108.33085,Wi-Fi [miễn phí]; Bãi đỗ xe [miễn phí]; Đưa đón sân bay,Wi-Fi [miễn phí]; Bãi đỗ xe [miễn phí]; Đưa đón sân bay,,https://www.ivivu.com/khach-san-da-lat/go-bungalow-homestay,iVIVU,2026-09-20,2026-09-23,2026-09-24
1114170,homestay-thac-lien-khuong-75225681,Homestay Thac Lien Khuong,3.0,0.0,0,615600,615600,,"23 Phu Dong Thien Vuong, Lien Khuong, Lien Nghia, Duc Trong, Lam Dong 23 Phu Dong Thien Vuong, Lien Khuong, Lien Nghia",11.74661,108.38058,Wi-Fi [miễn phí]; Đưa đón sân bay,Wi-Fi [miễn phí]; Đưa đón sân bay,,https://www.ivivu.com/khach-san-da-lat/homestay-thac-lien-khuong-75225681,iVIVU,2026-09-20,2026-09-23,2026-09-24
1114207,the-nest-da-lat,THE NEST ĐÀ LẠT,4.0,0.0,0,1239049,1239049,,"Thôn Măng Lin, Phường 7 Thành phố Đà Lạt",11.9787264,108.393524,,,,https://www.ivivu.com/khach-san-da-lat/the-nest-da-lat,iVIVU,2026-09-20,2026-09-23,2026-09-24
1157626,khach-san-cicilia-rouge-da-lat,Khách sạn Cicilia Rouge Đà Lạt,4.0,4.0,1,810000,810000,,"15 đường 3/4, Phường Xuân Hương Đà Lạt",11.9307629,108.4466508,Mới khai trương; Boutique cổ điển,Mới khai trương; Boutique cổ điển,Trung tâm TP Đà Lạt,https://www.ivivu.com/khach-san-da-lat/khach-san-cicilia-rouge-da-lat,iVIVU,2026-09-20,2026-09-23,2026-09-24
1157785,khach-san-navy-da-lat,Khách sạn Navy Đà Lạt,3.0,0.0,0,654500,654500,,"25 Đường Phù Đổng Thiên Vương, Lâm Viên - Đà Lạt",11.95530391,108.44226987,,,Trung tâm TP Đà Lạt,https://www.ivivu.com/khach-san-da-lat/khach-san-navy-da-lat,iVIVU,2026-09-20,2026-09-23,2026-09-24
1157802,khach-san-pine-pool-da-lat,Khách sạn Pine Pool Đà Lạt,3.0,0.0,0,761602,761602,,"Hẻm 65b Hoàng Hoa Thám, Phường Xuân Hương",11.933155,108.4688987,,,,https://www.ivivu.com/khach-san-da-lat/khach-san-pine-pool-da-lat,iVIVU,2026-09-20,2026-09-23,2026-09-24
